"Det dyrkede areal efter enhed, område, afgrøde og tid"

" "," "," ","2006","2007","2008","2009","2010","2011","2012","2013","2014","2015","2016","2017","2018","2019","2020","2021","2022","2023","2024","2025"
"Bedrifter (antal)"
" ","Region Hovedstaden"
" "," ","1.1 Hvede",1158,1033,1043,983,935,825,858,788,780,856,787,860,741,649,647,700,689,586,546,509
" "," ","1.2.2 Vårbyg",1109,1016,1091,972,882,998,1076,927,883,855,906,982,944,683,736,733,729,697,562,557
" "," ","1.3 Rug",214,176,170,224,231,151,222,250,201,354,198,192,142,199,201,229,182,182,201,172
" "," ","1.4 Havre",442,309,422,286,277,251,180,204,145,132,183,152,154,148,200,147,147,133,91,153
" "," ","1.6 Majs til modenhed",..,..,..,39,61,83,166,53,53,77,56,92,47,50,53,33,65,54,65,36
" "," ","3.1.2 Industrikartofler",..,..,..,..,..,..,..,..,7,..,..,..,..,..,6,10,..,..,..,..
" "," ","3.2 Sukkerroer til fabrik",..,..,..,..,..,..,..,..,..,..,..,..,..,..,..,8,5,..,..,..
" "," ","4.1 Raps",500,512,511,535,489,393,388,458,434,518,419,463,393,297,320,403,398,355,264,295
" "," ","7.2 Ærter til konsum",7,11,8,7,8,..,..,5,15,7,9,7,17,8,..,..,11,6,..,..
" "," ","7.3 Frugt og bær",115,90,100,97,80,69,52,72,73,89,92,81,48,89,109,114,140,152,144,160
" "," ","7.3.1 Æbler",71,40,66,48,32,24,34,29,36,27,42,40,22,31,52,62,54,61,68,69
" "," ","7.3.2 Pærer",17,19,23,8,8,16,6,5,7,5,6,8,..,6,9,6,10,8,7,7
" "," ","7.3.3 Jordbær",34,38,21,28,26,17,17,26,23,31,31,25,22,22,20,18,24,18,19,15
" "," ","7.3.4 Kirsebær",18,16,20,23,13,10,9,9,9,7,9,10,6,8,14,11,15,19,13,14
" "," ","7.3.5 Solbær",10,11,11,10,10,6,10,10,10,..,7,..,..,10,6,8,7,7,8,10
" "," ","7.3.6 Ribs",7,8,9,5,6,..,..,..,..,..,..,..,..,..,..,..,..,..,..,5
" "," ","9. Juletræer og pyntegrønt",170,154,181,181,184,177,163,167,204,160,183,167,273,161,140,119,167,201,140,123
" ","Landsdelene Byen København, Københavns omegn og Nordsjælland"
" "," ","1.1 Hvede",711,648,664,607,592,518,598,509,535,562,539,584,523,451,415,466,461,363,325,313
" "," ","1.2.2 Vårbyg",750,707,788,658,591,671,792,632,638,557,665,733,702,495,501,498,493,513,364,368
" "," ","1.3 Rug",191,158,161,214,223,141,214,225,172,324,162,160,113,172,178,202,163,161,152,144
" "," ","1.4 Havre",320,227,313,190,198,222,168,160,120,83,153,131,138,123,150,118,122,100,73,110
" "," ","1.6 Majs til modenhed",..,..,..,32,48,61,156,38,42,73,49,50,45,45,47,30,61,46,54,30
" "," ","3.1.2 Industrikartofler",..,..,..,..,..,..,..,..,7,..,..,..,..,..,5,10,..,..,..,..
" "," ","3.2 Sukkerroer til fabrik",..,..,..,..,..,..,..,..,..,..,..,..,..,..,..,8,5,..,..,..
" "," ","4.1 Raps",338,348,342,373,353,196,329,340,291,317,274,330,296,215,218,300,258,243,148,206
" "," ","7.2 Ærter til konsum",7,10,8,..,7,..,..,..,15,7,7,7,17,8,..,..,11,6,..,..
" "," ","7.3 Frugt og bær",98,77,83,77,69,59,49,67,68,85,88,73,39,69,90,92,114,113,114,127
" "," ","7.3.1 Æbler",61,35,60,40,27,18,30,26,32,24,38,37,19,27,45,53,46,50,58,60
" "," ","7.3.2 Pærer",15,16,19,6,6,14,..,..,..,5,6,8,..,6,9,6,10,8,7,7
" "," ","7.3.3 Jordbær",29,34,17,18,21,16,16,25,21,30,28,21,19,21,18,15,22,16,16,11
" "," ","7.3.4 Kirsebær",15,14,13,21,13,10,9,9,9,7,9,9,..,7,13,10,14,17,11,11
" "," ","7.3.5 Solbær",8,8,8,8,8,5,8,8,8,..,7,..,..,10,5,7,6,6,6,8
" "," ","7.3.6 Ribs",7,6,6,..,5,..,..,..,..,..,..,..,..,..,..,..,..,..,..,..
" "," ","9. Juletræer og pyntegrønt",147,125,153,155,159,159,126,135,181,143,155,110,247,133,118,95,145,172,114,103
" ","Landsdel Bornholm"
" "," ","1.1 Hvede",447,385,379,377,343,307,260,280,245,294,248,276,218,199,232,235,228,223,222,196
" "," ","1.2.2 Vårbyg",358,310,303,315,291,327,284,295,245,298,240,248,242,188,235,234,235,183,198,189
" "," ","1.3 Rug",23,17,8,9,8,10,8,25,29,30,36,31,29,27,23,27,18,21,49,28
" "," ","1.4 Havre",122,81,109,96,79,28,12,43,25,49,30,21,17,24,50,29,25,33,18,43
" "," ","1.6 Majs til modenhed",..,..,..,7,13,22,10,15,10,..,7,41,..,..,6,..,..,8,11,6
" "," ","3.1.2 Industrikartofler",..,..,..,..,..,..,..,..,..,..,..,..,..,..,..,..,..,..,..,..
" "," ","3.2 Sukkerroer til fabrik",..,..,..,..,..,..,..,..,..,..,..,..,..,..,..,..,..,..,..,..
" "," ","4.1 Raps",162,164,168,162,136,197,59,118,142,201,145,133,97,82,102,102,140,112,117,89
" "," ","7.2 Ærter til konsum",..,..,..,..,..,..,..,..,..,..,..,..,..,..,..,..,..,..,..,..
" "," ","7.3 Frugt og bær",16,13,16,19,11,10,..,5,5,..,..,7,9,20,19,22,26,39,30,33
" "," ","7.3.1 Æbler",10,5,6,8,5,6,..,..,..,..,..,..,..,..,7,8,8,11,10,9
" "," ","7.3.2 Pærer",..,..,..,..,..,..,..,..,..,..,..,..,..,..,..,..,..,..,..,..
" "," ","7.3.3 Jordbær",..,..,..,11,5,..,..,..,..,..,..,..,..,..,..,..,..,..,..,..
" "," ","7.3.4 Kirsebær",..,..,7,..,..,..,..,..,..,..,..,..,..,..,..,..,..,..,..,..
" "," ","7.3.5 Solbær",..,..,..,..,..,..,..,..,..,..,..,..,..,..,..,..,..,..,..,..
" "," ","7.3.6 Ribs",..,..,..,..,..,..,..,..,..,..,..,..,..,..,..,..,..,..,..,..
" "," ","9. Juletræer og pyntegrønt",23,29,28,25,25,17,37,32,23,18,28,57,26,28,22,24,22,29,25,20
" ","Region Sjælland"
" "," ","1.1 Hvede",5189,4873,4382,4500,4162,4032,3745,3495,3654,3642,3555,3203,2891,2999,2789,2859,2597,2647,2480,2208
" "," ","1.2.2 Vårbyg",5484,4855,5250,4759,4330,4501,4180,4066,3687,3739,3819,3660,4075,3177,3098,2998,2886,2814,2515,2326
" "," ","1.3 Rug",147,171,135,182,207,138,203,354,254,322,297,316,266,349,358,326,333,311,377,321
" "," ","1.4 Havre",730,636,723,757,507,518,413,364,318,337,375,440,482,319,383,287,264,232,234,298
" "," ","1.6 Majs til modenhed",..,..,..,315,490,497,434,390,372,396,370,365,555,415,468,431,512,423,354,309
" "," ","3.1.2 Industrikartofler",..,..,..,..,..,..,..,..,..,5,..,..,..,..,8,17,..,..,..,7
" "," ","3.2 Sukkerroer til fabrik",2336,2014,1795,1544,1440,1453,1583,1322,1265,1033,1108,901,980,746,769,823,726,698,621,600
" "," ","4.1 Raps",1796,2333,1809,1862,1858,1253,1334,1830,1809,1911,1684,1729,1583,1498,1405,1503,1628,1643,1390,1219
" "," ","7.2 Ærter til konsum",185,160,151,180,110,108,97,88,83,86,112,116,86,103,75,100,56,12,6,10
" "," ","7.3 Frugt og bær",420,458,368,337,369,297,294,287,285,361,296,331,275,286,278,247,281,285,255,299
" "," ","7.3.1 Æbler",140,178,143,125,145,95,123,111,92,138,117,142,97,114,123,127,127,128,119,131
" "," ","7.3.2 Pærer",73,94,62,47,49,32,36,34,38,38,38,36,27,43,35,35,42,33,26,26
" "," ","7.3.3 Jordbær",143,132,113,91,90,95,92,71,105,77,72,85,99,59,55,47,50,50,36,38
" "," ","7.3.4 Kirsebær",127,125,92,90,100,77,85,84,71,59,59,58,40,50,47,41,48,32,31,37
" "," ","7.3.5 Solbær",66,59,59,63,53,48,53,42,34,18,27,30,18,25,21,19,29,13,9,11
" "," ","7.3.6 Ribs",41,40,24,25,22,21,16,25,21,20,17,17,13,11,14,10,9,13,..,6
" "," ","9. Juletræer og pyntegrønt",487,519,501,558,533,458,651,536,545,452,483,488,434,347,367,400,327,398,321,311
" ","Region Syddanmark"
" "," ","1.1 Hvede",6093,5670,5236,5227,5175,4978,4710,3771,4338,3994,3950,3872,3132,3723,3185,3377,3073,2901,2878,2576
" "," ","1.2.2 Vårbyg",8056,6869,7277,6263,6106,6167,6497,5837,5556,5527,5713,5317,5272,5029,4880,4639,4457,4141,4095,3578
" "," ","1.3 Rug",655,672,498,645,795,852,751,1135,1427,1999,1507,1515,1228,1769,1543,1413,1389,1419,1388,1187
" "," ","1.4 Havre",1853,1471,1849,1410,1246,1194,1231,1215,1003,1374,1512,1404,1732,1354,1489,1534,1403,1232,1068,1521
" "," ","1.6 Majs til modenhed",..,..,..,219,301,258,236,281,210,205,180,206,232,216,237,210,194,215,229,156
" "," ","3.1.2 Industrikartofler",240,264,237,225,211,216,257,220,262,215,216,211,158,261,244,236,192,225,199,227
" "," ","3.2 Sukkerroer til fabrik",1233,662,48,31,26,32,22,18,15,17,10,14,28,7,16,16,12,10,17,12
" "," ","4.1 Raps",2650,3221,2906,2438,2325,2349,1557,2265,1870,2325,2024,1898,1575,1573,1460,1441,1632,1711,1525,1185
" "," ","7.2 Ærter til konsum",29,45,56,51,48,35,57,33,24,22,24,32,27,34,38,34,56,44,33,40
" "," ","7.3 Frugt og bær",496,464,511,427,438,400,452,468,478,329,367,403,368,333,369,352,377,385,391,407
" "," ","7.3.1 Æbler",158,165,195,163,169,139,172,165,146,150,169,176,145,140,152,156,156,168,163,163
" "," ","7.3.2 Pærer",103,127,121,79,72,60,96,65,62,56,65,61,60,51,52,51,44,49,43,43
" "," ","7.3.3 Jordbær",197,180,178,146,131,109,147,123,229,71,110,114,118,92,97,88,88,84,85,82
" "," ","7.3.4 Kirsebær",142,139,134,108,103,84,75,106,70,60,56,55,51,57,53,42,61,43,48,42
" "," ","7.3.5 Solbær",82,76,71,72,77,80,93,61,95,30,38,28,32,19,25,20,20,22,19,21
" "," ","7.3.6 Ribs",53,58,52,35,31,31,30,21,21,17,19,21,36,16,15,11,12,9,12,10
" "," ","9. Juletræer og pyntegrønt",919,786,828,780,965,957,887,834,1058,960,930,882,943,785,739,730,614,714,583,610
" ","Landsdel Fyn"
" "," ","1.1 Hvede",2367,2264,2019,2068,2000,2082,2092,1718,1811,1723,1504,1812,1432,1475,1293,1351,1211,1159,1205,1073
" "," ","1.2.2 Vårbyg",2546,2117,2261,1829,1845,1947,2069,1794,1720,1703,1615,1859,1628,1520,1460,1350,1318,1273,1268,1133
" "," ","1.3 Rug",121,153,78,158,167,201,85,346,300,277,269,330,202,350,357,361,317,286,335,287
" "," ","1.4 Havre",403,292,306,231,264,240,334,243,192,173,235,204,321,237,283,341,220,256,199,262
" "," ","1.6 Majs til modenhed",..,..,..,63,177,129,135,136,115,142,123,160,165,160,170,144,126,146,135,87
" "," ","3.1.2 Industrikartofler",13,11,11,6,8,7,6,..,8,..,6,..,..,..,10,11,7,7,8,7
" "," ","3.2 Sukkerroer til fabrik",1083,637,48,28,25,27,7,17,15,17,10,14,28,7,16,14,11,9,14,12
" "," ","4.1 Raps",1031,1294,1191,1086,1061,1183,698,1170,930,1131,817,915,728,712,662,616,725,717,668,586
" "," ","7.2 Ærter til konsum",18,29,35,36,32,20,32,26,17,17,17,24,23,22,20,13,37,30,19,24
" "," ","7.3 Frugt og bær",342,333,361,304,316,289,272,305,315,209,240,273,241,219,229,211,233,231,229,239
" "," ","7.3.1 Æbler",135,138,158,133,140,105,117,135,119,110,135,147,115,109,115,120,112,127,118,114
" "," ","7.3.2 Pærer",88,111,96,71,66,54,88,60,56,51,59,55,55,44,44,41,38,41,34,36
" "," ","7.3.3 Jordbær",98,105,88,77,73,57,66,63,130,39,56,46,72,44,45,36,45,40,33,34
" "," ","7.3.4 Kirsebær",124,126,126,84,92,79,71,93,67,56,47,47,37,44,42,34,52,35,40,35
" "," ","7.3.5 Solbær",54,51,48,46,51,55,51,45,59,11,18,17,24,11,11,7,8,7,7,8
" "," ","7.3.6 Ribs",39,48,43,30,26,27,26,18,18,14,14,16,14,13,10,5,..,..,7,6
" "," ","9. Juletræer og pyntegrønt",338,313,314,246,351,414,190,353,349,380,301,255,340,256,247,276,186,245,180,196
" ","Landsdel Sydjylland"
" "," ","1.1 Hvede",3726,3406,3217,3159,3175,2895,2618,2053,2527,2270,2446,2059,1700,2248,1892,2025,1861,1742,1673,1503
" "," ","1.2.2 Vårbyg",5510,4752,5015,4434,4261,4220,4427,4043,3836,3824,4098,3458,3644,3509,3420,3289,3139,2869,2827,2445
" "," ","1.3 Rug",534,519,420,487,628,651,666,788,1126,1722,1238,1184,1026,1419,1186,1052,1073,1133,1053,900
" "," ","1.4 Havre",1450,1179,1543,1179,982,954,897,972,811,1201,1277,1201,1411,1117,1206,1192,1183,977,870,1259
" "," ","1.6 Majs til modenhed",..,..,..,156,124,129,100,144,95,62,57,47,66,57,67,67,68,69,94,69
" "," ","3.1.2 Industrikartofler",227,253,225,219,203,208,251,216,254,214,210,208,157,258,234,225,185,218,192,220
" "," ","3.2 Sukkerroer til fabrik",150,25,..,..,..,..,15,..,..,..,..,..,..,..,..,..,..,..,..,..
" "," ","4.1 Raps",1619,1927,1714,1352,1264,1166,859,1095,940,1195,1207,983,847,860,798,824,907,994,857,599
" "," ","7.2 Ærter til konsum",11,16,21,15,16,16,25,7,8,5,6,8,..,12,18,21,19,15,13,16
" "," ","7.3 Frugt og bær",154,131,150,123,122,111,181,163,164,120,126,130,126,114,140,140,144,154,162,168
" "," ","7.3.1 Æbler",24,27,37,30,29,33,55,30,27,40,33,29,30,32,37,36,44,42,44,49
" "," ","7.3.2 Pærer",15,16,26,8,6,5,8,5,6,5,7,6,5,6,8,10,7,8,9,7
" "," ","7.3.3 Jordbær",100,75,90,70,58,51,81,60,99,32,55,68,46,48,52,52,43,44,52,48
" "," ","7.3.4 Kirsebær",18,13,7,24,11,..,..,13,..,..,9,8,14,12,11,7,9,8,9,7
" "," ","7.3.5 Solbær",28,26,22,26,26,25,42,16,36,18,20,11,8,8,14,13,12,15,12,13
" "," ","7.3.6 Ribs",14,10,9,5,5,..,..,..,..,..,..,..,22,..,5,6,7,..,..,..
" "," ","9. Juletræer og pyntegrønt",581,473,514,534,614,543,697,481,708,580,629,626,603,529,492,454,428,469,403,414
" ","Region Midtjylland"
" "," ","1.1 Hvede",6401,6150,5844,5723,5695,5289,4744,3928,4708,4255,4361,4229,3614,3940,3404,3314,3382,3298,2721,2649
" "," ","1.2.2 Vårbyg",9474,8131,8307,7573,7043,7270,7121,7278,6822,6733,6780,6475,6190,5544,5430,4923,5077,4807,4184,3993
" "," ","1.3 Rug",777,781,748,964,1054,1108,1090,1622,1990,2518,2101,2208,1852,2418,1941,1731,1987,1722,1645,1546
" "," ","1.4 Havre",2272,1899,2157,1786,1415,1451,1358,1482,905,1083,1554,1479,1652,1281,1394,1417,1392,1159,987,1416
" "," ","1.6 Majs til modenhed",..,..,..,94,143,150,121,131,195,71,118,96,139,137,118,123,116,104,89,96
" "," ","3.1.2 Industrikartofler",478,404,405,391,346,396,437,326,323,248,326,340,356,317,378,341,339,348,314,360
" "," ","3.2 Sukkerroer til fabrik",19,5,11,7,..,..,..,..,..,..,..,..,..,..,..,..,..,..,..,..
" "," ","4.1 Raps",2598,3031,3026,2575,2296,2005,1759,1962,1877,2150,2005,1742,1659,1917,1490,1639,1839,1951,1577,1370
" "," ","7.2 Ærter til konsum",31,25,20,29,28,26,26,22,16,17,23,65,21,19,17,13,24,28,14,25
" "," ","7.3 Frugt og bær",278,235,266,197,224,221,162,303,225,194,264,176,184,197,220,225,227,252,297,307
" "," ","7.3.1 Æbler",78,64,87,64,71,59,64,102,79,89,100,61,94,91,94,88,101,107,132,109
" "," ","7.3.2 Pærer",37,38,41,19,19,13,24,18,12,18,17,16,13,15,18,15,15,15,18,17
" "," ","7.3.3 Jordbær",172,129,140,83,95,87,78,81,79,65,73,59,47,56,58,59,60,48,51,64
" "," ","7.3.4 Kirsebær",22,23,31,24,14,8,9,13,9,16,24,9,13,15,13,10,8,10,15,13
" "," ","7.3.5 Solbær",55,42,46,47,38,35,32,76,42,10,35,20,20,15,30,28,31,29,38,29
" "," ","7.3.6 Ribs",19,11,13,8,5,..,..,..,..,..,7,5,7,7,10,7,14,14,16,13
" "," ","9. Juletræer og pyntegrønt",1159,1097,1023,1214,1226,1002,1287,1273,1206,1399,1255,1167,1131,1031,982,933,974,813,790,847
" ","Landsdel Østjylland"
" "," ","1.1 Hvede",3492,3432,3333,3085,3156,3145,2674,2521,2893,2132,2468,2539,2153,2328,2020,1941,1953,1929,1586,1547
" "," ","1.2.2 Vårbyg",4158,3536,3625,3381,3074,3291,3024,3337,3276,2790,3050,2996,3027,2637,2547,2257,2345,2219,1916,1875
" "," ","1.3 Rug",315,367,342,409,489,435,383,756,887,897,758,809,676,882,800,703,803,750,743,713
" "," ","1.4 Havre",1054,806,818,712,591,621,575,746,368,337,491,606,630,520,557,560,599,496,372,591
" "," ","1.6 Majs til modenhed",..,..,..,53,80,69,72,88,126,42,78,50,112,79,71,68,60,59,37,43
" "," ","3.1.2 Industrikartofler",22,24,31,20,17,22,36,18,21,25,21,24,27,32,49,47,50,48,47,55
" "," ","3.2 Sukkerroer til fabrik",13,..,..,..,..,..,..,..,..,..,..,..,..,..,..,..,..,..,..,..
" "," ","4.1 Raps",1548,1774,1785,1550,1434,1271,1161,1252,1295,1356,1318,1184,967,1097,943,1031,1160,1176,944,883
" "," ","7.2 Ærter til konsum",20,16,15,20,15,14,15,12,11,9,15,14,13,12,11,7,13,18,7,13
" "," ","7.3 Frugt og bær",193,154,184,135,152,153,117,210,177,137,167,112,127,136,150,154,133,152,193,194
" "," ","7.3.1 Æbler",65,47,73,42,48,39,50,61,59,61,70,40,69,70,66,60,58,61,89,73
" "," ","7.3.2 Pærer",26,31,32,11,12,9,18,10,9,12,12,12,9,9,12,10,10,10,9,8
" "," ","7.3.3 Jordbær",115,68,68,46,50,45,44,42,46,33,30,27,22,26,32,34,32,24,23,32
" "," ","7.3.4 Kirsebær",21,18,28,17,11,5,5,9,6,13,21,..,9,11,10,6,5,7,12,9
" "," ","7.3.5 Solbær",44,37,42,40,35,32,28,67,41,7,18,15,14,10,19,19,18,18,28,14
" "," ","7.3.6 Ribs",15,6,12,..,..,..,..,..,..,..,7,5,7,7,9,6,10,10,12,9
" "," ","9. Juletræer og pyntegrønt",719,702,588,750,724,553,670,760,796,565,649,678,599,589,555,538,516,454,466,472
" ","Landsdel Vestjylland"
" "," ","1.1 Hvede",2909,2718,2511,2638,2539,2144,2071,1407,1815,2122,1892,1690,1462,1612,1384,1374,1429,1369,1135,1102
" "," ","1.2.2 Vårbyg",5316,4596,4683,4192,3969,3978,4097,3941,3547,3943,3730,3479,3163,2907,2883,2666,2732,2588,2268,2118
" "," ","1.3 Rug",463,414,406,555,565,673,707,866,1103,1621,1343,1399,1176,1536,1141,1028,1184,972,902,833
" "," ","1.4 Havre",1219,1093,1339,1074,824,831,783,736,537,746,1063,873,1023,761,837,857,793,663,615,825
" "," ","1.6 Majs til modenhed",..,..,..,40,63,81,49,43,70,28,39,45,28,58,47,55,56,46,52,53
" "," ","3.1.2 Industrikartofler",456,380,373,371,329,374,402,308,303,223,305,316,329,285,329,294,289,299,267,305
" "," ","3.2 Sukkerroer til fabrik",6,..,11,..,..,..,..,..,..,..,..,..,..,..,..,..,..,..,..,..
" "," ","4.1 Raps",1050,1257,1241,1025,862,733,598,710,582,794,687,559,692,820,547,608,679,775,634,487
" "," ","7.2 Ærter til konsum",11,8,5,9,13,12,11,10,5,8,8,51,8,7,6,6,11,10,7,12
" "," ","7.3 Frugt og bær",84,81,81,62,72,69,45,94,48,57,98,64,57,61,70,71,94,100,104,113
" "," ","7.3.1 Æbler",13,18,14,22,23,20,14,42,20,28,31,21,24,21,28,28,43,46,44,36
" "," ","7.3.2 Pærer",12,7,9,8,7,..,6,9,..,6,5,..,..,6,6,5,..,..,9,9
" "," ","7.3.3 Jordbær",57,61,72,37,45,42,33,40,33,32,43,32,25,30,26,26,27,23,28,32
" "," ","7.3.4 Kirsebær",..,5,..,7,..,..,..,..,..,..,..,..,..,..,..,..,..,..,..,..
" "," ","7.3.5 Solbær",11,..,..,7,..,..,..,10,..,..,17,..,7,..,11,9,13,10,11,15
" "," ","7.3.6 Ribs",..,5,..,..,..,..,..,..,..,..,..,..,..,..,..,..,..,..,..,..
" "," ","9. Juletræer og pyntegrønt",440,395,435,464,502,449,617,514,410,834,606,489,532,441,427,396,458,359,324,375
" ","Region Nordjylland"
" "," ","1.1 Hvede",4480,3871,3870,3747,3557,3259,2824,2631,2726,2476,2755,2560,2210,2346,2002,2251,2054,2025,1796,1553
" "," ","1.2.2 Vårbyg",5343,4586,4754,4114,4088,4207,3938,4218,3989,3541,4023,3699,3542,3467,3245,3237,3074,2881,2584,2351
" "," ","1.3 Rug",901,706,594,918,882,1079,902,1325,1404,1664,1390,1145,1254,1523,1334,1281,1287,1303,1225,1182
" "," ","1.4 Havre",1911,1723,1877,1516,1229,1109,1283,1310,938,1108,1253,1340,1348,1016,1128,998,974,959,641,1036
" "," ","1.6 Majs til modenhed",..,..,..,42,44,35,108,17,21,59,33,20,13,17,32,29,41,17,40,33
" "," ","3.1.2 Industrikartofler",160,145,161,126,125,122,152,126,139,98,123,112,160,133,174,190,195,172,187,191
" "," ","3.2 Sukkerroer til fabrik",..,..,5,8,..,..,..,..,..,..,..,..,..,..,..,..,..,..,..,..
" "," ","4.1 Raps",1582,1719,1945,1379,1301,1141,1154,1181,1027,1300,1275,1033,912,1131,788,1050,1076,1224,1057,828
" "," ","7.2 Ærter til konsum",..,11,5,10,9,7,5,10,6,12,10,10,..,6,9,6,8,12,10,8
" "," ","7.3 Frugt og bær",97,116,113,118,94,66,45,101,56,74,113,81,87,88,95,107,122,121,101,115
" "," ","7.3.1 Æbler",17,31,31,56,25,18,11,14,16,13,27,35,12,32,32,34,34,32,34,37
" "," ","7.3.2 Pærer",11,21,13,6,6,6,6,6,6,7,6,7,..,5,5,..,..,6,..,..
" "," ","7.3.3 Jordbær",61,65,48,43,46,33,23,35,20,29,40,22,60,28,28,18,41,24,22,24
" "," ","7.3.4 Kirsebær",7,10,12,9,6,..,..,..,7,..,11,..,..,..,..,..,..,..,..,..
" "," ","7.3.5 Solbær",16,22,18,10,14,12,7,13,8,..,5,5,..,..,5,11,12,8,15,9
" "," ","7.3.6 Ribs",5,7,6,..,..,..,..,..,..,..,..,..,..,..,..,..,..,..,5,..
" "," ","9. Juletræer og pyntegrønt",560,538,497,581,525,477,517,526,486,483,482,472,554,426,396,352,344,359,338,330
"Hektar"
" ","Region Hovedstaden"
" "," ","1.1 Hvede",32734,28758,26882,29591,30883,31762,32946,26993,31715,29394,27428,28367,26298,25015,24174,26208,24525,23798,22904,21062
" "," ","1.2.2 Vårbyg",12692,11651,14679,11826,10706,16021,22150,15801,16673,14892,17844,17343,24175,16836,17688,16582,17401,14187,11828,15000
" "," ","1.3 Rug",3547,2633,2728,3604,4097,2614,3815,4893,4316,6542,3197,3293,3113,3874,4129,4729,3829,3867,4499,4387
" "," ","1.4 Havre",3642,2695,4500,2293,2374,2227,1646,1980,1012,1215,1570,1783,1760,1699,3231,1667,1217,1316,1352,2275
" "," ","1.6 Majs til modenhed",..,..,..,90,210,272,436,202,211,90,116,411,158,98,84,32,151,151,115,103
" "," ","3.1.2 Industrikartofler",..,..,..,..,..,..,..,..,487,..,..,..,..,..,71,49,..,..,..,..
" "," ","3.2 Sukkerroer til fabrik",..,..,..,..,..,..,..,..,..,..,..,..,..,..,..,234,109,..,..,..
" "," ","4.1 Raps",6703,8536,6964,8429,8582,5731,6669,8956,8503,10925,8191,10243,8631,7317,7552,9220,9876,10300,6424,7700
" "," ","7.2 Ærter til konsum",28,76,103,30,51,..,..,26,44,16,32,31,133,73,..,..,25,13,..,..
" "," ","7.3 Frugt og bær",436,399,416,358,307,312,279,256,269,229,352,287,216,246,305,305,366,359,339,339
" "," ","7.3.1 Æbler",119,113,128,87,65,70,91,62,72,68,137,99,72,89,103,121,116,120,137,122
" "," ","7.3.2 Pærer",33,20,30,21,19,31,16,16,17,18,12,16,..,14,16,8,15,12,10,10
" "," ","7.3.3 Jordbær",52,54,42,48,49,42,60,60,66,74,85,67,67,61,68,66,68,37,31,28
" "," ","7.3.4 Kirsebær",88,85,82,81,47,47,43,31,35,26,5,5,4,7,14,9,12,22,8,7
" "," ","7.3.5 Solbær",88,86,87,91,92,84,38,40,39,..,22,..,..,19,22,10,9,11,7,6
" "," ","7.3.6 Ribs",27,19,19,16,13,..,..,..,..,..,..,..,..,..,..,..,..,..,..,14
" "," ","9. Juletræer og pyntegrønt",340,370,512,382,468,264,581,552,660,546,656,297,403,370,421,248,663,607,439,296
" ","Landsdelene Byen København, Københavns omegn og Nordsjælland"
" "," ","1.1 Hvede",17826,14522,13185,14566,15566,15670,18922,13315,17973,16849,14694,17481,14351,13477,12461,13925,13289,11908,10294,10167
" "," ","1.2.2 Vårbyg",8490,7661,10702,7544,6615,10082,15397,9918,11779,9295,12048,12185,15769,11377,10695,9468,10963,9425,6304,8180
" "," ","1.3 Rug",3328,2426,2594,3459,4017,2496,3571,4607,3849,5975,2519,3026,2598,3351,3754,4286,3512,3477,3642,3870
" "," ","1.4 Havre",2756,2153,3719,1687,1835,2035,1537,1708,845,1009,1380,1484,1514,1469,2500,1338,1107,1195,1073,1574
" "," ","1.6 Majs til modenhed",..,..,..,67,120,118,206,73,62,86,95,58,156,58,76,31,78,146,108,99
" "," ","3.1.2 Industrikartofler",..,..,..,..,..,..,..,..,487,..,..,..,..,..,30,49,..,..,..,..
" "," ","3.2 Sukkerroer til fabrik",..,..,..,..,..,..,..,..,..,..,..,..,..,..,..,234,109,..,..,..
" "," ","4.1 Raps",4707,6369,4396,6035,6528,3379,5671,6825,6078,7371,5122,7354,6131,5108,4996,6507,6389,6994,3079,4890
" "," ","7.2 Ærter til konsum",28,76,103,..,51,..,..,..,44,16,31,31,133,73,..,..,25,13,..,..
" "," ","7.3 Frugt og bær",421,382,392,339,293,297,271,251,260,220,344,269,195,215,265,257,317,301,279,286
" "," ","7.3.1 Æbler",115,105,117,78,60,65,88,59,68,62,133,92,66,81,91,103,101,100,111,104
" "," ","7.3.2 Pærer",32,19,29,20,19,30,..,..,..,18,12,16,..,14,16,8,15,12,10,10
" "," ","7.3.3 Jordbær",49,51,39,44,47,41,59,59,65,74,84,67,66,61,68,65,67,37,30,27
" "," ","7.3.4 Kirsebær",87,85,78,81,47,47,43,31,35,26,5,5,..,7,13,8,11,21,6,6
" "," ","7.3.5 Solbær",86,85,86,90,91,83,37,40,38,..,22,..,..,18,20,8,7,9,4,4
" "," ","7.3.6 Ribs",27,19,18,..,13,..,..,..,..,..,..,..,..,..,..,..,..,..,..,..
" "," ","9. Juletræer og pyntegrønt",250,284,434,314,402,223,321,443,487,514,560,239,373,260,334,145,357,528,348,245
" ","Landsdel Bornholm"
" "," ","1.1 Hvede",14908,14236,13697,15025,15316,16092,14024,13678,13742,12545,12734,10886,11948,11538,11712,12283,11236,11890,12611,10896
" "," ","1.2.2 Vårbyg",4202,3991,3978,4282,4091,5939,6753,5883,4894,5597,5795,5158,8406,5459,6993,7114,6438,4761,5524,6821
" "," ","1.3 Rug",220,207,134,145,80,118,245,286,467,567,677,268,514,523,375,444,317,391,857,518
" "," ","1.4 Havre",887,541,781,606,538,192,109,272,167,206,190,299,246,230,731,328,110,121,279,701
" "," ","1.6 Majs til modenhed",..,..,..,24,90,153,231,129,148,..,21,353,..,..,8,..,..,5,6,4
" "," ","3.1.2 Industrikartofler",..,..,..,..,..,..,..,..,..,..,..,..,..,..,..,..,..,..,..,..
" "," ","3.2 Sukkerroer til fabrik",..,..,..,..,..,..,..,..,..,..,..,..,..,..,..,..,..,..,..,..
" "," ","4.1 Raps",1996,2167,2567,2394,2054,2353,999,2131,2425,3554,3068,2889,2500,2209,2556,2714,3487,3306,3345,2809
" "," ","7.2 Ærter til konsum",..,..,..,..,..,..,..,..,..,..,..,..,..,..,..,..,..,..,..,..
" "," ","7.3 Frugt og bær",15,17,23,20,14,15,..,6,8,..,..,17,21,30,39,47,49,58,60,54
" "," ","7.3.1 Æbler",4,8,10,9,5,5,..,..,..,..,..,..,..,..,12,18,15,20,26,18
" "," ","7.3.2 Pærer",..,..,..,..,..,..,..,..,..,..,..,..,..,..,..,..,..,..,..,..
" "," ","7.3.3 Jordbær",..,..,..,4,3,..,..,..,..,..,..,..,..,..,..,..,..,..,..,..
" "," ","7.3.4 Kirsebær",..,..,4,..,..,..,..,..,..,..,..,..,..,..,..,..,..,..,..,..
" "," ","7.3.5 Solbær",..,..,..,..,..,..,..,..,..,..,..,..,..,..,..,..,..,..,..,..
" "," ","7.3.6 Ribs",..,..,..,..,..,..,..,..,..,..,..,..,..,..,..,..,..,..,..,..
" "," ","9. Juletræer og pyntegrønt",90,85,78,68,67,41,260,109,173,32,96,57,30,109,86,103,306,79,91,51
" ","Region Sjælland"
" "," ","1.1 Hvede",159239,156788,141272,153942,163383,169965,140099,142128,155904,150486,148266,137036,102416,142106,128350,141942,122725,128413,134302,132744
" "," ","1.2.2 Vårbyg",103385,95005,143440,100846,97731,110565,139010,113510,104877,126732,123791,115897,169620,116785,116370,102335,104711,104833,101919,101869
" "," ","1.3 Rug",2171,2873,2679,3968,4816,4217,5736,8435,7317,7135,5377,7414,5147,10180,9067,8007,8520,8575,9523,8770
" "," ","1.4 Havre",4238,3704,4886,3944,2924,3531,4062,2815,2278,1754,2832,3695,5422,3467,7040,4580,3537,4175,3183,6516
" "," ","1.6 Majs til modenhed",..,..,..,952,1391,1611,1567,1207,1337,807,854,707,959,987,871,942,1323,993,1275,1396
" "," ","3.1.2 Industrikartofler",..,..,..,..,..,..,..,..,..,49,..,..,..,..,162,191,..,..,..,105
" "," ","3.2 Sukkerroer til fabrik",31008,32627,35695,37139,38571,39290,42363,38084,35272,24491,33968,32259,38419,28971,32152,32142,30245,30193,32587,30482
" "," ","4.1 Raps",25941,40562,29924,33916,38925,27921,24558,45458,44668,47715,39370,45585,37085,38402,38639,43254,51941,54052,45732,43124
" "," ","7.2 Ærter til konsum",2704,2434,3022,3415,2159,2434,2138,1892,1722,2001,2459,2427,1899,2417,2281,2609,2010,58,7,8
" "," ","7.3 Frugt og bær",2884,3218,2870,2885,2846,2517,2884,2531,2427,2018,2107,2045,1866,1735,1661,1734,1624,1566,1377,1377
" "," ","7.3.1 Æbler",473,604,570,579,562,486,613,493,458,438,397,434,479,441,448,473,450,459,483,451
" "," ","7.3.2 Pærer",140,170,135,117,125,108,108,103,99,104,103,113,111,126,114,144,118,118,108,104
" "," ","7.3.3 Jordbær",356,354,352,340,369,380,389,355,423,453,392,473,462,367,381,336,316,278,218,186
" "," ","7.3.4 Kirsebær",1214,1267,971,1091,1051,811,852,869,801,601,691,569,388,346,306,367,277,225,150,209
" "," ","7.3.5 Solbær",440,517,605,461,472,475,577,445,342,165,233,175,133,181,133,144,161,127,80,57
" "," ","7.3.6 Ribs",198,215,108,143,88,86,83,85,71,62,67,82,99,75,76,79,75,59,..,34
" "," ","9. Juletræer og pyntegrønt",2787,2659,3607,2764,2697,2602,3809,3148,3277,2464,2696,2763,2226,2175,2969,2692,2791,2696,3400,2165
" ","Region Syddanmark"
" "," ","1.1 Hvede",188311,190791,181212,206552,211564,204067,170266,149703,176719,167525,157387,167568,115027,158303,136325,149846,132321,134267,138188,129169
" "," ","1.2.2 Vårbyg",151695,128291,172555,127644,116585,125413,179789,153330,130616,148352,162951,151538,189204,131437,154390,152356,156097,141269,152461,137506
" "," ","1.3 Rug",7625,7692,7195,9019,12163,13457,10691,20665,27386,33723,28171,30842,22963,37419,30725,28311,28605,29244,29538,25047
" "," ","1.4 Havre",16655,14213,21051,14225,11613,11920,14022,16291,11963,13161,16553,19027,28023,17747,25301,23887,23015,20764,19268,32281
" "," ","1.6 Majs til modenhed",..,..,..,4634,4624,4764,7300,6998,4906,3587,2917,2297,2452,2187,2839,2867,3761,2955,4274,3947
" "," ","3.1.2 Industrikartofler",4719,5018,4427,4593,4012,4559,5680,4864,5501,6628,7351,7663,7214,10426,11857,10548,10627,12466,13123,16197
" "," ","3.2 Sukkerroer til fabrik",10427,6628,454,438,447,604,468,453,476,452,548,855,950,701,913,1028,840,819,1139,637
" "," ","4.1 Raps",35683,55615,48927,46158,48235,50950,31378,52458,46388,53223,46192,51109,37809,40277,39323,39488,47929,52653,50772,38375
" "," ","7.2 Ærter til konsum",63,176,428,218,364,404,606,228,692,656,687,796,1003,1182,846,594,562,667,760,942
" "," ","7.3 Frugt og bær",3327,3468,3712,3215,3385,3557,3297,3239,3709,3238,2661,2417,2641,2330,2243,2029,1985,2079,2047,1840
" "," ","7.3.1 Æbler",827,858,852,829,819,785,796,792,778,781,761,754,970,784,745,737,751,684,694,644
" "," ","7.3.2 Pærer",194,230,233,199,180,170,181,148,164,161,172,173,152,141,138,130,133,156,116,128
" "," ","7.3.3 Jordbær",376,348,419,293,368,394,431,362,607,345,368,396,358,387,343,315,328,335,249,236
" "," ","7.3.4 Kirsebær",805,788,868,650,627,599,493,465,466,418,337,285,239,300,300,281,180,227,227,198
" "," ","7.3.5 Solbær",783,798,867,806,883,1016,846,897,921,881,416,304,251,190,209,94,93,94,70,87
" "," ","7.3.6 Ribs",216,261,263,211,203,236,208,153,164,97,158,154,253,127,81,31,30,20,22,13
" "," ","9. Juletræer og pyntegrønt",4156,3743,5120,3787,5419,4512,4907,4733,6737,6199,6127,5299,7331,6398,7696,7466,7643,8172,6754,5817
" ","Landsdel Fyn"
" "," ","1.1 Hvede",77902,77767,74777,85370,87286,86550,76096,69214,83844,77643,69774,76530,58767,69690,61271,65607,58803,59382,65380,61467
" "," ","1.2.2 Vårbyg",39722,33072,50874,31384,30227,31909,53893,34762,34367,34963,40902,41412,52706,35065,45260,42965,48281,41702,43784,41795
" "," ","1.3 Rug",1366,1817,1053,2514,2753,2961,1897,5957,6266,6627,5091,5632,4238,8367,7544,7501,5936,5235,7921,5932
" "," ","1.4 Havre",2725,2266,2083,1713,1724,1717,2324,1905,1857,1940,1961,2243,3308,2644,4431,5300,3769,3894,2814,4983
" "," ","1.6 Majs til modenhed",..,..,..,410,702,880,1034,1191,761,870,721,425,530,523,651,648,928,848,1742,1314
" "," ","3.1.2 Industrikartofler",70,94,118,63,68,69,46,..,150,..,72,..,..,..,346,306,279,226,252,379
" "," ","3.2 Sukkerroer til fabrik",9514,6396,454,408,438,559,281,447,476,452,548,855,950,701,913,999,816,807,858,637
" "," ","4.1 Raps",12320,22300,19492,20575,22866,25985,13665,27434,22526,25932,20173,24562,18201,19046,18409,18662,22803,23229,23918,19822
" "," ","7.2 Ærter til konsum",53,164,377,148,334,382,535,217,681,653,682,785,998,1168,825,574,536,647,740,923
" "," ","7.3 Frugt og bær",2762,2880,3040,2646,2789,2979,2691,2708,2885,2294,2166,1958,1890,1793,1618,1420,1430,1414,1267,1210
" "," ","7.3.1 Æbler",750,767,779,750,746,710,728,751,710,724,703,698,683,676,635,614,636,566,573,522
" "," ","7.3.2 Pærer",171,210,208,179,163,153,163,144,156,152,157,160,142,130,125,120,122,145,104,118
" "," ","7.3.3 Jordbær",208,198,165,164,208,228,226,200,314,231,219,236,224,208,186,192,181,185,125,111
" "," ","7.3.4 Kirsebær",793,780,865,641,619,597,491,455,465,416,332,274,228,218,226,204,177,146,141,119
" "," ","7.3.5 Solbær",565,567,651,574,672,815,644,713,697,230,286,241,202,159,127,11,7,8,6,14
" "," ","7.3.6 Ribs",181,206,209,164,156,207,178,131,153,91,135,131,130,120,63,15,..,..,15,7
" "," ","9. Juletræer og pyntegrønt",1642,2065,2820,1921,2618,2695,1262,2745,3088,2602,1914,1633,3145,2447,2415,3131,2635,2802,2606,2257
" ","Landsdel Sydjylland"
" "," ","1.1 Hvede",110409,113024,106435,121182,124278,117517,94170,80489,92875,89882,87613,91038,56260,88613,75054,84239,73519,74885,72808,67702
" "," ","1.2.2 Vårbyg",111974,95220,121681,96260,86358,93504,125896,118569,96249,113389,122049,110127,136498,96372,109130,109391,107817,99567,108676,95712
" "," ","1.3 Rug",6259,5874,6142,6504,9409,10496,8794,14708,21121,27096,23080,25210,18724,29052,23181,20810,22669,24009,21617,19115
" "," ","1.4 Havre",13930,11947,18968,12512,9889,10202,11698,14386,10106,11221,14592,16783,24716,15104,20871,18588,19247,16870,16454,27298
" "," ","1.6 Majs til modenhed",..,..,..,4224,3922,3884,6266,5808,4145,2718,2196,1872,1921,1663,2187,2219,2833,2107,2532,2633
" "," ","3.1.2 Industrikartofler",4649,4924,4310,4530,3944,4490,5634,4818,5351,6597,7279,7586,7169,10341,11511,10242,10348,12240,12872,15818
" "," ","3.2 Sukkerroer til fabrik",913,232,..,..,..,..,187,..,..,..,..,..,..,..,..,..,..,..,..,..
" "," ","4.1 Raps",23363,33315,29434,25583,25369,24965,17713,25023,23862,27290,26019,26548,19608,21230,20913,20826,25126,29424,26854,18553
" "," ","7.2 Ærter til konsum",9,12,51,70,31,22,71,11,11,3,5,11,..,15,21,20,26,21,20,19
" "," ","7.3 Frugt og bær",565,588,672,569,596,578,606,531,824,944,495,459,751,536,625,609,555,665,780,630
" "," ","7.3.1 Æbler",77,91,74,79,73,75,68,41,68,57,57,56,288,108,111,123,115,118,122,122
" "," ","7.3.2 Pærer",23,20,25,21,18,18,18,4,8,8,14,13,11,11,13,11,11,12,11,10
" "," ","7.3.3 Jordbær",168,150,254,129,161,166,205,161,293,115,149,160,134,179,157,123,147,149,124,124
" "," ","7.3.4 Kirsebær",11,8,3,10,8,..,..,9,..,..,5,11,11,82,73,78,3,81,86,79
" "," ","7.3.5 Solbær",218,230,216,232,211,201,202,184,224,651,130,64,49,31,82,83,86,86,64,73
" "," ","7.3.6 Ribs",35,55,53,48,47,..,..,..,..,..,..,..,123,..,18,15,16,..,..,..
" "," ","9. Juletræer og pyntegrønt",2513,1677,2300,1867,2802,1817,3645,1987,3649,3596,4213,3666,4186,3951,5280,4336,5008,5369,4148,3560
" ","Region Midtjylland"
" "," ","1.1 Hvede",180709,186244,173122,194622,206256,197369,167839,147920,184661,165421,153657,156432,119834,150274,132661,139373,134131,128455,117454,117175
" "," ","1.2.2 Vårbyg",181220,153048,173966,144494,138286,154234,184497,202787,164942,163004,196556,176639,217114,152270,181140,180398,180948,165878,165447,155079
" "," ","1.3 Rug",8320,8855,9363,14229,16807,18882,20070,30616,37879,46735,36367,41851,34254,59276,42574,38497,41981,37411,36907,36600
" "," ","1.4 Havre",19250,17913,21330,17449,12758,13104,15031,16884,9011,11474,15728,15978,22469,15398,20716,20646,20174,16561,15995,23435
" "," ","1.6 Majs til modenhed",..,..,..,1258,2583,2816,2751,3184,2822,2582,1704,1509,2347,1635,2169,2118,2559,2064,2409,2483
" "," ","3.1.2 Industrikartofler",10224,11444,11298,9811,9205,10262,10614,11736,10970,11124,13227,14826,14957,17331,21317,19300,21474,23122,23257,27557
" "," ","3.2 Sukkerroer til fabrik",208,30,21,47,..,..,..,..,..,..,..,..,..,..,..,..,..,..,..,..
" "," ","4.1 Raps",33983,47017,54312,45358,43479,40676,38335,41591,40210,48829,42333,43142,39681,47656,39178,44776,51438,56022,48545,43243
" "," ","7.2 Ærter til konsum",41,45,30,54,72,47,48,40,38,46,41,86,56,105,64,42,68,57,19,32
" "," ","7.3 Frugt og bær",1033,871,926,957,949,936,839,1242,991,657,618,550,564,507,725,592,695,924,952,1428
" "," ","7.3.1 Æbler",177,161,187,177,176,156,155,167,135,174,142,133,124,135,152,148,146,155,189,139
" "," ","7.3.2 Pærer",37,29,35,30,27,23,33,26,23,28,26,25,25,27,32,25,26,27,24,23
" "," ","7.3.3 Jordbær",338,256,238,202,253,257,227,237,291,245,219,220,214,186,187,174,216,215,156,181
" "," ","7.3.4 Kirsebær",17,20,20,32,6,4,9,11,8,12,7,7,8,9,16,4,2,5,11,10
" "," ","7.3.5 Solbær",390,345,364,382,379,365,340,663,351,51,59,71,98,51,88,89,121,116,91,103
" "," ","7.3.6 Ribs",25,22,8,20,10,..,..,..,..,..,13,8,12,7,9,7,14,22,24,13
" "," ","9. Juletræer og pyntegrønt",5080,5142,5203,6393,7370,6242,7673,7140,8095,8750,7483,7823,8599,6875,7460,6799,9241,7060,6566,7408
" ","Landsdel Østjylland"
" "," ","1.1 Hvede",112770,115131,110266,119416,124574,125206,111977,102439,122054,103564,101394,101722,75654,98091,87927,92066,86403,83705,79260,77096
" "," ","1.2.2 Vårbyg",58230,47983,55988,42701,41749,49343,60737,73695,59833,51116,69949,65203,95156,58970,69718,70864,71033,65550,59587,58039
" "," ","1.3 Rug",4037,4729,5436,7773,9384,8500,9395,15123,20226,16130,13242,15852,13183,23241,19039,17498,18357,16529,16865,17996
" "," ","1.4 Havre",8826,7196,7912,6728,4850,5152,6610,7301,3823,3445,5164,6351,10282,7205,8612,8965,8835,7818,6611,10009
" "," ","1.6 Majs til modenhed",..,..,..,730,1108,1180,712,964,1459,714,930,588,1307,897,949,957,838,634,122,1014
" "," ","3.1.2 Industrikartofler",329,584,791,504,412,551,480,474,532,759,537,853,637,1277,2195,1943,2144,2397,2158,2915
" "," ","3.2 Sukkerroer til fabrik",175,..,..,..,..,..,..,..,..,..,..,..,..,..,..,..,..,..,..,..
" "," ","4.1 Raps",21638,29583,35191,28636,28892,27199,25804,27718,27836,33142,29059,28530,24050,28958,25662,29949,33665,35306,30632,29145
" "," ","7.2 Ærter til konsum",24,23,10,26,32,15,17,17,18,16,23,17,19,15,15,6,21,20,10,18
" "," ","7.3 Frugt og bær",832,699,800,772,782,764,660,1050,848,483,459,391,358,343,504,397,430,555,667,778
" "," ","7.3.1 Æbler",148,128,158,135,141,123,122,115,107,138,105,101,87,104,113,105,101,114,144,105
" "," ","7.3.2 Pærer",29,24,28,22,21,18,26,18,19,21,20,19,18,20,24,19,22,21,18,18
" "," ","7.3.3 Jordbær",215,166,162,145,164,158,129,154,201,147,144,143,133,116,119,105,137,136,94,111
" "," ","7.3.4 Kirsebær",11,12,11,11,4,3,2,3,4,3,3,..,3,5,12,2,1,3,9,5
" "," ","7.3.5 Solbær",379,327,362,345,363,350,320,656,351,44,49,50,47,30,45,45,43,45,37,23
" "," ","7.3.6 Ribs",18,13,7,..,..,..,..,..,..,..,13,8,12,7,9,7,11,8,9,7
" "," ","9. Juletræer og pyntegrønt",3262,3619,2702,4031,4607,3568,4252,4581,6426,5018,4294,4789,4745,4074,4424,4136,5682,3976,4285,4357
" ","Landsdel Vestjylland"
" "," ","1.1 Hvede",67938,71113,62856,75206,81682,72162,55862,45481,62607,61857,52263,54710,44180,52183,44734,47307,47727,44751,38193,40079
" "," ","1.2.2 Vårbyg",122990,105065,117978,101793,96536,104892,123761,129092,105110,111889,126607,111436,121958,93300,111422,109534,109916,100328,105861,97040
" "," ","1.3 Rug",4282,4127,3927,6456,7422,10383,10674,15493,17653,30604,23125,25999,21071,36036,23536,20999,23624,20882,20042,18604
" "," ","1.4 Havre",10424,10717,13419,10721,7908,7952,8421,9582,5189,8029,10564,9627,12187,8193,12105,11682,11339,8743,9384,13426
" "," ","1.6 Majs til modenhed",..,..,..,527,1474,1636,2039,2219,1363,1868,774,921,1040,739,1220,1160,1720,1430,2287,1469
" "," ","3.1.2 Industrikartofler",9895,10860,10506,9307,8793,9711,10134,11262,10437,10365,12690,13973,14320,16054,19122,17357,19330,20724,21099,24642
" "," ","3.2 Sukkerroer til fabrik",33,..,21,..,..,..,..,..,..,..,..,..,..,..,..,..,..,..,..,..
" "," ","4.1 Raps",12345,17435,19121,16722,14587,13477,12531,13874,12374,15687,13273,14612,15631,18699,13517,14828,17774,20716,17912,14098
" "," ","7.2 Ærter til konsum",18,22,19,28,40,32,31,23,20,30,18,69,37,90,48,36,46,38,10,14
" "," ","7.3 Frugt og bær",201,173,126,185,167,171,179,192,143,174,158,160,207,164,220,194,266,369,286,650
" "," ","7.3.1 Æbler",30,34,28,42,34,33,33,52,28,36,37,32,38,31,39,43,46,42,45,35
" "," ","7.3.2 Pærer",7,6,7,8,7,..,7,7,..,7,6,..,..,7,8,5,..,..,6,5
" "," ","7.3.3 Jordbær",123,91,76,57,89,99,97,83,91,99,74,76,81,70,69,69,79,79,62,70
" "," ","7.3.4 Kirsebær",..,9,..,21,..,..,..,..,..,..,..,..,..,..,..,..,..,..,..,..
" "," ","7.3.5 Solbær",11,..,..,36,..,..,..,7,..,..,10,..,51,..,43,44,78,71,54,80
" "," ","7.3.6 Ribs",..,9,..,..,..,..,..,..,..,..,..,..,..,..,..,..,..,..,..,..
" "," ","9. Juletræer og pyntegrønt",1818,1523,2501,2362,2764,2675,3421,2558,1669,3732,3190,3034,3854,2801,3036,2663,3559,3084,2280,3051
" ","Region Nordjylland"
" "," ","1.1 Hvede",131344,129088,126952,141154,145578,141545,108555,104111,119442,108548,98330,104074,75992,95999,80223,88339,82206,78545,74507,73541
" "," ","1.2.2 Vårbyg",78166,69412,76239,58405,62203,64909,98000,93247,73426,71972,96866,84994,107576,73508,94292,90218,89214,79372,91078,73320
" "," ","1.3 Rug",8091,7993,9010,11377,13454,16926,17225,23572,27195,31405,25865,25349,24504,34156,28508,28766,29055,28504,32936,34617
" "," ","1.4 Havre",16502,17038,20107,15471,12239,11523,16249,15518,10565,10194,15042,16258,22480,12117,18345,14667,14395,12960,10253,18563
" "," ","1.6 Majs til modenhed",..,..,..,170,321,229,671,120,145,143,137,92,241,33,232,290,296,383,1597,664
" "," ","3.1.2 Industrikartofler",3768,4418,4293,3324,3420,4127,5028,4617,4604,4109,4965,4761,6615,6857,8898,10199,10864,10795,12857,12970
" "," ","3.2 Sukkerroer til fabrik",..,..,12,2,..,..,..,..,..,..,..,..,..,..,..,..,..,..,..,..
" "," ","4.1 Raps",22158,28111,32867,27079,25586,26942,25975,26654,25827,32543,28201,27608,22142,31643,21034,28739,35200,38636,34251,28324
" "," ","7.2 Ærter til konsum",..,10,9,20,32,18,17,23,10,29,22,89,..,36,27,20,34,36,25,31
" "," ","7.3 Frugt og bær",403,364,370,318,310,274,211,336,214,207,298,263,347,280,286,369,348,301,321,296
" "," ","7.3.1 Æbler",49,75,61,64,64,53,49,50,40,40,53,50,32,47,41,40,44,43,46,48
" "," ","7.3.2 Pærer",8,16,9,4,5,4,5,6,5,7,5,6,..,4,4,..,..,5,..,..
" "," ","7.3.3 Jordbær",155,122,94,102,98,87,78,105,68,108,123,119,168,129,127,91,133,116,103,107
" "," ","7.3.4 Kirsebær",5,7,9,9,11,..,..,..,6,..,8,..,..,..,..,..,..,..,..,..
" "," ","7.3.5 Solbær",147,110,148,109,110,101,55,122,65,..,25,14,..,..,11,32,30,6,19,8
" "," ","7.3.6 Ribs",18,20,28,..,..,..,..,..,..,..,..,..,..,..,..,..,..,..,26,..
" "," ","9. Juletræer og pyntegrønt",2755,2609,2573,5213,3566,3989,3622,3357,4692,4142,3945,5421,5134,3398,3774,3192,3960,3428,3593,3049

