--
-- PostgreSQL database dump
--

\restrict tHdhnyDwT9zcQ7pCBOfS0CcRgkaSpJGZ1jcL3SGWrPrFr4pH87ku3SSulb5emQa

-- Dumped from database version 18.4 (Postgres.app)
-- Dumped by pg_dump version 18.4 (Postgres.app)

SET statement_timeout = 0;
SET lock_timeout = 0;
SET idle_in_transaction_session_timeout = 0;
SET transaction_timeout = 0;
SET client_encoding = 'UTF8';
SET standard_conforming_strings = on;
SELECT pg_catalog.set_config('search_path', '', false);
SET check_function_bodies = false;
SET xmloption = content;
SET client_min_messages = warning;
SET row_security = off;

SET default_tablespace = '';

SET default_table_access_method = heap;

--
-- Name: average_yield; Type: TABLE; Schema: public; Owner: -
--

CREATE TABLE public.average_yield (
    crop_id integer NOT NULL,
    avg_yield numeric
);


--
-- Name: crops; Type: TABLE; Schema: public; Owner: -
--

CREATE TABLE public.crops (
    crop_id integer NOT NULL,
    name text NOT NULL
);


--
-- Name: crops_crop_id_seq; Type: SEQUENCE; Schema: public; Owner: -
--

CREATE SEQUENCE public.crops_crop_id_seq
    AS integer
    START WITH 1
    INCREMENT BY 1
    NO MINVALUE
    NO MAXVALUE
    CACHE 1;


--
-- Name: crops_crop_id_seq; Type: SEQUENCE OWNED BY; Schema: public; Owner: -
--

ALTER SEQUENCE public.crops_crop_id_seq OWNED BY public.crops.crop_id;


--
-- Name: produce; Type: TABLE; Schema: public; Owner: -
--

CREATE TABLE public.produce (
    id integer NOT NULL,
    region_id integer NOT NULL,
    crop_id integer NOT NULL,
    year integer NOT NULL,
    area integer,
    farms integer
);


--
-- Name: produce_id_seq; Type: SEQUENCE; Schema: public; Owner: -
--

CREATE SEQUENCE public.produce_id_seq
    AS integer
    START WITH 1
    INCREMENT BY 1
    NO MINVALUE
    NO MAXVALUE
    CACHE 1;


--
-- Name: produce_id_seq; Type: SEQUENCE OWNED BY; Schema: public; Owner: -
--

ALTER SEQUENCE public.produce_id_seq OWNED BY public.produce.id;


--
-- Name: product_crops; Type: TABLE; Schema: public; Owner: -
--

CREATE TABLE public.product_crops (
    product_id integer NOT NULL,
    crop_id integer NOT NULL
);


--
-- Name: production; Type: TABLE; Schema: public; Owner: -
--

CREATE TABLE public.production (
    production_id integer NOT NULL,
    region_id integer NOT NULL,
    product_id integer NOT NULL
);


--
-- Name: production_production_id_seq; Type: SEQUENCE; Schema: public; Owner: -
--

CREATE SEQUENCE public.production_production_id_seq
    AS integer
    START WITH 1
    INCREMENT BY 1
    NO MINVALUE
    NO MAXVALUE
    CACHE 1;


--
-- Name: production_production_id_seq; Type: SEQUENCE OWNED BY; Schema: public; Owner: -
--

ALTER SEQUENCE public.production_production_id_seq OWNED BY public.production.production_id;


--
-- Name: products; Type: TABLE; Schema: public; Owner: -
--

CREATE TABLE public.products (
    product_id integer NOT NULL,
    name text NOT NULL
);


--
-- Name: products_product_id_seq; Type: SEQUENCE; Schema: public; Owner: -
--

CREATE SEQUENCE public.products_product_id_seq
    AS integer
    START WITH 1
    INCREMENT BY 1
    NO MINVALUE
    NO MAXVALUE
    CACHE 1;


--
-- Name: products_product_id_seq; Type: SEQUENCE OWNED BY; Schema: public; Owner: -
--

ALTER SEQUENCE public.products_product_id_seq OWNED BY public.products.product_id;


--
-- Name: regions; Type: TABLE; Schema: public; Owner: -
--

CREATE TABLE public.regions (
    region_id integer NOT NULL,
    name text NOT NULL
);


--
-- Name: regions_region_id_seq; Type: SEQUENCE; Schema: public; Owner: -
--

CREATE SEQUENCE public.regions_region_id_seq
    AS integer
    START WITH 1
    INCREMENT BY 1
    NO MINVALUE
    NO MAXVALUE
    CACHE 1;


--
-- Name: regions_region_id_seq; Type: SEQUENCE OWNED BY; Schema: public; Owner: -
--

ALTER SEQUENCE public.regions_region_id_seq OWNED BY public.regions.region_id;


--
-- Name: yields; Type: VIEW; Schema: public; Owner: -
--

CREATE VIEW public.yields AS
 SELECT p.region_id,
    p.crop_id,
    p.year,
    ((p.area)::numeric * av.avg_yield) AS yield
   FROM (public.produce p
     JOIN public.average_yield av ON ((av.crop_id = p.crop_id)));


--
-- Name: crops crop_id; Type: DEFAULT; Schema: public; Owner: -
--

ALTER TABLE ONLY public.crops ALTER COLUMN crop_id SET DEFAULT nextval('public.crops_crop_id_seq'::regclass);


--
-- Name: produce id; Type: DEFAULT; Schema: public; Owner: -
--

ALTER TABLE ONLY public.produce ALTER COLUMN id SET DEFAULT nextval('public.produce_id_seq'::regclass);


--
-- Name: production production_id; Type: DEFAULT; Schema: public; Owner: -
--

ALTER TABLE ONLY public.production ALTER COLUMN production_id SET DEFAULT nextval('public.production_production_id_seq'::regclass);


--
-- Name: products product_id; Type: DEFAULT; Schema: public; Owner: -
--

ALTER TABLE ONLY public.products ALTER COLUMN product_id SET DEFAULT nextval('public.products_product_id_seq'::regclass);


--
-- Name: regions region_id; Type: DEFAULT; Schema: public; Owner: -
--

ALTER TABLE ONLY public.regions ALTER COLUMN region_id SET DEFAULT nextval('public.regions_region_id_seq'::regclass);


--
-- Data for Name: average_yield; Type: TABLE DATA; Schema: public; Owner: -
--

COPY public.average_yield (crop_id, avg_yield) FROM stdin;
1	7.7
2	5.6
3	6.1
4	4.7
5	6.5
6	40.0
7	65.0
8	4.0
9	3.8
11	25.0
12	15.0
13	12.0
14	7.5
15	7.0
16	6.5
17	6.0
1	7.7
2	5.6
3	6.1
4	4.7
5	6.5
6	40.0
7	65.0
8	4.0
9	3.8
11	25.0
12	15.0
13	12.0
14	7.5
15	7.0
16	6.5
17	6.0
\.


--
-- Data for Name: crops; Type: TABLE DATA; Schema: public; Owner: -
--

COPY public.crops (crop_id, name) FROM stdin;
1	Wheat
2	Spring barley
3	Rye
4	Oat
5	Grain maize
6	Starch potatoes
7	Sugar beet
8	Oilseed rape
9	Peas for human consumption
10	Fruits and berries
11	Apples
12	Pears
13	Strawberries
14	Cherries
15	Blackcurrants
16	Redcurrants
17	Christmas trees and decorative greenery
\.


--
-- Data for Name: produce; Type: TABLE DATA; Schema: public; Owner: -
--

COPY public.produce (id, region_id, crop_id, year, area, farms) FROM stdin;
22	1	2	2005	12692	1109
23	1	2	2006	11651	1016
24	1	2	2007	14679	1091
25	1	2	2008	11826	972
26	1	2	2009	10706	882
27	1	2	2010	16021	998
28	1	2	2011	22150	1076
29	1	2	2012	15801	927
30	1	2	2013	16673	883
31	1	2	2014	14892	855
32	1	2	2015	17844	906
33	1	2	2016	17343	982
34	1	2	2017	24175	944
35	1	2	2018	16836	683
36	1	2	2019	17688	736
37	1	2	2020	16582	733
38	1	2	2021	17401	729
39	1	2	2022	14187	697
40	1	2	2023	11828	562
43	1	3	2005	3547	214
44	1	3	2006	2633	176
45	1	3	2007	2728	170
46	1	3	2008	3604	224
47	1	3	2009	4097	231
48	1	3	2010	2614	151
49	1	3	2011	3815	222
50	1	3	2012	4893	250
51	1	3	2013	4316	201
52	1	3	2014	6542	354
53	1	3	2015	3197	198
54	1	3	2016	3293	192
55	1	3	2017	3113	142
56	1	3	2018	3874	199
57	1	3	2019	4129	201
58	1	3	2020	4729	229
59	1	3	2021	3829	182
60	1	3	2022	3867	182
61	1	3	2023	4499	201
64	1	4	2005	3642	442
65	1	4	2006	2695	309
66	1	4	2007	4500	422
67	1	4	2008	2293	286
68	1	4	2009	2374	277
69	1	4	2010	2227	251
70	1	4	2011	1646	180
71	1	4	2012	1980	204
72	1	4	2013	1012	145
73	1	4	2014	1215	132
74	1	4	2015	1570	183
75	1	4	2016	1783	152
76	1	4	2017	1760	154
77	1	4	2018	1699	148
78	1	4	2019	3231	200
79	1	4	2020	1667	147
80	1	4	2021	1217	147
81	1	4	2022	1316	133
82	1	4	2023	1352	91
85	1	5	2005	\N	\N
86	1	5	2006	\N	\N
87	1	5	2007	\N	\N
88	1	5	2008	90	39
89	1	5	2009	210	61
90	1	5	2010	272	83
91	1	5	2011	436	166
92	1	5	2012	202	53
93	1	5	2013	211	53
94	1	5	2014	90	77
95	1	5	2015	116	56
96	1	5	2016	411	92
97	1	5	2017	158	47
98	1	5	2018	98	50
99	1	5	2019	84	53
100	1	5	2020	32	33
101	1	5	2021	151	65
102	1	5	2022	151	54
103	1	5	2023	115	65
104	1	5	2024	103	36
106	1	6	2005	\N	\N
107	1	6	2006	\N	\N
108	1	6	2007	\N	\N
109	1	6	2008	\N	\N
110	1	6	2009	\N	\N
111	1	6	2010	\N	\N
112	1	6	2011	\N	\N
113	1	6	2012	\N	\N
114	1	6	2013	487	7
115	1	6	2014	\N	\N
116	1	6	2015	\N	\N
117	1	6	2016	\N	\N
118	1	6	2017	\N	\N
119	1	6	2018	\N	\N
120	1	6	2019	71	6
121	1	6	2020	49	10
122	1	6	2021	\N	\N
123	1	6	2022	\N	\N
124	1	6	2023	\N	\N
125	1	6	2024	\N	\N
126	1	6	2025	\N	\N
127	1	7	2005	\N	\N
128	1	7	2006	\N	\N
129	1	7	2007	\N	\N
130	1	7	2008	\N	\N
131	1	7	2009	\N	\N
132	1	7	2010	\N	\N
133	1	7	2011	\N	\N
134	1	7	2012	\N	\N
135	1	7	2013	\N	\N
136	1	7	2014	\N	\N
137	1	7	2015	\N	\N
138	1	7	2016	\N	\N
139	1	7	2017	\N	\N
140	1	7	2018	\N	\N
141	1	7	2019	\N	\N
142	1	7	2020	234	8
143	1	7	2021	109	5
144	1	7	2022	\N	\N
145	1	7	2023	\N	\N
146	1	7	2024	\N	\N
148	1	8	2005	6703	500
149	1	8	2006	8536	512
150	1	8	2007	6964	511
151	1	8	2008	8429	535
152	1	8	2009	8582	489
153	1	8	2010	5731	393
154	1	8	2011	6669	388
155	1	8	2012	8956	458
156	1	8	2013	8503	434
169	1	9	2005	28	7
170	1	9	2006	76	11
171	1	9	2007	103	8
172	1	9	2008	30	7
190	1	10	2005	436	115
191	1	10	2006	399	90
192	1	10	2007	416	100
193	1	10	2008	358	97
194	1	10	2009	307	80
195	1	10	2010	312	69
196	1	10	2011	279	52
197	1	10	2012	256	72
198	1	10	2013	269	73
199	1	10	2014	229	89
200	1	10	2015	352	92
201	1	10	2016	287	81
202	1	10	2017	216	48
203	1	10	2018	246	89
204	1	10	2019	305	109
205	1	10	2020	305	114
206	1	10	2021	366	140
207	1	10	2022	359	152
211	1	11	2005	119	71
212	1	11	2006	113	40
213	1	11	2007	128	66
214	1	11	2008	87	48
215	1	11	2009	65	32
216	1	11	2010	70	24
217	1	11	2011	91	34
218	1	11	2012	62	29
219	1	11	2013	72	36
220	1	11	2014	68	27
221	1	11	2015	137	42
222	1	11	2016	99	40
223	1	11	2017	72	22
224	1	11	2018	89	31
225	1	11	2019	103	52
226	1	11	2020	121	62
227	1	11	2021	116	54
228	1	11	2022	120	61
229	1	11	2023	137	68
232	1	12	2005	33	17
233	1	12	2006	20	19
234	1	12	2007	30	23
235	1	12	2008	21	8
236	1	12	2009	19	8
237	1	12	2010	31	16
238	1	12	2011	16	6
239	1	12	2012	16	5
240	1	12	2013	17	7
241	1	12	2014	18	5
242	1	12	2015	12	6
243	1	12	2016	16	8
244	1	12	2017	\N	\N
245	1	12	2018	14	6
246	1	12	2019	16	9
247	1	12	2020	8	6
248	1	12	2021	15	10
249	1	12	2022	12	8
250	1	12	2023	10	7
252	1	12	2025	\N	\N
253	1	13	2005	52	34
254	1	13	2006	54	38
255	1	13	2007	42	21
256	1	13	2008	48	28
257	1	13	2009	49	26
258	1	13	2010	42	17
259	1	13	2011	60	17
260	1	13	2012	60	26
261	1	13	2013	66	23
262	1	13	2014	74	31
263	1	13	2015	85	31
264	1	13	2016	67	25
265	1	13	2017	67	22
266	1	13	2018	61	22
267	1	13	2019	68	20
268	1	13	2020	66	18
269	1	13	2021	68	24
270	1	13	2022	37	18
271	1	13	2023	31	19
274	1	14	2005	88	18
275	1	14	2006	85	16
276	1	14	2007	82	20
277	1	14	2008	81	23
278	1	14	2009	47	13
279	1	14	2010	47	10
280	1	14	2011	43	9
281	1	14	2012	31	9
282	1	14	2013	35	9
283	1	14	2014	26	7
284	1	14	2015	5	9
285	1	14	2016	5	10
286	1	14	2017	4	6
287	1	14	2018	7	8
288	1	14	2019	14	14
289	1	14	2020	9	11
290	1	14	2021	12	15
291	1	14	2022	22	19
292	1	14	2023	8	13
295	1	15	2005	88	10
296	1	15	2006	86	11
297	1	15	2007	87	11
298	1	15	2008	91	10
299	1	15	2009	92	10
300	1	15	2010	84	6
301	1	15	2011	38	10
302	1	15	2012	40	10
303	1	15	2013	39	10
304	1	15	2014	\N	\N
305	1	15	2015	22	7
306	1	15	2016	\N	\N
307	1	15	2017	\N	\N
308	1	15	2018	19	10
309	1	15	2019	22	6
310	1	15	2020	10	8
311	1	15	2021	9	7
312	1	15	2022	11	7
313	1	15	2023	7	8
314	1	15	2024	6	10
316	1	16	2005	27	7
317	1	16	2006	19	8
318	1	16	2007	19	9
319	1	16	2008	16	5
320	1	16	2009	13	6
321	1	16	2010	\N	\N
322	1	16	2011	\N	\N
323	1	16	2012	\N	\N
324	1	16	2013	\N	\N
337	1	17	2005	340	170
338	1	17	2006	370	154
339	1	17	2007	512	181
340	1	17	2008	382	181
341	1	17	2009	468	184
342	1	17	2010	264	177
343	1	17	2011	581	163
344	1	17	2012	552	167
345	1	17	2013	660	204
346	1	17	2014	546	160
358	18	1	2005	159239	5189
359	18	1	2006	156788	4873
360	18	1	2007	141272	4382
361	18	1	2008	153942	4500
362	18	1	2009	163383	4162
363	18	1	2010	169965	4032
364	18	1	2011	140099	3745
365	18	1	2012	142128	3495
366	18	1	2013	155904	3654
367	18	1	2014	150486	3642
368	18	1	2015	148266	3555
369	18	1	2016	137036	3203
370	18	1	2017	102416	2891
371	18	1	2018	142106	2999
372	18	1	2019	128350	2789
373	18	1	2020	141942	2859
374	18	1	2021	122725	2597
375	18	1	2022	128413	2647
376	18	1	2023	134302	2480
379	18	2	2005	103385	5484
380	18	2	2006	95005	4855
381	18	2	2007	143440	5250
382	18	2	2008	100846	4759
383	18	2	2009	97731	4330
384	18	2	2010	110565	4501
385	18	2	2011	139010	4180
386	18	2	2012	113510	4066
387	18	2	2013	104877	3687
388	18	2	2014	126732	3739
389	18	2	2015	123791	3819
390	18	2	2016	115897	3660
391	18	2	2017	169620	4075
392	18	2	2018	116785	3177
393	18	2	2019	116370	3098
394	18	2	2020	102335	2998
395	18	2	2021	104711	2886
396	18	2	2022	104833	2814
397	18	2	2023	101919	2515
400	18	3	2005	2171	147
401	18	3	2006	2873	171
402	18	3	2007	2679	135
403	18	3	2008	3968	182
404	18	3	2009	4816	207
405	18	3	2010	4217	138
406	18	3	2011	5736	203
407	18	3	2012	8435	354
408	18	3	2013	7317	254
409	18	3	2014	7135	322
410	18	3	2015	5377	297
411	18	3	2016	7414	316
412	18	3	2017	5147	266
413	18	3	2018	10180	349
414	18	3	2019	9067	358
415	18	3	2020	8007	326
416	18	3	2021	8520	333
417	18	3	2022	8575	311
418	18	3	2023	9523	377
420	18	3	2025	\N	\N
421	18	4	2005	4238	730
422	18	4	2006	3704	636
423	18	4	2007	4886	723
424	18	4	2008	3944	757
425	18	4	2009	2924	507
426	18	4	2010	3531	518
427	18	4	2011	4062	413
428	18	4	2012	2815	364
429	18	4	2013	2278	318
430	18	4	2014	1754	337
431	18	4	2015	2832	375
432	18	4	2016	3695	440
433	18	4	2017	5422	482
434	18	4	2018	3467	319
435	18	4	2019	7040	383
436	18	4	2020	4580	287
437	18	4	2021	3537	264
438	18	4	2022	4175	232
439	18	4	2023	3183	234
442	18	5	2005	\N	\N
443	18	5	2006	\N	\N
444	18	5	2007	\N	\N
445	18	5	2008	952	315
446	18	5	2009	1391	490
447	18	5	2010	1611	497
448	18	5	2011	1567	434
449	18	5	2012	1207	390
450	18	5	2013	1337	372
451	18	5	2014	807	396
452	18	5	2015	854	370
453	18	5	2016	707	365
454	18	5	2017	959	555
455	18	5	2018	987	415
456	18	5	2019	871	468
457	18	5	2020	942	431
458	18	5	2021	1323	512
459	18	5	2022	993	423
460	18	5	2023	1275	354
462	18	5	2025	\N	\N
463	18	6	2005	\N	\N
464	18	6	2006	\N	\N
465	18	6	2007	\N	\N
466	18	6	2008	\N	\N
467	18	6	2009	\N	\N
468	18	6	2010	\N	\N
469	18	6	2011	\N	\N
470	18	6	2012	\N	\N
471	18	6	2013	\N	\N
472	18	6	2014	49	5
473	18	6	2015	\N	\N
474	18	6	2016	\N	\N
475	18	6	2017	\N	\N
476	18	6	2018	\N	\N
477	18	6	2019	162	8
478	18	6	2020	191	17
479	18	6	2021	\N	\N
480	18	6	2022	\N	\N
481	18	6	2023	\N	\N
482	18	6	2024	105	7
483	18	6	2025	\N	\N
484	18	7	2005	31008	2336
505	18	8	2005	25941	1796
506	18	8	2006	40562	2333
507	18	8	2007	29924	1809
508	18	8	2008	33916	1862
509	18	8	2009	38925	1858
510	18	8	2010	27921	1253
511	18	8	2011	24558	1334
512	18	8	2012	45458	1830
513	18	8	2013	44668	1809
514	18	8	2014	47715	1911
515	18	8	2015	39370	1684
516	18	8	2016	45585	1729
517	18	8	2017	37085	1583
518	18	8	2018	38402	1498
519	18	8	2019	38639	1405
520	18	8	2020	43254	1503
526	18	9	2005	2704	185
527	18	9	2006	2434	160
528	18	9	2007	3022	151
529	18	9	2008	3415	180
530	18	9	2009	2159	110
531	18	9	2010	2434	108
532	18	9	2011	2138	97
533	18	9	2012	1892	88
534	18	9	2013	1722	83
535	18	9	2014	2001	86
536	18	9	2015	2459	112
537	18	9	2016	2427	116
538	18	9	2017	1899	86
539	18	9	2018	2417	103
540	18	9	2019	2281	75
541	18	9	2020	2609	100
542	18	9	2021	2010	56
543	18	9	2022	58	12
544	18	9	2023	7	6
546	18	9	2025	\N	\N
547	18	10	2005	2884	420
548	18	10	2006	3218	458
549	18	10	2007	2870	368
550	18	10	2008	2885	337
551	18	10	2009	2846	369
552	18	10	2010	2517	297
553	18	10	2011	2884	294
554	18	10	2012	2531	287
555	18	10	2013	2427	285
556	18	10	2014	2018	361
557	18	10	2015	2107	296
558	18	10	2016	2045	331
559	18	10	2017	1866	275
560	18	10	2018	1735	286
561	18	10	2019	1661	278
562	18	10	2020	1734	247
563	18	10	2021	1624	281
564	18	10	2022	1566	285
565	18	10	2023	1377	255
568	18	11	2005	473	140
569	18	11	2006	604	178
570	18	11	2007	570	143
571	18	11	2008	579	125
572	18	11	2009	562	145
573	18	11	2010	486	95
574	18	11	2011	613	123
575	18	11	2012	493	111
576	18	11	2013	458	92
577	18	11	2014	438	138
578	18	11	2015	397	117
579	18	11	2016	434	142
580	18	11	2017	479	97
581	18	11	2018	441	114
582	18	11	2019	448	123
583	18	11	2020	473	127
584	18	11	2021	450	127
585	18	11	2022	459	128
586	18	11	2023	483	119
589	18	12	2005	140	73
590	18	12	2006	170	94
591	18	12	2007	135	62
592	18	12	2008	117	47
593	18	12	2009	125	49
594	18	12	2010	108	32
595	18	12	2011	108	36
596	18	12	2012	103	34
597	18	12	2013	99	38
598	18	12	2014	104	38
599	18	12	2015	103	38
600	18	12	2016	113	36
601	18	12	2017	111	27
602	18	12	2018	126	43
603	18	12	2019	114	35
604	18	12	2020	144	35
605	18	12	2021	118	42
606	18	12	2022	118	33
607	18	12	2023	108	26
610	18	13	2005	356	143
611	18	13	2006	354	132
612	18	13	2007	352	113
613	18	13	2008	340	91
614	18	13	2009	369	90
615	18	13	2010	380	95
616	18	13	2011	389	92
617	18	13	2012	355	71
618	18	13	2013	423	105
619	18	13	2014	453	77
620	18	13	2015	392	72
621	18	13	2016	473	85
622	18	13	2017	462	99
623	18	13	2018	367	59
624	18	13	2019	381	55
625	18	13	2020	336	47
626	18	13	2021	316	50
627	18	13	2022	278	50
628	18	13	2023	218	36
630	18	13	2025	\N	\N
631	18	14	2005	1214	127
632	18	14	2006	1267	125
633	18	14	2007	971	92
634	18	14	2008	1091	90
635	18	14	2009	1051	100
636	18	14	2010	811	77
637	18	14	2011	852	85
638	18	14	2012	869	84
639	18	14	2013	801	71
640	18	14	2014	601	59
641	18	14	2015	691	59
642	18	14	2016	569	58
643	18	14	2017	388	40
644	18	14	2018	346	50
651	18	14	2025	\N	\N
652	18	15	2005	440	66
653	18	15	2006	517	59
654	18	15	2007	605	59
655	18	15	2008	461	63
656	18	15	2009	472	53
657	18	15	2010	475	48
673	18	16	2005	198	41
674	18	16	2006	215	40
675	18	16	2007	108	24
676	18	16	2008	143	25
677	18	16	2009	88	22
678	18	16	2010	86	21
679	18	16	2011	83	16
680	18	16	2012	85	25
681	18	16	2013	71	21
682	18	16	2014	62	20
683	18	16	2015	67	17
684	18	16	2016	82	17
685	18	16	2017	99	13
686	18	16	2018	75	11
687	18	16	2019	76	14
688	18	16	2020	79	10
689	18	16	2021	75	9
690	18	16	2022	59	13
691	18	16	2023	\N	\N
694	18	17	2005	2787	487
695	18	17	2006	2659	519
696	18	17	2007	3607	501
697	18	17	2008	2764	558
698	18	17	2009	2697	533
699	18	17	2010	2602	458
700	18	17	2011	3809	651
701	18	17	2012	3148	536
702	18	17	2013	3277	545
703	18	17	2014	2464	452
704	18	17	2015	2696	483
705	18	17	2016	2763	488
706	18	17	2017	2226	434
707	18	17	2018	2175	347
708	18	17	2019	2969	367
709	18	17	2020	2692	400
710	18	17	2021	2791	327
711	18	17	2022	2696	398
712	18	17	2023	3400	321
714	18	17	2025	\N	\N
715	35	1	2005	188311	6093
716	35	1	2006	190791	5670
717	35	1	2007	181212	5236
718	35	1	2008	206552	5227
719	35	1	2009	211564	5175
720	35	1	2010	204067	4978
721	35	1	2011	170266	4710
722	35	1	2012	149703	3771
723	35	1	2013	176719	4338
724	35	1	2014	167525	3994
725	35	1	2015	157387	3950
726	35	1	2016	167568	3872
727	35	1	2017	115027	3132
728	35	1	2018	158303	3723
729	35	1	2019	136325	3185
730	35	1	2020	149846	3377
731	35	1	2021	132321	3073
732	35	1	2022	134267	2901
733	35	1	2023	138188	2878
736	35	2	2005	151695	8056
737	35	2	2006	128291	6869
738	35	2	2007	172555	7277
739	35	2	2008	127644	6263
740	35	2	2009	116585	6106
741	35	2	2010	125413	6167
742	35	2	2011	179789	6497
743	35	2	2012	153330	5837
744	35	2	2013	130616	5556
745	35	2	2014	148352	5527
746	35	2	2015	162951	5713
747	35	2	2016	151538	5317
748	35	2	2017	189204	5272
749	35	2	2018	131437	5029
750	35	2	2019	154390	4880
751	35	2	2020	152356	4639
752	35	2	2021	156097	4457
753	35	2	2022	141269	4141
754	35	2	2023	152461	4095
757	35	3	2005	7625	655
758	35	3	2006	7692	672
759	35	3	2007	7195	498
760	35	3	2008	9019	645
761	35	3	2009	12163	795
762	35	3	2010	13457	852
763	35	3	2011	10691	751
764	35	3	2012	20665	1135
765	35	3	2013	27386	1427
766	35	3	2014	33723	1999
767	35	3	2015	28171	1507
768	35	3	2016	30842	1515
769	35	3	2017	22963	1228
770	35	3	2018	37419	1769
771	35	3	2019	30725	1543
772	35	3	2020	28311	1413
773	35	3	2021	28605	1389
774	35	3	2022	29244	1419
775	35	3	2023	29538	1388
778	35	4	2005	16655	1853
779	35	4	2006	14213	1471
780	35	4	2007	21051	1849
781	35	4	2008	14225	1410
782	35	4	2009	11613	1246
783	35	4	2010	11920	1194
784	35	4	2011	14022	1231
785	35	4	2012	16291	1215
786	35	4	2013	11963	1003
787	35	4	2014	13161	1374
788	35	4	2015	16553	1512
789	35	4	2016	19027	1404
790	35	4	2017	28023	1732
791	35	4	2018	17747	1354
792	35	4	2019	25301	1489
793	35	4	2020	23887	1534
794	35	4	2021	23015	1403
795	35	4	2022	20764	1232
796	35	4	2023	19268	1068
798	35	4	2025	\N	\N
799	35	5	2005	\N	\N
800	35	5	2006	\N	\N
801	35	5	2007	\N	\N
802	35	5	2008	4634	219
820	35	6	2005	4719	240
821	35	6	2006	5018	264
822	35	6	2007	4427	237
823	35	6	2008	4593	225
824	35	6	2009	4012	211
825	35	6	2010	4559	216
826	35	6	2011	5680	257
827	35	6	2012	4864	220
828	35	6	2013	5501	262
829	35	6	2014	6628	215
830	35	6	2015	7351	216
831	35	6	2016	7663	211
832	35	6	2017	7214	158
833	35	6	2018	10426	261
834	35	6	2019	11857	244
841	35	7	2005	10427	1233
842	35	7	2006	6628	662
843	35	7	2007	454	48
844	35	7	2008	438	31
845	35	7	2009	447	26
846	35	7	2010	604	32
847	35	7	2011	468	22
848	35	7	2012	453	18
849	35	7	2013	476	15
850	35	7	2014	452	17
851	35	7	2015	548	10
852	35	7	2016	855	14
853	35	7	2017	950	28
854	35	7	2018	701	7
855	35	7	2019	913	16
856	35	7	2020	1028	16
857	35	7	2021	840	12
858	35	7	2022	819	10
859	35	7	2023	1139	17
861	35	7	2025	\N	\N
862	35	8	2005	35683	2650
863	35	8	2006	55615	3221
864	35	8	2007	48927	2906
865	35	8	2008	46158	2438
866	35	8	2009	48235	2325
867	35	8	2010	50950	2349
868	35	8	2011	31378	1557
869	35	8	2012	52458	2265
870	35	8	2013	46388	1870
871	35	8	2014	53223	2325
872	35	8	2015	46192	2024
873	35	8	2016	51109	1898
874	35	8	2017	37809	1575
875	35	8	2018	40277	1573
876	35	8	2019	39323	1460
877	35	8	2020	39488	1441
878	35	8	2021	47929	1632
879	35	8	2022	52653	1711
880	35	8	2023	50772	1525
883	35	9	2005	63	29
884	35	9	2006	176	45
885	35	9	2007	428	56
886	35	9	2008	218	51
887	35	9	2009	364	48
888	35	9	2010	404	35
889	35	9	2011	606	57
890	35	9	2012	228	33
891	35	9	2013	692	24
892	35	9	2014	656	22
893	35	9	2015	687	24
894	35	9	2016	796	32
895	35	9	2017	1003	27
896	35	9	2018	1182	34
897	35	9	2019	846	38
898	35	9	2020	594	34
899	35	9	2021	562	56
900	35	9	2022	667	44
901	35	9	2023	760	33
904	35	10	2005	3327	496
905	35	10	2006	3468	464
906	35	10	2007	3712	511
907	35	10	2008	3215	427
908	35	10	2009	3385	438
909	35	10	2010	3557	400
910	35	10	2011	3297	452
911	35	10	2012	3239	468
912	35	10	2013	3709	478
913	35	10	2014	3238	329
914	35	10	2015	2661	367
915	35	10	2016	2417	403
916	35	10	2017	2641	368
917	35	10	2018	2330	333
918	35	10	2019	2243	369
919	35	10	2020	2029	352
920	35	10	2021	1985	377
921	35	10	2022	2079	385
922	35	10	2023	2047	391
925	35	11	2005	827	158
926	35	11	2006	858	165
927	35	11	2007	852	195
928	35	11	2008	829	163
929	35	11	2009	819	169
930	35	11	2010	785	139
931	35	11	2011	796	172
932	35	11	2012	792	165
933	35	11	2013	778	146
934	35	11	2014	781	150
935	35	11	2015	761	169
936	35	11	2016	754	176
937	35	11	2017	970	145
938	35	11	2018	784	140
939	35	11	2019	745	152
940	35	11	2020	737	156
941	35	11	2021	751	156
942	35	11	2022	684	168
943	35	11	2023	694	163
944	35	11	2024	644	163
946	35	12	2005	194	103
947	35	12	2006	230	127
948	35	12	2007	233	121
949	35	12	2008	199	79
950	35	12	2009	180	72
951	35	12	2010	170	60
952	35	12	2011	181	96
953	35	12	2012	148	65
954	35	12	2013	164	62
955	35	12	2014	161	56
956	35	12	2015	172	65
957	35	12	2016	173	61
958	35	12	2017	152	60
959	35	12	2018	141	51
960	35	12	2019	138	52
967	35	13	2005	376	197
968	35	13	2006	348	180
969	35	13	2007	419	178
970	35	13	2008	293	146
971	35	13	2009	368	131
988	35	14	2005	805	142
989	35	14	2006	788	139
990	35	14	2007	868	134
991	35	14	2008	650	108
992	35	14	2009	627	103
993	35	14	2010	599	84
994	35	14	2011	493	75
995	35	14	2012	465	106
996	35	14	2013	466	70
997	35	14	2014	418	60
998	35	14	2015	337	56
999	35	14	2016	285	55
1000	35	14	2017	239	51
1001	35	14	2018	300	57
1002	35	14	2019	300	53
1003	35	14	2020	281	42
1004	35	14	2021	180	61
1005	35	14	2022	227	43
1006	35	14	2023	227	48
1008	35	14	2025	\N	\N
1009	35	15	2005	783	82
1010	35	15	2006	798	76
1011	35	15	2007	867	71
1012	35	15	2008	806	72
1013	35	15	2009	883	77
1014	35	15	2010	1016	80
1015	35	15	2011	846	93
1016	35	15	2012	897	61
1017	35	15	2013	921	95
1018	35	15	2014	881	30
1019	35	15	2015	416	38
1020	35	15	2016	304	28
1021	35	15	2017	251	32
1022	35	15	2018	190	19
1023	35	15	2019	209	25
1024	35	15	2020	94	20
1025	35	15	2021	93	20
1026	35	15	2022	94	22
1027	35	15	2023	70	19
1030	35	16	2005	216	53
1031	35	16	2006	261	58
1032	35	16	2007	263	52
1033	35	16	2008	211	35
1034	35	16	2009	203	31
1035	35	16	2010	236	31
1036	35	16	2011	208	30
1037	35	16	2012	153	21
1038	35	16	2013	164	21
1039	35	16	2014	97	17
1040	35	16	2015	158	19
1041	35	16	2016	154	21
1042	35	16	2017	253	36
1043	35	16	2018	127	16
1044	35	16	2019	81	15
1045	35	16	2020	31	11
1046	35	16	2021	30	12
1047	35	16	2022	20	9
1048	35	16	2023	22	12
1051	35	17	2005	4156	919
1052	35	17	2006	3743	786
1053	35	17	2007	5120	828
1054	35	17	2008	3787	780
1055	35	17	2009	5419	965
1056	35	17	2010	4512	957
1057	35	17	2011	4907	887
1058	35	17	2012	4733	834
1059	35	17	2013	6737	1058
1060	35	17	2014	6199	960
1061	35	17	2015	6127	930
1062	35	17	2016	5299	882
1063	35	17	2017	7331	943
1064	35	17	2018	6398	785
1065	35	17	2019	7696	739
1066	35	17	2020	7466	730
1067	35	17	2021	7643	614
1068	35	17	2022	8172	714
1069	35	17	2023	6754	583
1072	52	1	2005	180709	6401
1073	52	1	2006	186244	6150
1074	52	1	2007	173122	5844
1075	52	1	2008	194622	5723
1076	52	1	2009	206256	5695
1077	52	1	2010	197369	5289
1078	52	1	2011	167839	4744
1079	52	1	2012	147920	3928
1080	52	1	2013	184661	4708
1081	52	1	2014	165421	4255
1082	52	1	2015	153657	4361
1083	52	1	2016	156432	4229
1084	52	1	2017	119834	3614
1085	52	1	2018	150274	3940
1086	52	1	2019	132661	3404
1087	52	1	2020	139373	3314
1088	52	1	2021	134131	3382
1089	52	1	2022	128455	3298
1090	52	1	2023	117454	2721
1091	52	1	2024	117175	2649
1093	52	2	2005	181220	9474
1094	52	2	2006	153048	8131
1095	52	2	2007	173966	8307
1096	52	2	2008	144494	7573
1097	52	2	2009	138286	7043
1098	52	2	2010	154234	7270
1099	52	2	2011	184497	7121
1100	52	2	2012	202787	7278
1101	52	2	2013	164942	6822
1102	52	2	2014	163004	6733
1103	52	2	2015	196556	6780
1104	52	2	2016	176639	6475
1105	52	2	2017	217114	6190
1106	52	2	2018	152270	5544
1107	52	2	2019	181140	5430
1108	52	2	2020	180398	4923
1109	52	2	2021	180948	5077
1110	52	2	2022	165878	4807
1111	52	2	2023	165447	4184
1114	52	3	2005	8320	777
1115	52	3	2006	8855	781
1116	52	3	2007	9363	748
1117	52	3	2008	14229	964
1118	52	3	2009	16807	1054
1135	52	4	2005	19250	2272
1136	52	4	2006	17913	1899
1137	52	4	2007	21330	2157
1138	52	4	2008	17449	1786
1139	52	4	2009	12758	1415
1140	52	4	2010	13104	1451
1141	52	4	2011	15031	1358
1142	52	4	2012	16884	1482
1143	52	4	2013	9011	905
1144	52	4	2014	11474	1083
1145	52	4	2015	15728	1554
1146	52	4	2016	15978	1479
1147	52	4	2017	22469	1652
1148	52	4	2018	15398	1281
1156	52	5	2005	\N	\N
1157	52	5	2006	\N	\N
1158	52	5	2007	\N	\N
1159	52	5	2008	1258	94
1160	52	5	2009	2583	143
1161	52	5	2010	2816	150
1162	52	5	2011	2751	121
1163	52	5	2012	3184	131
1164	52	5	2013	2822	195
1165	52	5	2014	2582	71
1166	52	5	2015	1704	118
1167	52	5	2016	1509	96
1168	52	5	2017	2347	139
1169	52	5	2018	1635	137
1170	52	5	2019	2169	118
1171	52	5	2020	2118	123
1172	52	5	2021	2559	116
1173	52	5	2022	2064	104
1174	52	5	2023	2409	89
1175	52	5	2024	2483	96
1177	52	6	2005	10224	478
1178	52	6	2006	11444	404
1179	52	6	2007	11298	405
1180	52	6	2008	9811	391
1181	52	6	2009	9205	346
1182	52	6	2010	10262	396
1183	52	6	2011	10614	437
1184	52	6	2012	11736	326
1185	52	6	2013	10970	323
1186	52	6	2014	11124	248
1187	52	6	2015	13227	326
1188	52	6	2016	14826	340
1189	52	6	2017	14957	356
1190	52	6	2018	17331	317
1191	52	6	2019	21317	378
1192	52	6	2020	19300	341
1193	52	6	2021	21474	339
1194	52	6	2022	23122	348
1195	52	6	2023	23257	314
1198	52	7	2005	208	19
1199	52	7	2006	30	5
1200	52	7	2007	21	11
1201	52	7	2008	47	7
1202	52	7	2009	\N	\N
1203	52	7	2010	\N	\N
1204	52	7	2011	\N	\N
1205	52	7	2012	\N	\N
1206	52	7	2013	\N	\N
1207	52	7	2014	\N	\N
1208	52	7	2015	\N	\N
1209	52	7	2016	\N	\N
1210	52	7	2017	\N	\N
1211	52	7	2018	\N	\N
1212	52	7	2019	\N	\N
1213	52	7	2020	\N	\N
1214	52	7	2021	\N	\N
1215	52	7	2022	\N	\N
1216	52	7	2023	\N	\N
1217	52	7	2024	\N	\N
1218	52	7	2025	\N	\N
1219	52	8	2005	33983	2598
1220	52	8	2006	47017	3031
1221	52	8	2007	54312	3026
1222	52	8	2008	45358	2575
1223	52	8	2009	43479	2296
1224	52	8	2010	40676	2005
1225	52	8	2011	38335	1759
1226	52	8	2012	41591	1962
1227	52	8	2013	40210	1877
1228	52	8	2014	48829	2150
1229	52	8	2015	42333	2005
1230	52	8	2016	43142	1742
1231	52	8	2017	39681	1659
1232	52	8	2018	47656	1917
1233	52	8	2019	39178	1490
1234	52	8	2020	44776	1639
1235	52	8	2021	51438	1839
1240	52	9	2005	41	31
1241	52	9	2006	45	25
1242	52	9	2007	30	20
1243	52	9	2008	54	29
1244	52	9	2009	72	28
1245	52	9	2010	47	26
1246	52	9	2011	48	26
1247	52	9	2012	40	22
1248	52	9	2013	38	16
1249	52	9	2014	46	17
1250	52	9	2015	41	23
1251	52	9	2016	86	65
1252	52	9	2017	56	21
1253	52	9	2018	105	19
1254	52	9	2019	64	17
1255	52	9	2020	42	13
1256	52	9	2021	68	24
1257	52	9	2022	57	28
1258	52	9	2023	19	14
1259	52	9	2024	32	25
1261	52	10	2005	1033	278
1262	52	10	2006	871	235
1263	52	10	2007	926	266
1264	52	10	2008	957	197
1265	52	10	2009	949	224
1266	52	10	2010	936	221
1267	52	10	2011	839	162
1268	52	10	2012	1242	303
1269	52	10	2013	991	225
1270	52	10	2014	657	194
1271	52	10	2015	618	264
1272	52	10	2016	550	176
1273	52	10	2017	564	184
1274	52	10	2018	507	197
1275	52	10	2019	725	220
1276	52	10	2020	592	225
1277	52	10	2021	695	227
1278	52	10	2022	924	252
1279	52	10	2023	952	297
1282	52	11	2005	177	78
1303	52	12	2005	37	37
1304	52	12	2006	29	38
1305	52	12	2007	35	41
1306	52	12	2008	30	19
1307	52	12	2009	27	19
1308	52	12	2010	23	13
1309	52	12	2011	33	24
1310	52	12	2012	26	18
1311	52	12	2013	23	12
1312	52	12	2014	28	18
1313	52	12	2015	26	17
1314	52	12	2016	25	16
1315	52	12	2017	25	13
1316	52	12	2018	27	15
1317	52	12	2019	32	18
1318	52	12	2020	25	15
1319	52	12	2021	26	15
1320	52	12	2022	27	15
1321	52	12	2023	24	18
1322	52	12	2024	23	17
1324	52	13	2005	338	172
1325	52	13	2006	256	129
1326	52	13	2007	238	140
1327	52	13	2008	202	83
1328	52	13	2009	253	95
1329	52	13	2010	257	87
1330	52	13	2011	227	78
1331	52	13	2012	237	81
1332	52	13	2013	291	79
1333	52	13	2014	245	65
1334	52	13	2015	219	73
1335	52	13	2016	220	59
1336	52	13	2017	214	47
1337	52	13	2018	186	56
1338	52	13	2019	187	58
1339	52	13	2020	174	59
1340	52	13	2021	216	60
1341	52	13	2022	215	48
1342	52	13	2023	156	51
1345	52	14	2005	17	22
1346	52	14	2006	20	23
1347	52	14	2007	20	31
1348	52	14	2008	32	24
1349	52	14	2009	6	14
1350	52	14	2010	4	8
1351	52	14	2011	9	9
1352	52	14	2012	11	13
1353	52	14	2013	8	9
1354	52	14	2014	12	16
1355	52	14	2015	7	24
1356	52	14	2016	7	9
1357	52	14	2017	8	13
1358	52	14	2018	9	15
1359	52	14	2019	16	13
1360	52	14	2020	4	10
1361	52	14	2021	2	8
1362	52	14	2022	5	10
1363	52	14	2023	11	15
1366	52	15	2005	390	55
1367	52	15	2006	345	42
1368	52	15	2007	364	46
1369	52	15	2008	382	47
1370	52	15	2009	379	38
1371	52	15	2010	365	35
1372	52	15	2011	340	32
1373	52	15	2012	663	76
1374	52	15	2013	351	42
1375	52	15	2014	51	10
1376	52	15	2015	59	35
1377	52	15	2016	71	20
1378	52	15	2017	98	20
1379	52	15	2018	51	15
1380	52	15	2019	88	30
1381	52	15	2020	89	28
1382	52	15	2021	121	31
1383	52	15	2022	116	29
1384	52	15	2023	91	38
1387	52	16	2005	25	19
1388	52	16	2006	22	11
1389	52	16	2007	8	13
1390	52	16	2008	20	8
1391	52	16	2009	10	5
1392	52	16	2010	\N	\N
1393	52	16	2011	\N	\N
1394	52	16	2012	\N	\N
1395	52	16	2013	\N	\N
1396	52	16	2014	\N	\N
1397	52	16	2015	13	7
1398	52	16	2016	8	5
1399	52	16	2017	12	7
1400	52	16	2018	7	7
1401	52	16	2019	9	10
1402	52	16	2020	7	7
1403	52	16	2021	14	14
1404	52	16	2022	22	14
1405	52	16	2023	24	16
1406	52	16	2024	13	13
1408	52	17	2005	5080	1159
1409	52	17	2006	5142	1097
1410	52	17	2007	5203	1023
1411	52	17	2008	6393	1214
1412	52	17	2009	7370	1226
1413	52	17	2010	6242	1002
1414	52	17	2011	7673	1287
1415	52	17	2012	7140	1273
1416	52	17	2013	8095	1206
1417	52	17	2014	8750	1399
1418	52	17	2015	7483	1255
1419	52	17	2016	7823	1167
1420	52	17	2017	8599	1131
1421	52	17	2018	6875	1031
1422	52	17	2019	7460	982
1423	52	17	2020	6799	933
1424	52	17	2021	9241	974
1425	52	17	2022	7060	813
1426	52	17	2023	6566	790
1429	69	1	2005	131344	4480
1430	69	1	2006	129088	3871
1431	69	1	2007	126952	3870
1432	69	1	2008	141154	3747
1433	69	1	2009	145578	3557
1434	69	1	2010	141545	3259
1435	69	1	2011	108555	2824
1436	69	1	2012	104111	2631
1437	69	1	2013	119442	2726
1438	69	1	2014	108548	2476
1450	69	2	2005	78166	5343
1451	69	2	2006	69412	4586
1452	69	2	2007	76239	4754
1453	69	2	2008	58405	4114
1454	69	2	2009	62203	4088
1455	69	2	2010	64909	4207
1456	69	2	2011	98000	3938
1457	69	2	2012	93247	4218
1458	69	2	2013	73426	3989
1459	69	2	2014	71972	3541
1471	69	3	2005	8091	901
1472	69	3	2006	7993	706
1473	69	3	2007	9010	594
1474	69	3	2008	11377	918
1475	69	3	2009	13454	882
1476	69	3	2010	16926	1079
1477	69	3	2011	17225	902
1478	69	3	2012	23572	1325
1479	69	3	2013	27195	1404
1480	69	3	2014	31405	1664
1481	69	3	2015	25865	1390
1482	69	3	2016	25349	1145
1483	69	3	2017	24504	1254
1484	69	3	2018	34156	1523
1485	69	3	2019	28508	1334
1486	69	3	2020	28766	1281
1487	69	3	2021	29055	1287
1488	69	3	2022	28504	1303
1489	69	3	2023	32936	1225
1491	69	3	2025	\N	\N
1492	69	4	2005	16502	1911
1493	69	4	2006	17038	1723
1494	69	4	2007	20107	1877
1495	69	4	2008	15471	1516
1496	69	4	2009	12239	1229
1497	69	4	2010	11523	1109
1498	69	4	2011	16249	1283
1499	69	4	2012	15518	1310
1500	69	4	2013	10565	938
1501	69	4	2014	10194	1108
1502	69	4	2015	15042	1253
1503	69	4	2016	16258	1340
1504	69	4	2017	22480	1348
1505	69	4	2018	12117	1016
1506	69	4	2019	18345	1128
1507	69	4	2020	14667	998
1508	69	4	2021	14395	974
1509	69	4	2022	12960	959
1510	69	4	2023	10253	641
1513	69	5	2005	\N	\N
1514	69	5	2006	\N	\N
1515	69	5	2007	\N	\N
1516	69	5	2008	170	42
1517	69	5	2009	321	44
1518	69	5	2010	229	35
1519	69	5	2011	671	108
1520	69	5	2012	120	17
1521	69	5	2013	145	21
1522	69	5	2014	143	59
1523	69	5	2015	137	33
1524	69	5	2016	92	20
1525	69	5	2017	241	13
1526	69	5	2018	33	17
1527	69	5	2019	232	32
1528	69	5	2020	290	29
1529	69	5	2021	296	41
1530	69	5	2022	383	17
1531	69	5	2023	1597	40
1532	69	5	2024	664	33
1534	69	6	2005	3768	160
1535	69	6	2006	4418	145
1536	69	6	2007	4293	161
1537	69	6	2008	3324	126
1538	69	6	2009	3420	125
1539	69	6	2010	4127	122
1540	69	6	2011	5028	152
1541	69	6	2012	4617	126
1542	69	6	2013	4604	139
1543	69	6	2014	4109	98
1544	69	6	2015	4965	123
1545	69	6	2016	4761	112
1546	69	6	2017	6615	160
1547	69	6	2018	6857	133
1548	69	6	2019	8898	174
1549	69	6	2020	10199	190
1550	69	6	2021	10864	195
1551	69	6	2022	10795	172
1555	69	7	2005	\N	\N
1556	69	7	2006	\N	\N
1557	69	7	2007	12	5
1558	69	7	2008	2	8
1559	69	7	2009	\N	\N
1560	69	7	2010	\N	\N
1561	69	7	2011	\N	\N
1562	69	7	2012	\N	\N
1563	69	7	2013	\N	\N
1564	69	7	2014	\N	\N
1565	69	7	2015	\N	\N
1566	69	7	2016	\N	\N
1567	69	7	2017	\N	\N
1568	69	7	2018	\N	\N
1569	69	7	2019	\N	\N
1570	69	7	2020	\N	\N
1571	69	7	2021	\N	\N
1572	69	7	2022	\N	\N
1573	69	7	2023	\N	\N
1574	69	7	2024	\N	\N
1575	69	7	2025	\N	\N
1576	69	8	2005	22158	1582
1577	69	8	2006	28111	1719
1578	69	8	2007	32867	1945
1579	69	8	2008	27079	1379
1580	69	8	2009	25586	1301
1581	69	8	2010	26942	1141
1582	69	8	2011	25975	1154
1583	69	8	2012	26654	1181
1584	69	8	2013	25827	1027
1585	69	8	2014	32543	1300
1586	69	8	2015	28201	1275
1587	69	8	2016	27608	1033
1588	69	8	2017	22142	912
1589	69	8	2018	31643	1131
1590	69	8	2019	21034	788
1591	69	8	2020	28739	1050
1592	69	8	2021	35200	1076
1593	69	8	2022	38636	1224
1597	69	9	2005	\N	\N
1598	69	9	2006	10	11
1599	69	9	2007	9	5
1618	69	10	2005	403	97
1619	69	10	2006	364	116
1620	69	10	2007	370	113
1621	69	10	2008	318	118
1622	69	10	2009	310	94
1623	69	10	2010	274	66
1624	69	10	2011	211	45
1625	69	10	2012	336	101
1626	69	10	2013	214	56
1627	69	10	2014	207	74
1628	69	10	2015	298	113
1629	69	10	2016	263	81
1630	69	10	2017	347	87
1631	69	10	2018	280	88
1632	69	10	2019	286	95
1633	69	10	2020	369	107
1639	69	11	2005	49	17
1640	69	11	2006	75	31
1641	69	11	2007	61	31
1642	69	11	2008	64	56
1643	69	11	2009	64	25
1644	69	11	2010	53	18
1645	69	11	2011	49	11
1646	69	11	2012	50	14
1647	69	11	2013	40	16
1648	69	11	2014	40	13
1649	69	11	2015	53	27
1650	69	11	2016	50	35
1651	69	11	2017	32	12
1652	69	11	2018	47	32
1653	69	11	2019	41	32
1654	69	11	2020	40	34
1655	69	11	2021	44	34
1656	69	11	2022	43	32
1657	69	11	2023	46	34
1660	69	12	2005	8	11
1661	69	12	2006	16	21
1662	69	12	2007	9	13
1663	69	12	2008	4	6
1664	69	12	2009	5	6
1665	69	12	2010	4	6
1666	69	12	2011	5	6
1667	69	12	2012	6	6
1668	69	12	2013	5	6
1669	69	12	2014	7	7
1670	69	12	2015	5	6
1671	69	12	2016	6	7
1672	69	12	2017	\N	\N
1673	69	12	2018	4	5
1674	69	12	2019	4	5
1675	69	12	2020	\N	\N
1676	69	12	2021	\N	\N
1677	69	12	2022	5	6
1678	69	12	2023	\N	\N
1679	69	12	2024	\N	\N
1681	69	13	2005	155	61
1682	69	13	2006	122	65
1683	69	13	2007	94	48
1684	69	13	2008	102	43
1685	69	13	2009	98	46
1686	69	13	2010	87	33
1687	69	13	2011	78	23
1688	69	13	2012	105	35
1689	69	13	2013	68	20
1690	69	13	2014	108	29
1691	69	13	2015	123	40
1692	69	13	2016	119	22
1693	69	13	2017	168	60
1694	69	13	2018	129	28
1695	69	13	2019	127	28
1696	69	13	2020	91	18
1697	69	13	2021	133	41
1698	69	13	2022	116	24
1699	69	13	2023	103	22
1702	69	14	2005	5	7
1703	69	14	2006	7	10
1704	69	14	2007	9	12
1705	69	14	2008	9	9
1706	69	14	2009	11	6
1707	69	14	2010	\N	\N
1708	69	14	2011	\N	\N
1709	69	14	2012	\N	\N
1710	69	14	2013	6	7
1711	69	14	2014	\N	\N
1712	69	14	2015	8	11
1713	69	14	2016	\N	\N
1714	69	14	2017	\N	\N
1715	69	14	2018	\N	\N
1716	69	14	2019	\N	\N
1717	69	14	2020	\N	\N
1718	69	14	2021	\N	\N
1719	69	14	2022	\N	\N
1720	69	14	2023	\N	\N
1721	69	14	2024	\N	\N
1722	69	14	2025	\N	\N
1723	69	15	2005	147	16
1724	69	15	2006	110	22
1725	69	15	2007	148	18
1726	69	15	2008	109	10
1727	69	15	2009	110	14
1728	69	15	2010	101	12
1729	69	15	2011	55	7
1730	69	15	2012	122	13
1731	69	15	2013	65	8
1732	69	15	2014	\N	\N
1733	69	15	2015	25	5
1734	69	15	2016	14	5
1735	69	15	2017	\N	\N
1736	69	15	2018	\N	\N
1737	69	15	2019	11	5
1738	69	15	2020	32	11
1739	69	15	2021	30	12
1740	69	15	2022	6	8
1744	69	16	2005	18	5
1745	69	16	2006	20	7
1746	69	16	2007	28	6
1747	69	16	2008	\N	\N
1748	69	16	2009	\N	\N
1749	69	16	2010	\N	\N
1750	69	16	2011	\N	\N
1751	69	16	2012	\N	\N
1752	69	16	2013	\N	\N
1753	69	16	2014	\N	\N
1754	69	16	2015	\N	\N
1755	69	16	2016	\N	\N
1756	69	16	2017	\N	\N
1757	69	16	2018	\N	\N
1	1	1	2005	32734	1158
2	1	1	2006	28758	1033
3	1	1	2007	26882	1043
4	1	1	2008	29591	983
5	1	1	2009	30883	935
6	1	1	2010	31762	825
7	1	1	2011	32946	858
8	1	1	2012	26993	788
9	1	1	2013	31715	780
10	1	1	2014	29394	856
11	1	1	2015	27428	787
12	1	1	2016	28367	860
13	1	1	2017	26298	741
14	1	1	2018	25015	649
15	1	1	2019	24174	647
16	1	1	2020	26208	700
17	1	1	2021	24525	689
18	1	1	2022	23798	586
19	1	1	2023	22904	546
20	1	1	2024	21062	509
21	1	1	2025	\N	\N
41	1	2	2024	15000	557
42	1	2	2025	\N	\N
62	1	3	2024	4387	172
63	1	3	2025	\N	\N
83	1	4	2024	2275	153
84	1	4	2025	\N	\N
105	1	5	2025	\N	\N
147	1	7	2025	\N	\N
157	1	8	2014	10925	518
158	1	8	2015	8191	419
159	1	8	2016	10243	463
160	1	8	2017	8631	393
161	1	8	2018	7317	297
162	1	8	2019	7552	320
163	1	8	2020	9220	403
164	1	8	2021	9876	398
165	1	8	2022	10300	355
166	1	8	2023	6424	264
167	1	8	2024	7700	295
168	1	8	2025	\N	\N
173	1	9	2009	51	8
174	1	9	2010	\N	\N
175	1	9	2011	\N	\N
176	1	9	2012	26	5
177	1	9	2013	44	15
178	1	9	2014	16	7
179	1	9	2015	32	9
180	1	9	2016	31	7
181	1	9	2017	133	17
182	1	9	2018	73	8
183	1	9	2019	\N	\N
184	1	9	2020	\N	\N
185	1	9	2021	25	11
186	1	9	2022	13	6
187	1	9	2023	\N	\N
188	1	9	2024	\N	\N
189	1	9	2025	\N	\N
208	1	10	2023	339	144
209	1	10	2024	339	160
210	1	10	2025	\N	\N
230	1	11	2024	122	69
231	1	11	2025	\N	\N
251	1	12	2024	10	7
272	1	13	2024	28	15
273	1	13	2025	\N	\N
293	1	14	2024	7	14
294	1	14	2025	\N	\N
315	1	15	2025	\N	\N
325	1	16	2014	\N	\N
326	1	16	2015	\N	\N
327	1	16	2016	\N	\N
328	1	16	2017	\N	\N
329	1	16	2018	\N	\N
330	1	16	2019	\N	\N
331	1	16	2020	\N	\N
332	1	16	2021	\N	\N
333	1	16	2022	\N	\N
334	1	16	2023	\N	\N
335	1	16	2024	14	5
336	1	16	2025	\N	\N
347	1	17	2015	656	183
348	1	17	2016	297	167
349	1	17	2017	403	273
350	1	17	2018	370	161
351	1	17	2019	421	140
352	1	17	2020	248	119
353	1	17	2021	663	167
354	1	17	2022	607	201
355	1	17	2023	439	140
356	1	17	2024	296	123
357	1	17	2025	\N	\N
377	18	1	2024	132744	2208
378	18	1	2025	\N	\N
398	18	2	2024	101869	2326
399	18	2	2025	\N	\N
419	18	3	2024	8770	321
440	18	4	2024	6516	298
441	18	4	2025	\N	\N
461	18	5	2024	1396	309
485	18	7	2006	32627	2014
486	18	7	2007	35695	1795
487	18	7	2008	37139	1544
488	18	7	2009	38571	1440
489	18	7	2010	39290	1453
490	18	7	2011	42363	1583
491	18	7	2012	38084	1322
492	18	7	2013	35272	1265
493	18	7	2014	24491	1033
494	18	7	2015	33968	1108
495	18	7	2016	32259	901
496	18	7	2017	38419	980
497	18	7	2018	28971	746
498	18	7	2019	32152	769
499	18	7	2020	32142	823
500	18	7	2021	30245	726
501	18	7	2022	30193	698
502	18	7	2023	32587	621
503	18	7	2024	30482	600
504	18	7	2025	\N	\N
521	18	8	2021	51941	1628
522	18	8	2022	54052	1643
523	18	8	2023	45732	1390
524	18	8	2024	43124	1219
525	18	8	2025	\N	\N
545	18	9	2024	8	10
566	18	10	2024	1377	299
567	18	10	2025	\N	\N
587	18	11	2024	451	131
588	18	11	2025	\N	\N
608	18	12	2024	104	26
609	18	12	2025	\N	\N
629	18	13	2024	186	38
645	18	14	2019	306	47
646	18	14	2020	367	41
647	18	14	2021	277	48
648	18	14	2022	225	32
649	18	14	2023	150	31
650	18	14	2024	209	37
658	18	15	2011	577	53
659	18	15	2012	445	42
1765	69	17	2005	2755	560
660	18	15	2013	342	34
661	18	15	2014	165	18
662	18	15	2015	233	27
663	18	15	2016	175	30
664	18	15	2017	133	18
665	18	15	2018	181	25
666	18	15	2019	133	21
667	18	15	2020	144	19
668	18	15	2021	161	29
669	18	15	2022	127	13
670	18	15	2023	80	9
671	18	15	2024	57	11
672	18	15	2025	\N	\N
692	18	16	2024	34	6
693	18	16	2025	\N	\N
713	18	17	2024	2165	311
734	35	1	2024	129169	2576
735	35	1	2025	\N	\N
755	35	2	2024	137506	3578
756	35	2	2025	\N	\N
776	35	3	2024	25047	1187
777	35	3	2025	\N	\N
797	35	4	2024	32281	1521
803	35	5	2009	4624	301
804	35	5	2010	4764	258
805	35	5	2011	7300	236
806	35	5	2012	6998	281
807	35	5	2013	4906	210
808	35	5	2014	3587	205
809	35	5	2015	2917	180
810	35	5	2016	2297	206
811	35	5	2017	2452	232
812	35	5	2018	2187	216
813	35	5	2019	2839	237
814	35	5	2020	2867	210
815	35	5	2021	3761	194
816	35	5	2022	2955	215
817	35	5	2023	4274	229
818	35	5	2024	3947	156
819	35	5	2025	\N	\N
835	35	6	2020	10548	236
836	35	6	2021	10627	192
837	35	6	2022	12466	225
838	35	6	2023	13123	199
839	35	6	2024	16197	227
840	35	6	2025	\N	\N
860	35	7	2024	637	12
881	35	8	2024	38375	1185
882	35	8	2025	\N	\N
902	35	9	2024	942	40
903	35	9	2025	\N	\N
923	35	10	2024	1840	407
924	35	10	2025	\N	\N
945	35	11	2025	\N	\N
961	35	12	2020	130	51
962	35	12	2021	133	44
963	35	12	2022	156	49
964	35	12	2023	116	43
965	35	12	2024	128	43
966	35	12	2025	\N	\N
972	35	13	2010	394	109
973	35	13	2011	431	147
974	35	13	2012	362	123
975	35	13	2013	607	229
976	35	13	2014	345	71
977	35	13	2015	368	110
978	35	13	2016	396	114
979	35	13	2017	358	118
980	35	13	2018	387	92
981	35	13	2019	343	97
982	35	13	2020	315	88
983	35	13	2021	328	88
984	35	13	2022	335	84
985	35	13	2023	249	85
986	35	13	2024	236	82
987	35	13	2025	\N	\N
1007	35	14	2024	198	42
1028	35	15	2024	87	21
1029	35	15	2025	\N	\N
1049	35	16	2024	13	10
1050	35	16	2025	\N	\N
1070	35	17	2024	5817	610
1071	35	17	2025	\N	\N
1092	52	1	2025	\N	\N
1112	52	2	2024	155079	3993
1113	52	2	2025	\N	\N
1119	52	3	2010	18882	1108
1120	52	3	2011	20070	1090
1121	52	3	2012	30616	1622
1122	52	3	2013	37879	1990
1123	52	3	2014	46735	2518
1124	52	3	2015	36367	2101
1125	52	3	2016	41851	2208
1126	52	3	2017	34254	1852
1127	52	3	2018	59276	2418
1128	52	3	2019	42574	1941
1129	52	3	2020	38497	1731
1130	52	3	2021	41981	1987
1131	52	3	2022	37411	1722
1132	52	3	2023	36907	1645
1133	52	3	2024	36600	1546
1134	52	3	2025	\N	\N
1149	52	4	2019	20716	1394
1150	52	4	2020	20646	1417
1151	52	4	2021	20174	1392
1152	52	4	2022	16561	1159
1153	52	4	2023	15995	987
1154	52	4	2024	23435	1416
1155	52	4	2025	\N	\N
1176	52	5	2025	\N	\N
1196	52	6	2024	27557	360
1197	52	6	2025	\N	\N
1236	52	8	2022	56022	1951
1237	52	8	2023	48545	1577
1238	52	8	2024	43243	1370
1239	52	8	2025	\N	\N
1260	52	9	2025	\N	\N
1280	52	10	2024	1428	307
1281	52	10	2025	\N	\N
1283	52	11	2006	161	64
1284	52	11	2007	187	87
1285	52	11	2008	177	64
1286	52	11	2009	176	71
1287	52	11	2010	156	59
1288	52	11	2011	155	64
1289	52	11	2012	167	102
1290	52	11	2013	135	79
1291	52	11	2014	174	89
1292	52	11	2015	142	100
1293	52	11	2016	133	61
1294	52	11	2017	124	94
1295	52	11	2018	135	91
1296	52	11	2019	152	94
1297	52	11	2020	148	88
1298	52	11	2021	146	101
1299	52	11	2022	155	107
1300	52	11	2023	189	132
1301	52	11	2024	139	109
1302	52	11	2025	\N	\N
1323	52	12	2025	\N	\N
1343	52	13	2024	181	64
1344	52	13	2025	\N	\N
1364	52	14	2024	10	13
1365	52	14	2025	\N	\N
1385	52	15	2024	103	29
1386	52	15	2025	\N	\N
1407	52	16	2025	\N	\N
1427	52	17	2024	7408	847
1428	52	17	2025	\N	\N
1439	69	1	2015	98330	2755
1440	69	1	2016	104074	2560
1441	69	1	2017	75992	2210
1442	69	1	2018	95999	2346
1443	69	1	2019	80223	2002
1444	69	1	2020	88339	2251
1445	69	1	2021	82206	2054
1446	69	1	2022	78545	2025
1447	69	1	2023	74507	1796
1448	69	1	2024	73541	1553
1449	69	1	2025	\N	\N
1460	69	2	2015	96866	4023
1461	69	2	2016	84994	3699
1462	69	2	2017	107576	3542
1463	69	2	2018	73508	3467
1464	69	2	2019	94292	3245
1465	69	2	2020	90218	3237
1466	69	2	2021	89214	3074
1467	69	2	2022	79372	2881
1468	69	2	2023	91078	2584
1469	69	2	2024	73320	2351
1470	69	2	2025	\N	\N
1490	69	3	2024	34617	1182
1511	69	4	2024	18563	1036
1512	69	4	2025	\N	\N
1533	69	5	2025	\N	\N
1552	69	6	2023	12857	187
1553	69	6	2024	12970	191
1554	69	6	2025	\N	\N
1594	69	8	2023	34251	1057
1595	69	8	2024	28324	828
1596	69	8	2025	\N	\N
1600	69	9	2008	20	10
1601	69	9	2009	32	9
1602	69	9	2010	18	7
1603	69	9	2011	17	5
1604	69	9	2012	23	10
1605	69	9	2013	10	6
1606	69	9	2014	29	12
1607	69	9	2015	22	10
1608	69	9	2016	89	10
1609	69	9	2017	\N	\N
1610	69	9	2018	36	6
1611	69	9	2019	27	9
1612	69	9	2020	20	6
1613	69	9	2021	34	8
1614	69	9	2022	36	12
1615	69	9	2023	25	10
1616	69	9	2024	31	8
1617	69	9	2025	\N	\N
1634	69	10	2021	348	122
1635	69	10	2022	301	121
1636	69	10	2023	321	101
1637	69	10	2024	296	115
1638	69	10	2025	\N	\N
1658	69	11	2024	48	37
1659	69	11	2025	\N	\N
1680	69	12	2025	\N	\N
1700	69	13	2024	107	24
1701	69	13	2025	\N	\N
1741	69	15	2023	19	15
1742	69	15	2024	8	9
1743	69	15	2025	\N	\N
1758	69	16	2019	\N	\N
1759	69	16	2020	\N	\N
1760	69	16	2021	\N	\N
1761	69	16	2022	\N	\N
1762	69	16	2023	26	5
1763	69	16	2024	\N	\N
1764	69	16	2025	\N	\N
1766	69	17	2006	2609	538
1767	69	17	2007	2573	497
1768	69	17	2008	5213	581
1769	69	17	2009	3566	525
1770	69	17	2010	3989	477
1771	69	17	2011	3622	517
1772	69	17	2012	3357	526
1773	69	17	2013	4692	486
1774	69	17	2014	4142	483
1775	69	17	2015	3945	482
1776	69	17	2016	5421	472
1777	69	17	2017	5134	554
1778	69	17	2018	3398	426
1779	69	17	2019	3774	396
1780	69	17	2020	3192	352
1781	69	17	2021	3960	344
1782	69	17	2022	3428	359
1783	69	17	2023	3593	338
1784	69	17	2024	3049	330
1785	69	17	2025	\N	\N
\.


--
-- Data for Name: product_crops; Type: TABLE DATA; Schema: public; Owner: -
--

COPY public.product_crops (product_id, crop_id) FROM stdin;
\.


--
-- Data for Name: production; Type: TABLE DATA; Schema: public; Owner: -
--

COPY public.production (production_id, region_id, product_id) FROM stdin;
\.


--
-- Data for Name: products; Type: TABLE DATA; Schema: public; Owner: -
--

COPY public.products (product_id, name) FROM stdin;
\.


--
-- Data for Name: regions; Type: TABLE DATA; Schema: public; Owner: -
--

COPY public.regions (region_id, name) FROM stdin;
1	Region Hovedstaden
18	Region Sjælland
35	Region Syddanmark
52	Region Midtjylland
69	Region Nordjylland
\.


--
-- Name: crops_crop_id_seq; Type: SEQUENCE SET; Schema: public; Owner: -
--

SELECT pg_catalog.setval('public.crops_crop_id_seq', 170, true);


--
-- Name: produce_id_seq; Type: SEQUENCE SET; Schema: public; Owner: -
--

SELECT pg_catalog.setval('public.produce_id_seq', 1785, true);


--
-- Name: production_production_id_seq; Type: SEQUENCE SET; Schema: public; Owner: -
--

SELECT pg_catalog.setval('public.production_production_id_seq', 1, false);


--
-- Name: products_product_id_seq; Type: SEQUENCE SET; Schema: public; Owner: -
--

SELECT pg_catalog.setval('public.products_product_id_seq', 1, false);


--
-- Name: regions_region_id_seq; Type: SEQUENCE SET; Schema: public; Owner: -
--

SELECT pg_catalog.setval('public.regions_region_id_seq', 170, true);


--
-- Name: crops crops_name_key; Type: CONSTRAINT; Schema: public; Owner: -
--

ALTER TABLE ONLY public.crops
    ADD CONSTRAINT crops_name_key UNIQUE (name);


--
-- Name: crops crops_pkey; Type: CONSTRAINT; Schema: public; Owner: -
--

ALTER TABLE ONLY public.crops
    ADD CONSTRAINT crops_pkey PRIMARY KEY (crop_id);


--
-- Name: produce produce_pkey; Type: CONSTRAINT; Schema: public; Owner: -
--

ALTER TABLE ONLY public.produce
    ADD CONSTRAINT produce_pkey PRIMARY KEY (id);


--
-- Name: product_crops product_crops_pkey; Type: CONSTRAINT; Schema: public; Owner: -
--

ALTER TABLE ONLY public.product_crops
    ADD CONSTRAINT product_crops_pkey PRIMARY KEY (product_id, crop_id);


--
-- Name: production production_pkey; Type: CONSTRAINT; Schema: public; Owner: -
--

ALTER TABLE ONLY public.production
    ADD CONSTRAINT production_pkey PRIMARY KEY (production_id);


--
-- Name: products products_name_key; Type: CONSTRAINT; Schema: public; Owner: -
--

ALTER TABLE ONLY public.products
    ADD CONSTRAINT products_name_key UNIQUE (name);


--
-- Name: products products_pkey; Type: CONSTRAINT; Schema: public; Owner: -
--

ALTER TABLE ONLY public.products
    ADD CONSTRAINT products_pkey PRIMARY KEY (product_id);


--
-- Name: regions regions_name_key; Type: CONSTRAINT; Schema: public; Owner: -
--

ALTER TABLE ONLY public.regions
    ADD CONSTRAINT regions_name_key UNIQUE (name);


--
-- Name: regions regions_pkey; Type: CONSTRAINT; Schema: public; Owner: -
--

ALTER TABLE ONLY public.regions
    ADD CONSTRAINT regions_pkey PRIMARY KEY (region_id);


--
-- Name: average_yield average_yield_crop_id_fkey; Type: FK CONSTRAINT; Schema: public; Owner: -
--

ALTER TABLE ONLY public.average_yield
    ADD CONSTRAINT average_yield_crop_id_fkey FOREIGN KEY (crop_id) REFERENCES public.crops(crop_id);


--
-- Name: produce produce_crop_id_fkey; Type: FK CONSTRAINT; Schema: public; Owner: -
--

ALTER TABLE ONLY public.produce
    ADD CONSTRAINT produce_crop_id_fkey FOREIGN KEY (crop_id) REFERENCES public.crops(crop_id);


--
-- Name: produce produce_region_id_fkey; Type: FK CONSTRAINT; Schema: public; Owner: -
--

ALTER TABLE ONLY public.produce
    ADD CONSTRAINT produce_region_id_fkey FOREIGN KEY (region_id) REFERENCES public.regions(region_id);


--
-- Name: product_crops product_crops_crop_id_fkey; Type: FK CONSTRAINT; Schema: public; Owner: -
--

ALTER TABLE ONLY public.product_crops
    ADD CONSTRAINT product_crops_crop_id_fkey FOREIGN KEY (crop_id) REFERENCES public.crops(crop_id);


--
-- Name: product_crops product_crops_product_id_fkey; Type: FK CONSTRAINT; Schema: public; Owner: -
--

ALTER TABLE ONLY public.product_crops
    ADD CONSTRAINT product_crops_product_id_fkey FOREIGN KEY (product_id) REFERENCES public.products(product_id);


--
-- Name: production production_product_id_fkey; Type: FK CONSTRAINT; Schema: public; Owner: -
--

ALTER TABLE ONLY public.production
    ADD CONSTRAINT production_product_id_fkey FOREIGN KEY (product_id) REFERENCES public.products(product_id);


--
-- Name: production production_region_id_fkey; Type: FK CONSTRAINT; Schema: public; Owner: -
--

ALTER TABLE ONLY public.production
    ADD CONSTRAINT production_region_id_fkey FOREIGN KEY (region_id) REFERENCES public.regions(region_id);


--
-- PostgreSQL database dump complete
--

\unrestrict tHdhnyDwT9zcQ7pCBOfS0CcRgkaSpJGZ1jcL3SGWrPrFr4pH87ku3SSulb5emQa

