--
-- PostgreSQL database dump
--

\restrict 1rjbNXObjIfBJ8nFUIT7cFyChIWRyQxfnC0WdSG0UNDo7JvLPaXDbVgDNsvcohf

-- Dumped from database version 18.4 (Postgres.app)
-- Dumped by pg_dump version 18.4 (Postgres.app)

SET statement_timeout = 0;
SET lock_timeout = 0;
SET idle_in_transaction_session_timeout = 0;
SET transaction_timeout = 0;
SET client_encoding = 'UTF8';
SET standard_conforming_strings = on;
SELECT pg_catalog.set_config('search_path', '', false);
SET check_function_bodies = false;
SET xmloption = content;
SET client_min_messages = warning;
SET row_security = off;

--
-- Name: public; Type: SCHEMA; Schema: -; Owner: -
--

-- *not* creating schema, since initdb creates it


--
-- Name: SCHEMA public; Type: COMMENT; Schema: -; Owner: -
--

COMMENT ON SCHEMA public IS '';


SET default_tablespace = '';

SET default_table_access_method = heap;

--
-- Name: average_yield; Type: TABLE; Schema: public; Owner: -
--

CREATE TABLE public.average_yield (
    crop_id integer NOT NULL,
    avg_yield numeric
);


--
-- Name: crops; Type: TABLE; Schema: public; Owner: -
--

CREATE TABLE public.crops (
    crop_id integer NOT NULL,
    name text NOT NULL
);


--
-- Name: crops_crop_id_seq; Type: SEQUENCE; Schema: public; Owner: -
--

CREATE SEQUENCE public.crops_crop_id_seq
    AS integer
    START WITH 1
    INCREMENT BY 1
    NO MINVALUE
    NO MAXVALUE
    CACHE 1;


--
-- Name: crops_crop_id_seq; Type: SEQUENCE OWNED BY; Schema: public; Owner: -
--

ALTER SEQUENCE public.crops_crop_id_seq OWNED BY public.crops.crop_id;


--
-- Name: produce; Type: TABLE; Schema: public; Owner: -
--

CREATE TABLE public.produce (
    id integer NOT NULL,
    region_id integer NOT NULL,
    crop_id integer NOT NULL,
    year integer NOT NULL,
    area integer,
    farms integer
);


--
-- Name: produce_id_seq; Type: SEQUENCE; Schema: public; Owner: -
--

CREATE SEQUENCE public.produce_id_seq
    AS integer
    START WITH 1
    INCREMENT BY 1
    NO MINVALUE
    NO MAXVALUE
    CACHE 1;


--
-- Name: produce_id_seq; Type: SEQUENCE OWNED BY; Schema: public; Owner: -
--

ALTER SEQUENCE public.produce_id_seq OWNED BY public.produce.id;


--
-- Name: product_crops; Type: TABLE; Schema: public; Owner: -
--

CREATE TABLE public.product_crops (
    product_id integer NOT NULL,
    crop_id integer NOT NULL
);


--
-- Name: production; Type: TABLE; Schema: public; Owner: -
--

CREATE TABLE public.production (
    production_id integer NOT NULL,
    region_id integer NOT NULL,
    product_id integer NOT NULL
);


--
-- Name: production_production_id_seq; Type: SEQUENCE; Schema: public; Owner: -
--

CREATE SEQUENCE public.production_production_id_seq
    AS integer
    START WITH 1
    INCREMENT BY 1
    NO MINVALUE
    NO MAXVALUE
    CACHE 1;


--
-- Name: production_production_id_seq; Type: SEQUENCE OWNED BY; Schema: public; Owner: -
--

ALTER SEQUENCE public.production_production_id_seq OWNED BY public.production.production_id;


--
-- Name: products; Type: TABLE; Schema: public; Owner: -
--

CREATE TABLE public.products (
    product_id integer NOT NULL,
    name text NOT NULL
);


--
-- Name: products_product_id_seq; Type: SEQUENCE; Schema: public; Owner: -
--

CREATE SEQUENCE public.products_product_id_seq
    AS integer
    START WITH 1
    INCREMENT BY 1
    NO MINVALUE
    NO MAXVALUE
    CACHE 1;


--
-- Name: products_product_id_seq; Type: SEQUENCE OWNED BY; Schema: public; Owner: -
--

ALTER SEQUENCE public.products_product_id_seq OWNED BY public.products.product_id;


--
-- Name: regions; Type: TABLE; Schema: public; Owner: -
--

CREATE TABLE public.regions (
    region_id integer NOT NULL,
    name text NOT NULL
);


--
-- Name: regions_region_id_seq; Type: SEQUENCE; Schema: public; Owner: -
--

CREATE SEQUENCE public.regions_region_id_seq
    AS integer
    START WITH 1
    INCREMENT BY 1
    NO MINVALUE
    NO MAXVALUE
    CACHE 1;


--
-- Name: regions_region_id_seq; Type: SEQUENCE OWNED BY; Schema: public; Owner: -
--

ALTER SEQUENCE public.regions_region_id_seq OWNED BY public.regions.region_id;


--
-- Name: yields; Type: VIEW; Schema: public; Owner: -
--

CREATE VIEW public.yields AS
 SELECT p.region_id,
    p.crop_id,
    p.year,
    ((p.area)::numeric * av.avg_yield) AS yield
   FROM (public.produce p
     JOIN public.average_yield av ON ((av.crop_id = p.crop_id)));


--
-- Name: crops crop_id; Type: DEFAULT; Schema: public; Owner: -
--

ALTER TABLE ONLY public.crops ALTER COLUMN crop_id SET DEFAULT nextval('public.crops_crop_id_seq'::regclass);


--
-- Name: produce id; Type: DEFAULT; Schema: public; Owner: -
--

ALTER TABLE ONLY public.produce ALTER COLUMN id SET DEFAULT nextval('public.produce_id_seq'::regclass);


--
-- Name: production production_id; Type: DEFAULT; Schema: public; Owner: -
--

ALTER TABLE ONLY public.production ALTER COLUMN production_id SET DEFAULT nextval('public.production_production_id_seq'::regclass);


--
-- Name: products product_id; Type: DEFAULT; Schema: public; Owner: -
--

ALTER TABLE ONLY public.products ALTER COLUMN product_id SET DEFAULT nextval('public.products_product_id_seq'::regclass);


--
-- Name: regions region_id; Type: DEFAULT; Schema: public; Owner: -
--

ALTER TABLE ONLY public.regions ALTER COLUMN region_id SET DEFAULT nextval('public.regions_region_id_seq'::regclass);


--
-- Data for Name: average_yield; Type: TABLE DATA; Schema: public; Owner: -
--

COPY public.average_yield (crop_id, avg_yield) FROM stdin;
1	7.7
2	5.6
3	6.1
4	4.7
5	6.5
6	40.0
7	65.0
8	4.0
9	3.8
11	25.0
12	15.0
13	12.0
14	7.5
15	7.0
16	6.5
17	6.0
\.


--
-- Data for Name: crops; Type: TABLE DATA; Schema: public; Owner: -
--

COPY public.crops (crop_id, name) FROM stdin;
1	Hvede
2	Vårbyg
3	Rug
4	Havre
5	Majs til modenhed
6	Industrikartofler
7	Sukkerroer til fabrik
8	Raps
9	Ærter til konsum
10	Frugt og bær
11	Æbler
12	Pærer
13	Jordbær
14	Kirsebær
15	Solbær
16	Ribs
17	Juletræer og pyntegrønt
\.


--
-- Data for Name: produce; Type: TABLE DATA; Schema: public; Owner: -
--

COPY public.produce (id, region_id, crop_id, year, area, farms) FROM stdin;
715	35	1	2005	159239	5189
716	35	1	2006	156788	4873
717	35	1	2007	141272	4382
718	35	1	2008	153942	4500
719	35	1	2009	163383	4162
720	35	1	2010	169965	4032
721	35	1	2011	140099	3745
722	35	1	2012	142128	3495
723	35	1	2013	155904	3654
724	35	1	2014	150486	3642
725	35	1	2015	148266	3555
726	35	1	2016	137036	3203
727	35	1	2017	102416	2891
728	35	1	2018	142106	2999
729	35	1	2019	128350	2789
730	35	1	2020	141942	2859
731	35	1	2021	122725	2597
732	35	1	2022	128413	2647
733	35	1	2023	134302	2480
735	35	1	2025	\N	\N
736	35	2	2005	103385	5484
737	35	2	2006	95005	4855
738	35	2	2007	143440	5250
739	35	2	2008	100846	4759
740	35	2	2009	97731	4330
741	35	2	2010	110565	4501
742	35	2	2011	139010	4180
743	35	2	2012	113510	4066
744	35	2	2013	104877	3687
745	35	2	2014	126732	3739
746	35	2	2015	123791	3819
747	35	2	2016	115897	3660
748	35	2	2017	169620	4075
749	35	2	2018	116785	3177
750	35	2	2019	116370	3098
751	35	2	2020	102335	2998
752	35	2	2021	104711	2886
753	35	2	2022	104833	2814
754	35	2	2023	101919	2515
757	35	3	2005	2171	147
758	35	3	2006	2873	171
759	35	3	2007	2679	135
760	35	3	2008	3968	182
761	35	3	2009	4816	207
762	35	3	2010	4217	138
763	35	3	2011	5736	203
764	35	3	2012	8435	354
765	35	3	2013	7317	254
766	35	3	2014	7135	322
767	35	3	2015	5377	297
768	35	3	2016	7414	316
769	35	3	2017	5147	266
770	35	3	2018	10180	349
771	35	3	2019	9067	358
772	35	3	2020	8007	326
773	35	3	2021	8520	333
774	35	3	2022	8575	311
775	35	3	2023	9523	377
778	35	4	2005	4238	730
779	35	4	2006	3704	636
780	35	4	2007	4886	723
781	35	4	2008	3944	757
782	35	4	2009	2924	507
783	35	4	2010	3531	518
784	35	4	2011	4062	413
785	35	4	2012	2815	364
786	35	4	2013	2278	318
787	35	4	2014	1754	337
788	35	4	2015	2832	375
789	35	4	2016	3695	440
790	35	4	2017	5422	482
791	35	4	2018	3467	319
792	35	4	2019	7040	383
793	35	4	2020	4580	287
794	35	4	2021	3537	264
795	35	4	2022	4175	232
796	35	4	2023	3183	234
799	35	5	2005	\N	\N
800	35	5	2006	\N	\N
801	35	5	2007	\N	\N
802	35	5	2008	952	315
803	35	5	2009	1391	490
804	35	5	2010	1611	497
805	35	5	2011	1567	434
806	35	5	2012	1207	390
807	35	5	2013	1337	372
808	35	5	2014	807	396
809	35	5	2015	854	370
810	35	5	2016	707	365
811	35	5	2017	959	555
812	35	5	2018	987	415
813	35	5	2019	871	468
814	35	5	2020	942	431
815	35	5	2021	1323	512
816	35	5	2022	993	423
817	35	5	2023	1275	354
818	35	5	2024	1396	309
820	35	6	2005	\N	\N
821	35	6	2006	\N	\N
822	35	6	2007	\N	\N
823	35	6	2008	\N	\N
824	35	6	2009	\N	\N
825	35	6	2010	\N	\N
826	35	6	2011	\N	\N
827	35	6	2012	\N	\N
828	35	6	2013	\N	\N
841	35	7	2005	31008	2336
842	35	7	2006	32627	2014
843	35	7	2007	35695	1795
844	35	7	2008	37139	1544
845	35	7	2009	38571	1440
846	35	7	2010	39290	1453
847	35	7	2011	42363	1583
848	35	7	2012	38084	1322
862	35	8	2005	25941	1796
863	35	8	2006	40562	2333
864	35	8	2007	29924	1809
865	35	8	2008	33916	1862
866	35	8	2009	38925	1858
867	35	8	2010	27921	1253
868	35	8	2011	24558	1334
869	35	8	2012	45458	1830
870	35	8	2013	44668	1809
871	35	8	2014	47715	1911
872	35	8	2015	39370	1684
873	35	8	2016	45585	1729
874	35	8	2017	37085	1583
875	35	8	2018	38402	1498
876	35	8	2019	38639	1405
877	35	8	2020	43254	1503
878	35	8	2021	51941	1628
879	35	8	2022	54052	1643
880	35	8	2023	45732	1390
883	35	9	2005	2704	185
884	35	9	2006	2434	160
885	35	9	2007	3022	151
886	35	9	2008	3415	180
887	35	9	2009	2159	110
888	35	9	2010	2434	108
889	35	9	2011	2138	97
890	35	9	2012	1892	88
891	35	9	2013	1722	83
892	35	9	2014	2001	86
893	35	9	2015	2459	112
894	35	9	2016	2427	116
895	35	9	2017	1899	86
896	35	9	2018	2417	103
897	35	9	2019	2281	75
898	35	9	2020	2609	100
899	35	9	2021	2010	56
900	35	9	2022	58	12
901	35	9	2023	7	6
903	35	9	2025	\N	\N
904	35	10	2005	2884	420
905	35	10	2006	3218	458
906	35	10	2007	2870	368
907	35	10	2008	2885	337
908	35	10	2009	2846	369
909	35	10	2010	2517	297
910	35	10	2011	2884	294
911	35	10	2012	2531	287
912	35	10	2013	2427	285
913	35	10	2014	2018	361
914	35	10	2015	2107	296
915	35	10	2016	2045	331
916	35	10	2017	1866	275
917	35	10	2018	1735	286
918	35	10	2019	1661	278
919	35	10	2020	1734	247
920	35	10	2021	1624	281
921	35	10	2022	1566	285
922	35	10	2023	1377	255
925	35	11	2005	473	140
926	35	11	2006	604	178
927	35	11	2007	570	143
928	35	11	2008	579	125
929	35	11	2009	562	145
930	35	11	2010	486	95
931	35	11	2011	613	123
932	35	11	2012	493	111
933	35	11	2013	458	92
934	35	11	2014	438	138
935	35	11	2015	397	117
936	35	11	2016	434	142
937	35	11	2017	479	97
938	35	11	2018	441	114
939	35	11	2019	448	123
940	35	11	2020	473	127
941	35	11	2021	450	127
942	35	11	2022	459	128
943	35	11	2023	483	119
946	35	12	2005	140	73
947	35	12	2006	170	94
948	35	12	2007	135	62
949	35	12	2008	117	47
950	35	12	2009	125	49
951	35	12	2010	108	32
952	35	12	2011	108	36
953	35	12	2012	103	34
954	35	12	2013	99	38
955	35	12	2014	104	38
956	35	12	2015	103	38
957	35	12	2016	113	36
958	35	12	2017	111	27
959	35	12	2018	126	43
960	35	12	2019	114	35
961	35	12	2020	144	35
962	35	12	2021	118	42
963	35	12	2022	118	33
964	35	12	2023	108	26
967	35	13	2005	356	143
968	35	13	2006	354	132
969	35	13	2007	352	113
970	35	13	2008	340	91
971	35	13	2009	369	90
972	35	13	2010	380	95
973	35	13	2011	389	92
974	35	13	2012	355	71
975	35	13	2013	423	105
976	35	13	2014	453	77
977	35	13	2015	392	72
978	35	13	2016	473	85
979	35	13	2017	462	99
980	35	13	2018	367	59
981	35	13	2019	381	55
982	35	13	2020	336	47
983	35	13	2021	316	50
984	35	13	2022	278	50
985	35	13	2023	218	36
987	35	13	2025	\N	\N
988	35	14	2005	1214	127
989	35	14	2006	1267	125
1009	35	15	2005	440	66
1010	35	15	2006	517	59
1011	35	15	2007	605	59
1012	35	15	2008	461	63
1013	35	15	2009	472	53
1014	35	15	2010	475	48
1015	35	15	2011	577	53
1016	35	15	2012	445	42
1017	35	15	2013	342	34
1018	35	15	2014	165	18
1019	35	15	2015	233	27
1020	35	15	2016	175	30
1021	35	15	2017	133	18
1022	35	15	2018	181	25
1023	35	15	2019	133	21
1024	35	15	2020	144	19
1025	35	15	2021	161	29
1030	35	16	2005	198	41
1031	35	16	2006	215	40
1032	35	16	2007	108	24
1033	35	16	2008	143	25
1034	35	16	2009	88	22
1035	35	16	2010	86	21
1036	35	16	2011	83	16
1037	35	16	2012	85	25
1038	35	16	2013	71	21
1039	35	16	2014	62	20
1040	35	16	2015	67	17
1041	35	16	2016	82	17
1042	35	16	2017	99	13
1043	35	16	2018	75	11
1044	35	16	2019	76	14
1045	35	16	2020	79	10
1046	35	16	2021	75	9
1047	35	16	2022	59	13
1048	35	16	2023	\N	\N
1049	35	16	2024	34	6
1051	35	17	2005	2787	487
1052	35	17	2006	2659	519
1053	35	17	2007	3607	501
1054	35	17	2008	2764	558
1055	35	17	2009	2697	533
1056	35	17	2010	2602	458
1057	35	17	2011	3809	651
1058	35	17	2012	3148	536
1059	35	17	2013	3277	545
1060	35	17	2014	2464	452
1061	35	17	2015	2696	483
1062	35	17	2016	2763	488
1063	35	17	2017	2226	434
1064	35	17	2018	2175	347
1065	35	17	2019	2969	367
1066	35	17	2020	2692	400
1067	35	17	2021	2791	327
1068	35	17	2022	2696	398
1069	35	17	2023	3400	321
1072	52	1	2005	188311	6093
1073	52	1	2006	190791	5670
1074	52	1	2007	181212	5236
1075	52	1	2008	206552	5227
1076	52	1	2009	211564	5175
1077	52	1	2010	204067	4978
1078	52	1	2011	170266	4710
1079	52	1	2012	149703	3771
1080	52	1	2013	176719	4338
1081	52	1	2014	167525	3994
1082	52	1	2015	157387	3950
1083	52	1	2016	167568	3872
1084	52	1	2017	115027	3132
1085	52	1	2018	158303	3723
1086	52	1	2019	136325	3185
1087	52	1	2020	149846	3377
1088	52	1	2021	132321	3073
1089	52	1	2022	134267	2901
1090	52	1	2023	138188	2878
1093	52	2	2005	151695	8056
1094	52	2	2006	128291	6869
1095	52	2	2007	172555	7277
1096	52	2	2008	127644	6263
1097	52	2	2009	116585	6106
1098	52	2	2010	125413	6167
1099	52	2	2011	179789	6497
1100	52	2	2012	153330	5837
1101	52	2	2013	130616	5556
1102	52	2	2014	148352	5527
1103	52	2	2015	162951	5713
1104	52	2	2016	151538	5317
1105	52	2	2017	189204	5272
1106	52	2	2018	131437	5029
1107	52	2	2019	154390	4880
1108	52	2	2020	152356	4639
1109	52	2	2021	156097	4457
1110	52	2	2022	141269	4141
1111	52	2	2023	152461	4095
1114	52	3	2005	7625	655
1115	52	3	2006	7692	672
1116	52	3	2007	7195	498
1117	52	3	2008	9019	645
1118	52	3	2009	12163	795
1119	52	3	2010	13457	852
1120	52	3	2011	10691	751
1121	52	3	2012	20665	1135
1122	52	3	2013	27386	1427
1123	52	3	2014	33723	1999
1124	52	3	2015	28171	1507
1125	52	3	2016	30842	1515
1126	52	3	2017	22963	1228
1127	52	3	2018	37419	1769
1128	52	3	2019	30725	1543
1129	52	3	2020	28311	1413
1130	52	3	2021	28605	1389
1131	52	3	2022	29244	1419
1132	52	3	2023	29538	1388
1134	52	3	2025	\N	\N
1135	52	4	2005	16655	1853
1136	52	4	2006	14213	1471
1137	52	4	2007	21051	1849
1138	52	4	2008	14225	1410
1139	52	4	2009	11613	1246
1140	52	4	2010	11920	1194
1141	52	4	2011	14022	1231
1142	52	4	2012	16291	1215
1143	52	4	2013	11963	1003
1144	52	4	2014	13161	1374
1145	52	4	2015	16553	1512
1146	52	4	2016	19027	1404
1147	52	4	2017	28023	1732
1156	52	5	2005	\N	\N
1157	52	5	2006	\N	\N
1158	52	5	2007	\N	\N
1159	52	5	2008	4634	219
1160	52	5	2009	4624	301
1161	52	5	2010	4764	258
1162	52	5	2011	7300	236
1163	52	5	2012	6998	281
1177	52	6	2005	4719	240
1178	52	6	2006	5018	264
1179	52	6	2007	4427	237
1180	52	6	2008	4593	225
1181	52	6	2009	4012	211
1182	52	6	2010	4559	216
1183	52	6	2011	5680	257
1184	52	6	2012	4864	220
1185	52	6	2013	5501	262
1186	52	6	2014	6628	215
1187	52	6	2015	7351	216
1188	52	6	2016	7663	211
1189	52	6	2017	7214	158
1190	52	6	2018	10426	261
1191	52	6	2019	11857	244
1192	52	6	2020	10548	236
1193	52	6	2021	10627	192
1194	52	6	2022	12466	225
1195	52	6	2023	13123	199
1198	52	7	2005	10427	1233
1199	52	7	2006	6628	662
1200	52	7	2007	454	48
1201	52	7	2008	438	31
1202	52	7	2009	447	26
1203	52	7	2010	604	32
1204	52	7	2011	468	22
1205	52	7	2012	453	18
1206	52	7	2013	476	15
1207	52	7	2014	452	17
1208	52	7	2015	548	10
1209	52	7	2016	855	14
1210	52	7	2017	950	28
1211	52	7	2018	701	7
1212	52	7	2019	913	16
1213	52	7	2020	1028	16
1214	52	7	2021	840	12
1215	52	7	2022	819	10
1216	52	7	2023	1139	17
1219	52	8	2005	35683	2650
1220	52	8	2006	55615	3221
1221	52	8	2007	48927	2906
1222	52	8	2008	46158	2438
1223	52	8	2009	48235	2325
1224	52	8	2010	50950	2349
1225	52	8	2011	31378	1557
1226	52	8	2012	52458	2265
1227	52	8	2013	46388	1870
1228	52	8	2014	53223	2325
1229	52	8	2015	46192	2024
1230	52	8	2016	51109	1898
1231	52	8	2017	37809	1575
1232	52	8	2018	40277	1573
1233	52	8	2019	39323	1460
1234	52	8	2020	39488	1441
1235	52	8	2021	47929	1632
1236	52	8	2022	52653	1711
1237	52	8	2023	50772	1525
1240	52	9	2005	63	29
1241	52	9	2006	176	45
1242	52	9	2007	428	56
1243	52	9	2008	218	51
1244	52	9	2009	364	48
1245	52	9	2010	404	35
1246	52	9	2011	606	57
1247	52	9	2012	228	33
1248	52	9	2013	692	24
1249	52	9	2014	656	22
1250	52	9	2015	687	24
1251	52	9	2016	796	32
1252	52	9	2017	1003	27
1253	52	9	2018	1182	34
1254	52	9	2019	846	38
1255	52	9	2020	594	34
1256	52	9	2021	562	56
1257	52	9	2022	667	44
1258	52	9	2023	760	33
1260	52	9	2025	\N	\N
1261	52	10	2005	3327	496
1262	52	10	2006	3468	464
1263	52	10	2007	3712	511
1264	52	10	2008	3215	427
1265	52	10	2009	3385	438
1266	52	10	2010	3557	400
1267	52	10	2011	3297	452
1268	52	10	2012	3239	468
1269	52	10	2013	3709	478
1270	52	10	2014	3238	329
1271	52	10	2015	2661	367
1272	52	10	2016	2417	403
1273	52	10	2017	2641	368
1274	52	10	2018	2330	333
1275	52	10	2019	2243	369
1276	52	10	2020	2029	352
1277	52	10	2021	1985	377
1278	52	10	2022	2079	385
1279	52	10	2023	2047	391
1282	52	11	2005	827	158
1283	52	11	2006	858	165
1284	52	11	2007	852	195
1285	52	11	2008	829	163
1286	52	11	2009	819	169
1287	52	11	2010	785	139
1288	52	11	2011	796	172
1289	52	11	2012	792	165
1290	52	11	2013	778	146
1291	52	11	2014	781	150
1292	52	11	2015	761	169
1293	52	11	2016	754	176
1294	52	11	2017	970	145
1295	52	11	2018	784	140
1296	52	11	2019	745	152
1297	52	11	2020	737	156
1298	52	11	2021	751	156
1299	52	11	2022	684	168
1300	52	11	2023	694	163
1303	52	12	2005	194	103
1304	52	12	2006	230	127
1305	52	12	2007	233	121
1324	52	13	2005	376	197
1325	52	13	2006	348	180
1326	52	13	2007	419	178
1327	52	13	2008	293	146
1328	52	13	2009	368	131
1329	52	13	2010	394	109
1330	52	13	2011	431	147
1331	52	13	2012	362	123
1332	52	13	2013	607	229
1333	52	13	2014	345	71
1334	52	13	2015	368	110
1335	52	13	2016	396	114
1336	52	13	2017	358	118
1337	52	13	2018	387	92
1338	52	13	2019	343	97
1339	52	13	2020	315	88
1345	52	14	2005	805	142
1346	52	14	2006	788	139
1347	52	14	2007	868	134
1348	52	14	2008	650	108
1349	52	14	2009	627	103
1350	52	14	2010	599	84
1351	52	14	2011	493	75
1352	52	14	2012	465	106
1353	52	14	2013	466	70
1354	52	14	2014	418	60
1355	52	14	2015	337	56
1356	52	14	2016	285	55
1357	52	14	2017	239	51
1358	52	14	2018	300	57
1359	52	14	2019	300	53
1360	52	14	2020	281	42
1361	52	14	2021	180	61
1362	52	14	2022	227	43
1363	52	14	2023	227	48
1365	52	14	2025	\N	\N
1366	52	15	2005	783	82
1367	52	15	2006	798	76
1368	52	15	2007	867	71
1369	52	15	2008	806	72
1370	52	15	2009	883	77
1371	52	15	2010	1016	80
1372	52	15	2011	846	93
1373	52	15	2012	897	61
1374	52	15	2013	921	95
1375	52	15	2014	881	30
1376	52	15	2015	416	38
1377	52	15	2016	304	28
1378	52	15	2017	251	32
1379	52	15	2018	190	19
1380	52	15	2019	209	25
1381	52	15	2020	94	20
1382	52	15	2021	93	20
1383	52	15	2022	94	22
1384	52	15	2023	70	19
1387	52	16	2005	216	53
1388	52	16	2006	261	58
1389	52	16	2007	263	52
1390	52	16	2008	211	35
1391	52	16	2009	203	31
1392	52	16	2010	236	31
1393	52	16	2011	208	30
1394	52	16	2012	153	21
1395	52	16	2013	164	21
1396	52	16	2014	97	17
1397	52	16	2015	158	19
1398	52	16	2016	154	21
1399	52	16	2017	253	36
1400	52	16	2018	127	16
1401	52	16	2019	81	15
1402	52	16	2020	31	11
1403	52	16	2021	30	12
1404	52	16	2022	20	9
1405	52	16	2023	22	12
1408	52	17	2005	4156	919
1409	52	17	2006	3743	786
1410	52	17	2007	5120	828
1411	52	17	2008	3787	780
1412	52	17	2009	5419	965
1413	52	17	2010	4512	957
1414	52	17	2011	4907	887
1415	52	17	2012	4733	834
1416	52	17	2013	6737	1058
1417	52	17	2014	6199	960
1418	52	17	2015	6127	930
1419	52	17	2016	5299	882
1420	52	17	2017	7331	943
1421	52	17	2018	6398	785
1422	52	17	2019	7696	739
1423	52	17	2020	7466	730
1424	52	17	2021	7643	614
1425	52	17	2022	8172	714
1426	52	17	2023	6754	583
2143	103	1	2005	180709	6401
2144	103	1	2006	186244	6150
2145	103	1	2007	173122	5844
2146	103	1	2008	194622	5723
2147	103	1	2009	206256	5695
2148	103	1	2010	197369	5289
2149	103	1	2011	167839	4744
2150	103	1	2012	147920	3928
2151	103	1	2013	184661	4708
2152	103	1	2014	165421	4255
2153	103	1	2015	153657	4361
2154	103	1	2016	156432	4229
2155	103	1	2017	119834	3614
2156	103	1	2018	150274	3940
2157	103	1	2019	132661	3404
2158	103	1	2020	139373	3314
2159	103	1	2021	134131	3382
2160	103	1	2022	128455	3298
2161	103	1	2023	117454	2721
2164	103	2	2005	181220	9474
2165	103	2	2006	153048	8131
2166	103	2	2007	173966	8307
2167	103	2	2008	144494	7573
2168	103	2	2009	138286	7043
2169	103	2	2010	154234	7270
2170	103	2	2011	184497	7121
2171	103	2	2012	202787	7278
2172	103	2	2013	164942	6822
2173	103	2	2014	163004	6733
2174	103	2	2015	196556	6780
2175	103	2	2016	176639	6475
2176	103	2	2017	217114	6190
2177	103	2	2018	152270	5544
2178	103	2	2019	181140	5430
2179	103	2	2020	180398	4923
2180	103	2	2021	180948	5077
2181	103	2	2022	165878	4807
2182	103	2	2023	165447	4184
2185	103	3	2005	8320	777
2186	103	3	2006	8855	781
2187	103	3	2007	9363	748
2188	103	3	2008	14229	964
2189	103	3	2009	16807	1054
2190	103	3	2010	18882	1108
2191	103	3	2011	20070	1090
2192	103	3	2012	30616	1622
2193	103	3	2013	37879	1990
2194	103	3	2014	46735	2518
2195	103	3	2015	36367	2101
2196	103	3	2016	41851	2208
2197	103	3	2017	34254	1852
2198	103	3	2018	59276	2418
2199	103	3	2019	42574	1941
2200	103	3	2020	38497	1731
2201	103	3	2021	41981	1987
2202	103	3	2022	37411	1722
2203	103	3	2023	36907	1645
2206	103	4	2005	19250	2272
2207	103	4	2006	17913	1899
2208	103	4	2007	21330	2157
2209	103	4	2008	17449	1786
2210	103	4	2009	12758	1415
2211	103	4	2010	13104	1451
2212	103	4	2011	15031	1358
2213	103	4	2012	16884	1482
2214	103	4	2013	9011	905
2215	103	4	2014	11474	1083
2216	103	4	2015	15728	1554
2217	103	4	2016	15978	1479
2218	103	4	2017	22469	1652
2219	103	4	2018	15398	1281
2220	103	4	2019	20716	1394
2221	103	4	2020	20646	1417
2222	103	4	2021	20174	1392
2223	103	4	2022	16561	1159
2224	103	4	2023	15995	987
2226	103	4	2025	\N	\N
2227	103	5	2005	\N	\N
2228	103	5	2006	\N	\N
2229	103	5	2007	\N	\N
2230	103	5	2008	1258	94
2231	103	5	2009	2583	143
2232	103	5	2010	2816	150
2233	103	5	2011	2751	121
2234	103	5	2012	3184	131
2235	103	5	2013	2822	195
2236	103	5	2014	2582	71
2237	103	5	2015	1704	118
2238	103	5	2016	1509	96
2239	103	5	2017	2347	139
2240	103	5	2018	1635	137
2241	103	5	2019	2169	118
2242	103	5	2020	2118	123
2243	103	5	2021	2559	116
2244	103	5	2022	2064	104
2245	103	5	2023	2409	89
2248	103	6	2005	10224	478
2249	103	6	2006	11444	404
2250	103	6	2007	11298	405
2251	103	6	2008	9811	391
2252	103	6	2009	9205	346
2253	103	6	2010	10262	396
2254	103	6	2011	10614	437
2255	103	6	2012	11736	326
2256	103	6	2013	10970	323
2257	103	6	2014	11124	248
2258	103	6	2015	13227	326
2259	103	6	2016	14826	340
2260	103	6	2017	14957	356
2269	103	7	2005	208	19
2270	103	7	2006	30	5
2271	103	7	2007	21	11
2272	103	7	2008	47	7
2273	103	7	2009	\N	\N
2274	103	7	2010	\N	\N
2275	103	7	2011	\N	\N
2276	103	7	2012	\N	\N
2290	103	8	2005	33983	2598
2291	103	8	2006	47017	3031
2292	103	8	2007	54312	3026
2293	103	8	2008	45358	2575
2294	103	8	2009	43479	2296
2295	103	8	2010	40676	2005
2296	103	8	2011	38335	1759
2297	103	8	2012	41591	1962
2298	103	8	2013	40210	1877
2299	103	8	2014	48829	2150
2300	103	8	2015	42333	2005
2301	103	8	2016	43142	1742
2302	103	8	2017	39681	1659
2303	103	8	2018	47656	1917
2304	103	8	2019	39178	1490
2305	103	8	2020	44776	1639
2306	103	8	2021	51438	1839
2311	103	9	2005	41	31
2312	103	9	2006	45	25
2313	103	9	2007	30	20
2314	103	9	2008	54	29
2315	103	9	2009	72	28
2316	103	9	2010	47	26
2317	103	9	2011	48	26
2318	103	9	2012	40	22
2319	103	9	2013	38	16
2320	103	9	2014	46	17
2321	103	9	2015	41	23
2322	103	9	2016	86	65
2323	103	9	2017	56	21
2324	103	9	2018	105	19
2325	103	9	2019	64	17
2326	103	9	2020	42	13
2327	103	9	2021	68	24
2328	103	9	2022	57	28
2329	103	9	2023	19	14
2332	103	10	2005	1033	278
2333	103	10	2006	871	235
2334	103	10	2007	926	266
2335	103	10	2008	957	197
2336	103	10	2009	949	224
2337	103	10	2010	936	221
2338	103	10	2011	839	162
2339	103	10	2012	1242	303
2340	103	10	2013	991	225
2341	103	10	2014	657	194
2342	103	10	2015	618	264
2343	103	10	2016	550	176
2344	103	10	2017	564	184
2345	103	10	2018	507	197
2346	103	10	2019	725	220
2347	103	10	2020	592	225
2348	103	10	2021	695	227
2349	103	10	2022	924	252
2350	103	10	2023	952	297
2352	103	10	2025	\N	\N
2353	103	11	2005	177	78
2354	103	11	2006	161	64
2355	103	11	2007	187	87
2356	103	11	2008	177	64
2357	103	11	2009	176	71
2358	103	11	2010	156	59
2359	103	11	2011	155	64
2360	103	11	2012	167	102
2361	103	11	2013	135	79
2362	103	11	2014	174	89
2363	103	11	2015	142	100
2364	103	11	2016	133	61
2365	103	11	2017	124	94
2366	103	11	2018	135	91
2367	103	11	2019	152	94
2368	103	11	2020	148	88
2369	103	11	2021	146	101
2370	103	11	2022	155	107
2371	103	11	2023	189	132
2374	103	12	2005	37	37
2375	103	12	2006	29	38
2376	103	12	2007	35	41
2377	103	12	2008	30	19
2378	103	12	2009	27	19
2379	103	12	2010	23	13
2380	103	12	2011	33	24
2381	103	12	2012	26	18
2382	103	12	2013	23	12
2383	103	12	2014	28	18
2384	103	12	2015	26	17
2385	103	12	2016	25	16
2386	103	12	2017	25	13
2387	103	12	2018	27	15
2388	103	12	2019	32	18
2389	103	12	2020	25	15
2390	103	12	2021	26	15
2391	103	12	2022	27	15
2392	103	12	2023	24	18
2395	103	13	2005	338	172
2396	103	13	2006	256	129
2397	103	13	2007	238	140
2398	103	13	2008	202	83
2399	103	13	2009	253	95
2400	103	13	2010	257	87
2401	103	13	2011	227	78
2402	103	13	2012	237	81
2403	103	13	2013	291	79
2404	103	13	2014	245	65
2405	103	13	2015	219	73
2406	103	13	2016	220	59
2407	103	13	2017	214	47
2408	103	13	2018	186	56
2409	103	13	2019	187	58
2410	103	13	2020	174	59
2411	103	13	2021	216	60
2412	103	13	2022	215	48
2413	103	13	2023	156	51
2416	103	14	2005	17	22
2417	103	14	2006	20	23
2418	103	14	2007	20	31
2419	103	14	2008	32	24
2420	103	14	2009	6	14
2436	103	14	2025	\N	\N
2437	103	15	2005	390	55
2438	103	15	2006	345	42
2439	103	15	2007	364	46
2440	103	15	2008	382	47
2441	103	15	2009	379	38
2442	103	15	2010	365	35
2443	103	15	2011	340	32
2444	103	15	2012	663	76
2445	103	15	2013	351	42
2446	103	15	2014	51	10
2447	103	15	2015	59	35
2448	103	15	2016	71	20
2449	103	15	2017	98	20
2450	103	15	2018	51	15
2458	103	16	2005	25	19
2459	103	16	2006	22	11
2460	103	16	2007	8	13
2461	103	16	2008	20	8
2462	103	16	2009	10	5
2463	103	16	2010	\N	\N
2464	103	16	2011	\N	\N
2465	103	16	2012	\N	\N
2466	103	16	2013	\N	\N
2467	103	16	2014	\N	\N
2468	103	16	2015	13	7
2469	103	16	2016	8	5
2470	103	16	2017	12	7
2471	103	16	2018	7	7
2472	103	16	2019	9	10
2473	103	16	2020	7	7
2474	103	16	2021	14	14
2475	103	16	2022	22	14
2476	103	16	2023	24	16
2477	103	16	2024	13	13
2479	103	17	2005	5080	1159
2480	103	17	2006	5142	1097
2481	103	17	2007	5203	1023
2482	103	17	2008	6393	1214
2483	103	17	2009	7370	1226
2484	103	17	2010	6242	1002
2485	103	17	2011	7673	1287
2486	103	17	2012	7140	1273
2487	103	17	2013	8095	1206
2488	103	17	2014	8750	1399
2489	103	17	2015	7483	1255
2490	103	17	2016	7823	1167
2491	103	17	2017	8599	1131
2492	103	17	2018	6875	1031
2493	103	17	2019	7460	982
2494	103	17	2020	6799	933
2495	103	17	2021	9241	974
2496	103	17	2022	7060	813
2497	103	17	2023	6566	790
3214	154	1	2005	131344	4480
3215	154	1	2006	129088	3871
3216	154	1	2007	126952	3870
3235	154	2	2005	78166	5343
3236	154	2	2006	69412	4586
3237	154	2	2007	76239	4754
3238	154	2	2008	58405	4114
3239	154	2	2009	62203	4088
3240	154	2	2010	64909	4207
3241	154	2	2011	98000	3938
3242	154	2	2012	93247	4218
3255	154	2	2025	\N	\N
3256	154	3	2005	8091	901
3257	154	3	2006	7993	706
3258	154	3	2007	9010	594
3259	154	3	2008	11377	918
3260	154	3	2009	13454	882
3261	154	3	2010	16926	1079
3262	154	3	2011	17225	902
3263	154	3	2012	23572	1325
3264	154	3	2013	27195	1404
3265	154	3	2014	31405	1664
3266	154	3	2015	25865	1390
3267	154	3	2016	25349	1145
3268	154	3	2017	24504	1254
3269	154	3	2018	34156	1523
3270	154	3	2019	28508	1334
3271	154	3	2020	28766	1281
3272	154	3	2021	29055	1287
3273	154	3	2022	28504	1303
3274	154	3	2023	32936	1225
3277	154	4	2005	16502	1911
3278	154	4	2006	17038	1723
3279	154	4	2007	20107	1877
3280	154	4	2008	15471	1516
3281	154	4	2009	12239	1229
3282	154	4	2010	11523	1109
3283	154	4	2011	16249	1283
3284	154	4	2012	15518	1310
3285	154	4	2013	10565	938
3286	154	4	2014	10194	1108
3287	154	4	2015	15042	1253
3288	154	4	2016	16258	1340
3289	154	4	2017	22480	1348
3290	154	4	2018	12117	1016
3291	154	4	2019	18345	1128
3292	154	4	2020	14667	998
3293	154	4	2021	14395	974
3294	154	4	2022	12960	959
3295	154	4	2023	10253	641
3298	154	5	2005	\N	\N
3299	154	5	2006	\N	\N
3300	154	5	2007	\N	\N
3301	154	5	2008	170	42
3302	154	5	2009	321	44
3303	154	5	2010	229	35
3304	154	5	2011	671	108
3305	154	5	2012	120	17
3306	154	5	2013	145	21
3307	154	5	2014	143	59
3308	154	5	2015	137	33
3309	154	5	2016	92	20
3310	154	5	2017	241	13
3311	154	5	2018	33	17
3312	154	5	2019	232	32
3313	154	5	2020	290	29
3314	154	5	2021	296	41
3315	154	5	2022	383	17
3316	154	5	2023	1597	40
3317	154	5	2024	664	33
3319	154	6	2005	3768	160
3320	154	6	2006	4418	145
3321	154	6	2007	4293	161
3322	154	6	2008	3324	126
3323	154	6	2009	3420	125
3324	154	6	2010	4127	122
3325	154	6	2011	5028	152
3326	154	6	2012	4617	126
3327	154	6	2013	4604	139
3328	154	6	2014	4109	98
3329	154	6	2015	4965	123
3330	154	6	2016	4761	112
3331	154	6	2017	6615	160
3332	154	6	2018	6857	133
3333	154	6	2019	8898	174
3334	154	6	2020	10199	190
3335	154	6	2021	10864	195
3336	154	6	2022	10795	172
3339	154	6	2025	\N	\N
3340	154	7	2005	\N	\N
3341	154	7	2006	\N	\N
3342	154	7	2007	12	5
3343	154	7	2008	2	8
3344	154	7	2009	\N	\N
3345	154	7	2010	\N	\N
3346	154	7	2011	\N	\N
3347	154	7	2012	\N	\N
3348	154	7	2013	\N	\N
3349	154	7	2014	\N	\N
3350	154	7	2015	\N	\N
3351	154	7	2016	\N	\N
3352	154	7	2017	\N	\N
3353	154	7	2018	\N	\N
3354	154	7	2019	\N	\N
3355	154	7	2020	\N	\N
3356	154	7	2021	\N	\N
3357	154	7	2022	\N	\N
3358	154	7	2023	\N	\N
3359	154	7	2024	\N	\N
3360	154	7	2025	\N	\N
3361	154	8	2005	22158	1582
3362	154	8	2006	28111	1719
3363	154	8	2007	32867	1945
3364	154	8	2008	27079	1379
3365	154	8	2009	25586	1301
3366	154	8	2010	26942	1141
3367	154	8	2011	25975	1154
3368	154	8	2012	26654	1181
3369	154	8	2013	25827	1027
3370	154	8	2014	32543	1300
3371	154	8	2015	28201	1275
3372	154	8	2016	27608	1033
3373	154	8	2017	22142	912
3374	154	8	2018	31643	1131
3375	154	8	2019	21034	788
3376	154	8	2020	28739	1050
3377	154	8	2021	35200	1076
3382	154	9	2005	\N	\N
3383	154	9	2006	10	11
3384	154	9	2007	9	5
3385	154	9	2008	20	10
3386	154	9	2009	32	9
3403	154	10	2005	403	97
3404	154	10	2006	364	116
3405	154	10	2007	370	113
3406	154	10	2008	318	118
3407	154	10	2009	310	94
3408	154	10	2010	274	66
3409	154	10	2011	211	45
3410	154	10	2012	336	101
3411	154	10	2013	214	56
3412	154	10	2014	207	74
3413	154	10	2015	298	113
3414	154	10	2016	263	81
3415	154	10	2017	347	87
3416	154	10	2018	280	88
3424	154	11	2005	49	17
3425	154	11	2006	75	31
3426	154	11	2007	61	31
3427	154	11	2008	64	56
3428	154	11	2009	64	25
3429	154	11	2010	53	18
3430	154	11	2011	49	11
3431	154	11	2012	50	14
3432	154	11	2013	40	16
3433	154	11	2014	40	13
3434	154	11	2015	53	27
3435	154	11	2016	50	35
3436	154	11	2017	32	12
3437	154	11	2018	47	32
3438	154	11	2019	41	32
3439	154	11	2020	40	34
3440	154	11	2021	44	34
3441	154	11	2022	43	32
3442	154	11	2023	46	34
3444	154	11	2025	\N	\N
3445	154	12	2005	8	11
3446	154	12	2006	16	21
3447	154	12	2007	9	13
3448	154	12	2008	4	6
3449	154	12	2009	5	6
3450	154	12	2010	4	6
3451	154	12	2011	5	6
3452	154	12	2012	6	6
3453	154	12	2013	5	6
3454	154	12	2014	7	7
3455	154	12	2015	5	6
3456	154	12	2016	6	7
3457	154	12	2017	\N	\N
3458	154	12	2018	4	5
3459	154	12	2019	4	5
3460	154	12	2020	\N	\N
3461	154	12	2021	\N	\N
3462	154	12	2022	5	6
3463	154	12	2023	\N	\N
3464	154	12	2024	\N	\N
3466	154	13	2005	155	61
3467	154	13	2006	122	65
3468	154	13	2007	94	48
3469	154	13	2008	102	43
3470	154	13	2009	98	46
3471	154	13	2010	87	33
3472	154	13	2011	78	23
3473	154	13	2012	105	35
3474	154	13	2013	68	20
3475	154	13	2014	108	29
3476	154	13	2015	123	40
3477	154	13	2016	119	22
3478	154	13	2017	168	60
3479	154	13	2018	129	28
3480	154	13	2019	127	28
3481	154	13	2020	91	18
3482	154	13	2021	133	41
3483	154	13	2022	116	24
3487	154	14	2005	5	7
3488	154	14	2006	7	10
3489	154	14	2007	9	12
3490	154	14	2008	9	9
3491	154	14	2009	11	6
3492	154	14	2010	\N	\N
3493	154	14	2011	\N	\N
3494	154	14	2012	\N	\N
3495	154	14	2013	6	7
3496	154	14	2014	\N	\N
3497	154	14	2015	8	11
3498	154	14	2016	\N	\N
3499	154	14	2017	\N	\N
3500	154	14	2018	\N	\N
3501	154	14	2019	\N	\N
3502	154	14	2020	\N	\N
3503	154	14	2021	\N	\N
3504	154	14	2022	\N	\N
3505	154	14	2023	\N	\N
3506	154	14	2024	\N	\N
3507	154	14	2025	\N	\N
3508	154	15	2005	147	16
3509	154	15	2006	110	22
3510	154	15	2007	148	18
3511	154	15	2008	109	10
3512	154	15	2009	110	14
3513	154	15	2010	101	12
3514	154	15	2011	55	7
3515	154	15	2012	122	13
3516	154	15	2013	65	8
3517	154	15	2014	\N	\N
3518	154	15	2015	25	5
3519	154	15	2016	14	5
3520	154	15	2017	\N	\N
3521	154	15	2018	\N	\N
3522	154	15	2019	11	5
3523	154	15	2020	32	11
3524	154	15	2021	30	12
3525	154	15	2022	6	8
3529	154	16	2005	18	5
3530	154	16	2006	20	7
3531	154	16	2007	28	6
3532	154	16	2008	\N	\N
3533	154	16	2009	\N	\N
3534	154	16	2010	\N	\N
3535	154	16	2011	\N	\N
3536	154	16	2012	\N	\N
3537	154	16	2013	\N	\N
3538	154	16	2014	\N	\N
3539	154	16	2015	\N	\N
3540	154	16	2016	\N	\N
3541	154	16	2017	\N	\N
3542	154	16	2018	\N	\N
3543	154	16	2019	\N	\N
3544	154	16	2020	\N	\N
734	35	1	2024	132744	2208
755	35	2	2024	101869	2326
756	35	2	2025	\N	\N
776	35	3	2024	8770	321
777	35	3	2025	\N	\N
797	35	4	2024	6516	298
798	35	4	2025	\N	\N
819	35	5	2025	\N	\N
829	35	6	2014	49	5
830	35	6	2015	\N	\N
831	35	6	2016	\N	\N
832	35	6	2017	\N	\N
833	35	6	2018	\N	\N
834	35	6	2019	162	8
835	35	6	2020	191	17
836	35	6	2021	\N	\N
837	35	6	2022	\N	\N
838	35	6	2023	\N	\N
839	35	6	2024	105	7
840	35	6	2025	\N	\N
849	35	7	2013	35272	1265
850	35	7	2014	24491	1033
851	35	7	2015	33968	1108
852	35	7	2016	32259	901
853	35	7	2017	38419	980
854	35	7	2018	28971	746
855	35	7	2019	32152	769
856	35	7	2020	32142	823
857	35	7	2021	30245	726
858	35	7	2022	30193	698
859	35	7	2023	32587	621
860	35	7	2024	30482	600
861	35	7	2025	\N	\N
881	35	8	2024	43124	1219
882	35	8	2025	\N	\N
902	35	9	2024	8	10
923	35	10	2024	1377	299
924	35	10	2025	\N	\N
944	35	11	2024	451	131
945	35	11	2025	\N	\N
965	35	12	2024	104	26
966	35	12	2025	\N	\N
986	35	13	2024	186	38
990	35	14	2007	971	92
991	35	14	2008	1091	90
992	35	14	2009	1051	100
993	35	14	2010	811	77
994	35	14	2011	852	85
995	35	14	2012	869	84
996	35	14	2013	801	71
997	35	14	2014	601	59
998	35	14	2015	691	59
999	35	14	2016	569	58
1000	35	14	2017	388	40
1001	35	14	2018	346	50
1002	35	14	2019	306	47
1003	35	14	2020	367	41
1004	35	14	2021	277	48
1005	35	14	2022	225	32
1006	35	14	2023	150	31
1007	35	14	2024	209	37
1008	35	14	2025	\N	\N
1026	35	15	2022	127	13
1027	35	15	2023	80	9
1028	35	15	2024	57	11
1029	35	15	2025	\N	\N
1050	35	16	2025	\N	\N
1070	35	17	2024	2165	311
1071	35	17	2025	\N	\N
1091	52	1	2024	129169	2576
1092	52	1	2025	\N	\N
1112	52	2	2024	137506	3578
1113	52	2	2025	\N	\N
1133	52	3	2024	25047	1187
1148	52	4	2018	17747	1354
1149	52	4	2019	25301	1489
1150	52	4	2020	23887	1534
1151	52	4	2021	23015	1403
1152	52	4	2022	20764	1232
1153	52	4	2023	19268	1068
1154	52	4	2024	32281	1521
1155	52	4	2025	\N	\N
1164	52	5	2013	4906	210
1165	52	5	2014	3587	205
1166	52	5	2015	2917	180
1167	52	5	2016	2297	206
1168	52	5	2017	2452	232
1169	52	5	2018	2187	216
1170	52	5	2019	2839	237
1171	52	5	2020	2867	210
1172	52	5	2021	3761	194
1173	52	5	2022	2955	215
1174	52	5	2023	4274	229
1175	52	5	2024	3947	156
1176	52	5	2025	\N	\N
1196	52	6	2024	16197	227
1197	52	6	2025	\N	\N
1217	52	7	2024	637	12
1218	52	7	2025	\N	\N
1238	52	8	2024	38375	1185
1239	52	8	2025	\N	\N
1259	52	9	2024	942	40
1280	52	10	2024	1840	407
1281	52	10	2025	\N	\N
1301	52	11	2024	644	163
1302	52	11	2025	\N	\N
1306	52	12	2008	199	79
1307	52	12	2009	180	72
1308	52	12	2010	170	60
1309	52	12	2011	181	96
1310	52	12	2012	148	65
1311	52	12	2013	164	62
1312	52	12	2014	161	56
1313	52	12	2015	172	65
1314	52	12	2016	173	61
1315	52	12	2017	152	60
1316	52	12	2018	141	51
1317	52	12	2019	138	52
1318	52	12	2020	130	51
1319	52	12	2021	133	44
1320	52	12	2022	156	49
1321	52	12	2023	116	43
1322	52	12	2024	128	43
1323	52	12	2025	\N	\N
1340	52	13	2021	328	88
1341	52	13	2022	335	84
1342	52	13	2023	249	85
1343	52	13	2024	236	82
1344	52	13	2025	\N	\N
1364	52	14	2024	198	42
1385	52	15	2024	87	21
1386	52	15	2025	\N	\N
1406	52	16	2024	13	10
1407	52	16	2025	\N	\N
1427	52	17	2024	5817	610
1428	52	17	2025	\N	\N
2162	103	1	2024	117175	2649
2163	103	1	2025	\N	\N
2183	103	2	2024	155079	3993
2184	103	2	2025	\N	\N
2204	103	3	2024	36600	1546
2205	103	3	2025	\N	\N
2225	103	4	2024	23435	1416
2246	103	5	2024	2483	96
2247	103	5	2025	\N	\N
2261	103	6	2018	17331	317
2262	103	6	2019	21317	378
2263	103	6	2020	19300	341
2264	103	6	2021	21474	339
2265	103	6	2022	23122	348
2266	103	6	2023	23257	314
2267	103	6	2024	27557	360
2268	103	6	2025	\N	\N
2277	103	7	2013	\N	\N
2278	103	7	2014	\N	\N
2279	103	7	2015	\N	\N
2280	103	7	2016	\N	\N
2281	103	7	2017	\N	\N
2282	103	7	2018	\N	\N
2283	103	7	2019	\N	\N
2284	103	7	2020	\N	\N
2285	103	7	2021	\N	\N
2286	103	7	2022	\N	\N
2287	103	7	2023	\N	\N
2288	103	7	2024	\N	\N
2289	103	7	2025	\N	\N
2307	103	8	2022	56022	1951
2308	103	8	2023	48545	1577
2309	103	8	2024	43243	1370
2310	103	8	2025	\N	\N
2330	103	9	2024	32	25
2331	103	9	2025	\N	\N
2351	103	10	2024	1428	307
2372	103	11	2024	139	109
2373	103	11	2025	\N	\N
2393	103	12	2024	23	17
2394	103	12	2025	\N	\N
2414	103	13	2024	181	64
2415	103	13	2025	\N	\N
2421	103	14	2010	4	8
2422	103	14	2011	9	9
2423	103	14	2012	11	13
2424	103	14	2013	8	9
2425	103	14	2014	12	16
2426	103	14	2015	7	24
2427	103	14	2016	7	9
2428	103	14	2017	8	13
2429	103	14	2018	9	15
2430	103	14	2019	16	13
2431	103	14	2020	4	10
2432	103	14	2021	2	8
2433	103	14	2022	5	10
2434	103	14	2023	11	15
2435	103	14	2024	10	13
2451	103	15	2019	88	30
2452	103	15	2020	89	28
2453	103	15	2021	121	31
2454	103	15	2022	116	29
2455	103	15	2023	91	38
2456	103	15	2024	103	29
2457	103	15	2025	\N	\N
2478	103	16	2025	\N	\N
2498	103	17	2024	7408	847
2499	103	17	2025	\N	\N
3217	154	1	2008	141154	3747
3218	154	1	2009	145578	3557
3219	154	1	2010	141545	3259
3220	154	1	2011	108555	2824
3221	154	1	2012	104111	2631
3222	154	1	2013	119442	2726
3223	154	1	2014	108548	2476
3224	154	1	2015	98330	2755
3225	154	1	2016	104074	2560
3226	154	1	2017	75992	2210
3227	154	1	2018	95999	2346
3228	154	1	2019	80223	2002
3229	154	1	2020	88339	2251
3230	154	1	2021	82206	2054
3231	154	1	2022	78545	2025
3232	154	1	2023	74507	1796
3233	154	1	2024	73541	1553
3234	154	1	2025	\N	\N
3243	154	2	2013	73426	3989
3244	154	2	2014	71972	3541
3245	154	2	2015	96866	4023
3246	154	2	2016	84994	3699
3247	154	2	2017	107576	3542
3248	154	2	2018	73508	3467
3249	154	2	2019	94292	3245
3250	154	2	2020	90218	3237
3251	154	2	2021	89214	3074
3252	154	2	2022	79372	2881
3253	154	2	2023	91078	2584
3254	154	2	2024	73320	2351
3275	154	3	2024	34617	1182
3276	154	3	2025	\N	\N
3296	154	4	2024	18563	1036
3297	154	4	2025	\N	\N
3318	154	5	2025	\N	\N
3337	154	6	2023	12857	187
3338	154	6	2024	12970	191
3378	154	8	2022	38636	1224
3379	154	8	2023	34251	1057
3380	154	8	2024	28324	828
3381	154	8	2025	\N	\N
3387	154	9	2010	18	7
3388	154	9	2011	17	5
3389	154	9	2012	23	10
3390	154	9	2013	10	6
3391	154	9	2014	29	12
3392	154	9	2015	22	10
3393	154	9	2016	89	10
3394	154	9	2017	\N	\N
3395	154	9	2018	36	6
3396	154	9	2019	27	9
3397	154	9	2020	20	6
3398	154	9	2021	34	8
3399	154	9	2022	36	12
3400	154	9	2023	25	10
3401	154	9	2024	31	8
3402	154	9	2025	\N	\N
3417	154	10	2019	286	95
3418	154	10	2020	369	107
3419	154	10	2021	348	122
3420	154	10	2022	301	121
3421	154	10	2023	321	101
3422	154	10	2024	296	115
3423	154	10	2025	\N	\N
3443	154	11	2024	48	37
3465	154	12	2025	\N	\N
3484	154	13	2023	103	22
3485	154	13	2024	107	24
3486	154	13	2025	\N	\N
3526	154	15	2023	19	15
3527	154	15	2024	8	9
3528	154	15	2025	\N	\N
3545	154	16	2021	\N	\N
3546	154	16	2022	\N	\N
3547	154	16	2023	26	5
3548	154	16	2024	\N	\N
3549	154	16	2025	\N	\N
3550	154	17	2005	2755	560
3551	154	17	2006	2609	538
3552	154	17	2007	2573	497
3553	154	17	2008	5213	581
3554	154	17	2009	3566	525
3555	154	17	2010	3989	477
3556	154	17	2011	3622	517
3557	154	17	2012	3357	526
3558	154	17	2013	4692	486
3559	154	17	2014	4142	483
3560	154	17	2015	3945	482
3561	154	17	2016	5421	472
3562	154	17	2017	5134	554
3563	154	17	2018	3398	426
3564	154	17	2019	3774	396
3565	154	17	2020	3192	352
3566	154	17	2021	3960	344
3567	154	17	2022	3428	359
3568	154	17	2023	3593	338
3569	154	17	2024	3049	330
3570	154	17	2025	\N	\N
\.


--
-- Data for Name: product_crops; Type: TABLE DATA; Schema: public; Owner: -
--

COPY public.product_crops (product_id, crop_id) FROM stdin;
\.


--
-- Data for Name: production; Type: TABLE DATA; Schema: public; Owner: -
--

COPY public.production (production_id, region_id, product_id) FROM stdin;
\.


--
-- Data for Name: products; Type: TABLE DATA; Schema: public; Owner: -
--

COPY public.products (product_id, name) FROM stdin;
\.


--
-- Data for Name: regions; Type: TABLE DATA; Schema: public; Owner: -
--

COPY public.regions (region_id, name) FROM stdin;
35	Region Sjælland
52	Region Syddanmark
103	Region Midtjylland
154	Region Nordjylland
171	Region Hovedstaden
\.


--
-- Name: crops_crop_id_seq; Type: SEQUENCE SET; Schema: public; Owner: -
--

SELECT pg_catalog.setval('public.crops_crop_id_seq', 357, true);


--
-- Name: produce_id_seq; Type: SEQUENCE SET; Schema: public; Owner: -
--

SELECT pg_catalog.setval('public.produce_id_seq', 3570, true);


--
-- Name: production_production_id_seq; Type: SEQUENCE SET; Schema: public; Owner: -
--

SELECT pg_catalog.setval('public.production_production_id_seq', 1, false);


--
-- Name: products_product_id_seq; Type: SEQUENCE SET; Schema: public; Owner: -
--

SELECT pg_catalog.setval('public.products_product_id_seq', 1, false);


--
-- Name: regions_region_id_seq; Type: SEQUENCE SET; Schema: public; Owner: -
--

SELECT pg_catalog.setval('public.regions_region_id_seq', 357, true);


--
-- Name: crops crops_name_key; Type: CONSTRAINT; Schema: public; Owner: -
--

ALTER TABLE ONLY public.crops
    ADD CONSTRAINT crops_name_key UNIQUE (name);


--
-- Name: crops crops_pkey; Type: CONSTRAINT; Schema: public; Owner: -
--

ALTER TABLE ONLY public.crops
    ADD CONSTRAINT crops_pkey PRIMARY KEY (crop_id);


--
-- Name: produce produce_pkey; Type: CONSTRAINT; Schema: public; Owner: -
--

ALTER TABLE ONLY public.produce
    ADD CONSTRAINT produce_pkey PRIMARY KEY (id);


--
-- Name: product_crops product_crops_pkey; Type: CONSTRAINT; Schema: public; Owner: -
--

ALTER TABLE ONLY public.product_crops
    ADD CONSTRAINT product_crops_pkey PRIMARY KEY (product_id, crop_id);


--
-- Name: production production_pkey; Type: CONSTRAINT; Schema: public; Owner: -
--

ALTER TABLE ONLY public.production
    ADD CONSTRAINT production_pkey PRIMARY KEY (production_id);


--
-- Name: products products_name_key; Type: CONSTRAINT; Schema: public; Owner: -
--

ALTER TABLE ONLY public.products
    ADD CONSTRAINT products_name_key UNIQUE (name);


--
-- Name: products products_pkey; Type: CONSTRAINT; Schema: public; Owner: -
--

ALTER TABLE ONLY public.products
    ADD CONSTRAINT products_pkey PRIMARY KEY (product_id);


--
-- Name: regions regions_name_key; Type: CONSTRAINT; Schema: public; Owner: -
--

ALTER TABLE ONLY public.regions
    ADD CONSTRAINT regions_name_key UNIQUE (name);


--
-- Name: regions regions_pkey; Type: CONSTRAINT; Schema: public; Owner: -
--

ALTER TABLE ONLY public.regions
    ADD CONSTRAINT regions_pkey PRIMARY KEY (region_id);


--
-- Name: average_yield average_yield_crop_id_fkey; Type: FK CONSTRAINT; Schema: public; Owner: -
--

ALTER TABLE ONLY public.average_yield
    ADD CONSTRAINT average_yield_crop_id_fkey FOREIGN KEY (crop_id) REFERENCES public.crops(crop_id);


--
-- Name: produce produce_crop_id_fkey; Type: FK CONSTRAINT; Schema: public; Owner: -
--

ALTER TABLE ONLY public.produce
    ADD CONSTRAINT produce_crop_id_fkey FOREIGN KEY (crop_id) REFERENCES public.crops(crop_id);


--
-- Name: produce produce_region_id_fkey; Type: FK CONSTRAINT; Schema: public; Owner: -
--

ALTER TABLE ONLY public.produce
    ADD CONSTRAINT produce_region_id_fkey FOREIGN KEY (region_id) REFERENCES public.regions(region_id);


--
-- Name: product_crops product_crops_crop_id_fkey; Type: FK CONSTRAINT; Schema: public; Owner: -
--

ALTER TABLE ONLY public.product_crops
    ADD CONSTRAINT product_crops_crop_id_fkey FOREIGN KEY (crop_id) REFERENCES public.crops(crop_id);


--
-- Name: product_crops product_crops_product_id_fkey; Type: FK CONSTRAINT; Schema: public; Owner: -
--

ALTER TABLE ONLY public.product_crops
    ADD CONSTRAINT product_crops_product_id_fkey FOREIGN KEY (product_id) REFERENCES public.products(product_id);


--
-- Name: production production_product_id_fkey; Type: FK CONSTRAINT; Schema: public; Owner: -
--

ALTER TABLE ONLY public.production
    ADD CONSTRAINT production_product_id_fkey FOREIGN KEY (product_id) REFERENCES public.products(product_id);


--
-- Name: production production_region_id_fkey; Type: FK CONSTRAINT; Schema: public; Owner: -
--

ALTER TABLE ONLY public.production
    ADD CONSTRAINT production_region_id_fkey FOREIGN KEY (region_id) REFERENCES public.regions(region_id);


--
-- PostgreSQL database dump complete
--

\unrestrict 1rjbNXObjIfBJ8nFUIT7cFyChIWRyQxfnC0WdSG0UNDo7JvLPaXDbVgDNsvcohf

