--
-- PostgreSQL database dump
--

\restrict YId57RBuZQqs7ypMSDsfvibhNhgAWkWvVBXQbGz7XfqyYE0he2ldzOJO21xiBaW

-- Dumped from database version 18.4 (Postgres.app)
-- Dumped by pg_dump version 18.4 (Postgres.app)

SET statement_timeout = 0;
SET lock_timeout = 0;
SET idle_in_transaction_session_timeout = 0;
SET transaction_timeout = 0;
SET client_encoding = 'UTF8';
SET standard_conforming_strings = on;
SELECT pg_catalog.set_config('search_path', '', false);
SET check_function_bodies = false;
SET xmloption = content;
SET client_min_messages = warning;
SET row_security = off;

--
-- Name: public; Type: SCHEMA; Schema: -; Owner: kristianskovgaard
--

-- *not* creating schema, since initdb creates it


ALTER SCHEMA public OWNER TO kristianskovgaard;

--
-- Name: SCHEMA public; Type: COMMENT; Schema: -; Owner: kristianskovgaard
--

COMMENT ON SCHEMA public IS '';


SET default_tablespace = '';

SET default_table_access_method = heap;

--
-- Name: crops; Type: TABLE; Schema: public; Owner: kristianskovgaard
--

CREATE TABLE public.crops (
    crop_id integer NOT NULL,
    name text NOT NULL
);


ALTER TABLE public.crops OWNER TO kristianskovgaard;

--
-- Name: crops_crop_id_seq; Type: SEQUENCE; Schema: public; Owner: kristianskovgaard
--

CREATE SEQUENCE public.crops_crop_id_seq
    AS integer
    START WITH 1
    INCREMENT BY 1
    NO MINVALUE
    NO MAXVALUE
    CACHE 1;


ALTER SEQUENCE public.crops_crop_id_seq OWNER TO kristianskovgaard;

--
-- Name: crops_crop_id_seq; Type: SEQUENCE OWNED BY; Schema: public; Owner: kristianskovgaard
--

ALTER SEQUENCE public.crops_crop_id_seq OWNED BY public.crops.crop_id;


--
-- Name: produce; Type: TABLE; Schema: public; Owner: kristianskovgaard
--

CREATE TABLE public.produce (
    id integer NOT NULL,
    region_id integer NOT NULL,
    crop_id integer NOT NULL,
    year integer NOT NULL,
    area integer,
    farms integer
);


ALTER TABLE public.produce OWNER TO kristianskovgaard;

--
-- Name: produce_id_seq; Type: SEQUENCE; Schema: public; Owner: kristianskovgaard
--

CREATE SEQUENCE public.produce_id_seq
    AS integer
    START WITH 1
    INCREMENT BY 1
    NO MINVALUE
    NO MAXVALUE
    CACHE 1;


ALTER SEQUENCE public.produce_id_seq OWNER TO kristianskovgaard;

--
-- Name: produce_id_seq; Type: SEQUENCE OWNED BY; Schema: public; Owner: kristianskovgaard
--

ALTER SEQUENCE public.produce_id_seq OWNED BY public.produce.id;


--
-- Name: product_crops; Type: TABLE; Schema: public; Owner: kristianskovgaard
--

CREATE TABLE public.product_crops (
    product_id integer NOT NULL,
    crop_id integer NOT NULL
);


ALTER TABLE public.product_crops OWNER TO kristianskovgaard;

--
-- Name: production; Type: TABLE; Schema: public; Owner: kristianskovgaard
--

CREATE TABLE public.production (
    production_id integer NOT NULL,
    region_id integer NOT NULL,
    product_id integer NOT NULL
);


ALTER TABLE public.production OWNER TO kristianskovgaard;

--
-- Name: production_production_id_seq; Type: SEQUENCE; Schema: public; Owner: kristianskovgaard
--

CREATE SEQUENCE public.production_production_id_seq
    AS integer
    START WITH 1
    INCREMENT BY 1
    NO MINVALUE
    NO MAXVALUE
    CACHE 1;


ALTER SEQUENCE public.production_production_id_seq OWNER TO kristianskovgaard;

--
-- Name: production_production_id_seq; Type: SEQUENCE OWNED BY; Schema: public; Owner: kristianskovgaard
--

ALTER SEQUENCE public.production_production_id_seq OWNED BY public.production.production_id;


--
-- Name: products; Type: TABLE; Schema: public; Owner: kristianskovgaard
--

CREATE TABLE public.products (
    product_id integer NOT NULL,
    name text NOT NULL
);


ALTER TABLE public.products OWNER TO kristianskovgaard;

--
-- Name: products_product_id_seq; Type: SEQUENCE; Schema: public; Owner: kristianskovgaard
--

CREATE SEQUENCE public.products_product_id_seq
    AS integer
    START WITH 1
    INCREMENT BY 1
    NO MINVALUE
    NO MAXVALUE
    CACHE 1;


ALTER SEQUENCE public.products_product_id_seq OWNER TO kristianskovgaard;

--
-- Name: products_product_id_seq; Type: SEQUENCE OWNED BY; Schema: public; Owner: kristianskovgaard
--

ALTER SEQUENCE public.products_product_id_seq OWNED BY public.products.product_id;


--
-- Name: regions; Type: TABLE; Schema: public; Owner: kristianskovgaard
--

CREATE TABLE public.regions (
    region_id integer NOT NULL,
    name text NOT NULL
);


ALTER TABLE public.regions OWNER TO kristianskovgaard;

--
-- Name: regions_region_id_seq; Type: SEQUENCE; Schema: public; Owner: kristianskovgaard
--

CREATE SEQUENCE public.regions_region_id_seq
    AS integer
    START WITH 1
    INCREMENT BY 1
    NO MINVALUE
    NO MAXVALUE
    CACHE 1;


ALTER SEQUENCE public.regions_region_id_seq OWNER TO kristianskovgaard;

--
-- Name: regions_region_id_seq; Type: SEQUENCE OWNED BY; Schema: public; Owner: kristianskovgaard
--

ALTER SEQUENCE public.regions_region_id_seq OWNED BY public.regions.region_id;


--
-- Name: crops crop_id; Type: DEFAULT; Schema: public; Owner: kristianskovgaard
--

ALTER TABLE ONLY public.crops ALTER COLUMN crop_id SET DEFAULT nextval('public.crops_crop_id_seq'::regclass);


--
-- Name: produce id; Type: DEFAULT; Schema: public; Owner: kristianskovgaard
--

ALTER TABLE ONLY public.produce ALTER COLUMN id SET DEFAULT nextval('public.produce_id_seq'::regclass);


--
-- Name: production production_id; Type: DEFAULT; Schema: public; Owner: kristianskovgaard
--

ALTER TABLE ONLY public.production ALTER COLUMN production_id SET DEFAULT nextval('public.production_production_id_seq'::regclass);


--
-- Name: products product_id; Type: DEFAULT; Schema: public; Owner: kristianskovgaard
--

ALTER TABLE ONLY public.products ALTER COLUMN product_id SET DEFAULT nextval('public.products_product_id_seq'::regclass);


--
-- Name: regions region_id; Type: DEFAULT; Schema: public; Owner: kristianskovgaard
--

ALTER TABLE ONLY public.regions ALTER COLUMN region_id SET DEFAULT nextval('public.regions_region_id_seq'::regclass);


--
-- Data for Name: crops; Type: TABLE DATA; Schema: public; Owner: kristianskovgaard
--

COPY public.crops (crop_id, name) FROM stdin;
1	Hvede
2	Vårbyg
3	Rug
4	Havre
5	Majs til modenhed
6	Industrikartofler
7	Sukkerroer til fabrik
8	Raps
9	Ærter til konsum
10	Frugt og bær
11	Æbler
12	Pærer
13	Jordbær
14	Kirsebær
15	Solbær
16	Ribs
17	Juletræer og pyntegrønt
\.


--
-- Data for Name: produce; Type: TABLE DATA; Schema: public; Owner: kristianskovgaard
--

COPY public.produce (id, region_id, crop_id, year, area, farms) FROM stdin;
22	1	2	2005	8490	750
23	1	2	2006	7661	707
24	1	2	2007	10702	788
25	1	2	2008	7544	658
26	1	2	2009	6615	591
27	1	2	2010	10082	671
28	1	2	2011	15397	792
29	1	2	2012	9918	632
30	1	2	2013	11779	638
31	1	2	2014	9295	557
32	1	2	2015	12048	665
33	1	2	2016	12185	733
34	1	2	2017	15769	702
35	1	2	2018	11377	495
36	1	2	2019	10695	501
37	1	2	2020	9468	498
38	1	2	2021	10963	493
39	1	2	2022	9425	513
40	1	2	2023	6304	364
43	1	3	2005	3328	191
44	1	3	2006	2426	158
45	1	3	2007	2594	161
46	1	3	2008	3459	214
47	1	3	2009	4017	223
48	1	3	2010	2496	141
49	1	3	2011	3571	214
50	1	3	2012	4607	225
51	1	3	2013	3849	172
52	1	3	2014	5975	324
53	1	3	2015	2519	162
54	1	3	2016	3026	160
55	1	3	2017	2598	113
56	1	3	2018	3351	172
57	1	3	2019	3754	178
58	1	3	2020	4286	202
59	1	3	2021	3512	163
60	1	3	2022	3477	161
61	1	3	2023	3642	152
64	1	4	2005	2756	320
65	1	4	2006	2153	227
66	1	4	2007	3719	313
67	1	4	2008	1687	190
68	1	4	2009	1835	198
69	1	4	2010	2035	222
70	1	4	2011	1537	168
71	1	4	2012	1708	160
72	1	4	2013	845	120
73	1	4	2014	1009	83
74	1	4	2015	1380	153
75	1	4	2016	1484	131
76	1	4	2017	1514	138
77	1	4	2018	1469	123
78	1	4	2019	2500	150
79	1	4	2020	1338	118
80	1	4	2021	1107	122
81	1	4	2022	1195	100
82	1	4	2023	1073	73
85	1	5	2005	\N	\N
86	1	5	2006	\N	\N
87	1	5	2007	\N	\N
88	1	5	2008	67	32
89	1	5	2009	120	48
90	1	5	2010	118	61
91	1	5	2011	206	156
92	1	5	2012	73	38
93	1	5	2013	62	42
94	1	5	2014	86	73
95	1	5	2015	95	49
96	1	5	2016	58	50
97	1	5	2017	156	45
98	1	5	2018	58	45
99	1	5	2019	76	47
100	1	5	2020	31	30
101	1	5	2021	78	61
102	1	5	2022	146	46
103	1	5	2023	108	54
104	1	5	2024	99	30
106	1	6	2005	\N	\N
107	1	6	2006	\N	\N
108	1	6	2007	\N	\N
109	1	6	2008	\N	\N
110	1	6	2009	\N	\N
111	1	6	2010	\N	\N
112	1	6	2011	\N	\N
113	1	6	2012	\N	\N
114	1	6	2013	487	7
115	1	6	2014	\N	\N
116	1	6	2015	\N	\N
117	1	6	2016	\N	\N
118	1	6	2017	\N	\N
119	1	6	2018	\N	\N
120	1	6	2019	30	5
121	1	6	2020	49	10
122	1	6	2021	\N	\N
123	1	6	2022	\N	\N
124	1	6	2023	\N	\N
125	1	6	2024	\N	\N
126	1	6	2025	\N	\N
127	1	7	2005	\N	\N
128	1	7	2006	\N	\N
129	1	7	2007	\N	\N
130	1	7	2008	\N	\N
131	1	7	2009	\N	\N
132	1	7	2010	\N	\N
133	1	7	2011	\N	\N
134	1	7	2012	\N	\N
135	1	7	2013	\N	\N
136	1	7	2014	\N	\N
137	1	7	2015	\N	\N
138	1	7	2016	\N	\N
139	1	7	2017	\N	\N
140	1	7	2018	\N	\N
141	1	7	2019	\N	\N
142	1	7	2020	234	8
143	1	7	2021	109	5
144	1	7	2022	\N	\N
145	1	7	2023	\N	\N
146	1	7	2024	\N	\N
148	1	8	2005	4707	338
149	1	8	2006	6369	348
150	1	8	2007	4396	342
151	1	8	2008	6035	373
152	1	8	2009	6528	353
153	1	8	2010	3379	196
154	1	8	2011	5671	329
155	1	8	2012	6825	340
156	1	8	2013	6078	291
169	1	9	2005	28	7
170	1	9	2006	76	10
171	1	9	2007	103	8
172	1	9	2008	\N	\N
190	1	10	2005	421	98
191	1	10	2006	382	77
192	1	10	2007	392	83
193	1	10	2008	339	77
194	1	10	2009	293	69
195	1	10	2010	297	59
196	1	10	2011	271	49
197	1	10	2012	251	67
198	1	10	2013	260	68
199	1	10	2014	220	85
200	1	10	2015	344	88
201	1	10	2016	269	73
202	1	10	2017	195	39
203	1	10	2018	215	69
204	1	10	2019	265	90
205	1	10	2020	257	92
206	1	10	2021	317	114
207	1	10	2022	301	113
211	1	11	2005	115	61
212	1	11	2006	105	35
213	1	11	2007	117	60
214	1	11	2008	78	40
215	1	11	2009	60	27
216	1	11	2010	65	18
217	1	11	2011	88	30
218	1	11	2012	59	26
219	1	11	2013	68	32
220	1	11	2014	62	24
221	1	11	2015	133	38
222	1	11	2016	92	37
223	1	11	2017	66	19
224	1	11	2018	81	27
225	1	11	2019	91	45
226	1	11	2020	103	53
227	1	11	2021	101	46
228	1	11	2022	100	50
229	1	11	2023	111	58
232	1	12	2005	32	15
233	1	12	2006	19	16
234	1	12	2007	29	19
235	1	12	2008	20	6
236	1	12	2009	19	6
237	1	12	2010	30	14
238	1	12	2011	\N	\N
239	1	12	2012	\N	\N
240	1	12	2013	\N	\N
241	1	12	2014	18	5
242	1	12	2015	12	6
243	1	12	2016	16	8
244	1	12	2017	\N	\N
245	1	12	2018	14	6
246	1	12	2019	16	9
247	1	12	2020	8	6
248	1	12	2021	15	10
249	1	12	2022	12	8
250	1	12	2023	10	7
251	1	12	2024	10	7
253	1	13	2005	49	29
254	1	13	2006	51	34
255	1	13	2007	39	17
256	1	13	2008	44	18
257	1	13	2009	47	21
258	1	13	2010	41	16
259	1	13	2011	59	16
260	1	13	2012	59	25
261	1	13	2013	65	21
262	1	13	2014	74	30
263	1	13	2015	84	28
264	1	13	2016	67	21
265	1	13	2017	66	19
266	1	13	2018	61	21
267	1	13	2019	68	18
268	1	13	2020	65	15
269	1	13	2021	67	22
270	1	13	2022	37	16
271	1	13	2023	30	16
274	1	14	2005	87	15
275	1	14	2006	85	14
276	1	14	2007	78	13
277	1	14	2008	81	21
278	1	14	2009	47	13
279	1	14	2010	47	10
280	1	14	2011	43	9
281	1	14	2012	31	9
282	1	14	2013	35	9
283	1	14	2014	26	7
284	1	14	2015	5	9
285	1	14	2016	5	9
286	1	14	2017	\N	\N
287	1	14	2018	7	7
288	1	14	2019	13	13
289	1	14	2020	8	10
290	1	14	2021	11	14
291	1	14	2022	21	17
292	1	14	2023	6	11
295	1	15	2005	86	8
296	1	15	2006	85	8
297	1	15	2007	86	8
298	1	15	2008	90	8
299	1	15	2009	91	8
300	1	15	2010	83	5
301	1	15	2011	37	8
302	1	15	2012	40	8
303	1	15	2013	38	8
304	1	15	2014	\N	\N
305	1	15	2015	22	7
306	1	15	2016	\N	\N
307	1	15	2017	\N	\N
308	1	15	2018	18	10
309	1	15	2019	20	5
310	1	15	2020	8	7
311	1	15	2021	7	6
312	1	15	2022	9	6
313	1	15	2023	4	6
314	1	15	2024	4	8
316	1	16	2005	27	7
317	1	16	2006	19	6
318	1	16	2007	18	6
319	1	16	2008	\N	\N
320	1	16	2009	13	5
321	1	16	2010	\N	\N
322	1	16	2011	\N	\N
323	1	16	2012	\N	\N
324	1	16	2013	\N	\N
325	1	16	2014	\N	\N
337	1	17	2005	250	147
338	1	17	2006	284	125
339	1	17	2007	434	153
340	1	17	2008	314	155
341	1	17	2009	402	159
342	1	17	2010	223	159
343	1	17	2011	321	126
344	1	17	2012	443	135
358	18	1	2005	14908	447
359	18	1	2006	14236	385
360	18	1	2007	13697	379
361	18	1	2008	15025	377
362	18	1	2009	15316	343
363	18	1	2010	16092	307
364	18	1	2011	14024	260
365	18	1	2012	13678	280
366	18	1	2013	13742	245
367	18	1	2014	12545	294
368	18	1	2015	12734	248
369	18	1	2016	10886	276
370	18	1	2017	11948	218
371	18	1	2018	11538	199
372	18	1	2019	11712	232
373	18	1	2020	12283	235
374	18	1	2021	11236	228
375	18	1	2022	11890	223
376	18	1	2023	12611	222
378	18	1	2025	\N	\N
379	18	2	2005	4202	358
380	18	2	2006	3991	310
381	18	2	2007	3978	303
382	18	2	2008	4282	315
383	18	2	2009	4091	291
384	18	2	2010	5939	327
385	18	2	2011	6753	284
386	18	2	2012	5883	295
387	18	2	2013	4894	245
388	18	2	2014	5597	298
389	18	2	2015	5795	240
390	18	2	2016	5158	248
391	18	2	2017	8406	242
392	18	2	2018	5459	188
393	18	2	2019	6993	235
394	18	2	2020	7114	234
395	18	2	2021	6438	235
396	18	2	2022	4761	183
397	18	2	2023	5524	198
400	18	3	2005	220	23
401	18	3	2006	207	17
402	18	3	2007	134	8
403	18	3	2008	145	9
404	18	3	2009	80	8
405	18	3	2010	118	10
406	18	3	2011	245	8
407	18	3	2012	286	25
408	18	3	2013	467	29
409	18	3	2014	567	30
410	18	3	2015	677	36
411	18	3	2016	268	31
412	18	3	2017	514	29
413	18	3	2018	523	27
414	18	3	2019	375	23
415	18	3	2020	444	27
416	18	3	2021	317	18
417	18	3	2022	391	21
418	18	3	2023	857	49
421	18	4	2005	887	122
422	18	4	2006	541	81
423	18	4	2007	781	109
424	18	4	2008	606	96
425	18	4	2009	538	79
426	18	4	2010	192	28
427	18	4	2011	109	12
428	18	4	2012	272	43
429	18	4	2013	167	25
430	18	4	2014	206	49
431	18	4	2015	190	30
432	18	4	2016	299	21
433	18	4	2017	246	17
434	18	4	2018	230	24
435	18	4	2019	731	50
436	18	4	2020	328	29
437	18	4	2021	110	25
438	18	4	2022	121	33
439	18	4	2023	279	18
442	18	5	2005	\N	\N
443	18	5	2006	\N	\N
444	18	5	2007	\N	\N
445	18	5	2008	24	7
446	18	5	2009	90	13
447	18	5	2010	153	22
448	18	5	2011	231	10
449	18	5	2012	129	15
450	18	5	2013	148	10
451	18	5	2014	\N	\N
452	18	5	2015	21	7
453	18	5	2016	353	41
454	18	5	2017	\N	\N
455	18	5	2018	\N	\N
456	18	5	2019	8	6
457	18	5	2020	\N	\N
458	18	5	2021	\N	\N
459	18	5	2022	5	8
460	18	5	2023	6	11
461	18	5	2024	4	6
462	18	5	2025	\N	\N
463	18	6	2005	\N	\N
464	18	6	2006	\N	\N
465	18	6	2007	\N	\N
466	18	6	2008	\N	\N
467	18	6	2009	\N	\N
468	18	6	2010	\N	\N
469	18	6	2011	\N	\N
470	18	6	2012	\N	\N
471	18	6	2013	\N	\N
472	18	6	2014	\N	\N
473	18	6	2015	\N	\N
474	18	6	2016	\N	\N
475	18	6	2017	\N	\N
476	18	6	2018	\N	\N
477	18	6	2019	\N	\N
478	18	6	2020	\N	\N
479	18	6	2021	\N	\N
480	18	6	2022	\N	\N
481	18	6	2023	\N	\N
482	18	6	2024	\N	\N
505	18	8	2005	1996	162
506	18	8	2006	2167	164
507	18	8	2007	2567	168
508	18	8	2008	2394	162
509	18	8	2009	2054	136
510	18	8	2010	2353	197
511	18	8	2011	999	59
512	18	8	2012	2131	118
513	18	8	2013	2425	142
514	18	8	2014	3554	201
525	18	8	2025	\N	\N
526	18	9	2005	\N	\N
527	18	9	2006	\N	\N
528	18	9	2007	\N	\N
529	18	9	2008	\N	\N
530	18	9	2009	\N	\N
531	18	9	2010	\N	\N
532	18	9	2011	\N	\N
533	18	9	2012	\N	\N
534	18	9	2013	\N	\N
535	18	9	2014	\N	\N
536	18	9	2015	\N	\N
537	18	9	2016	\N	\N
538	18	9	2017	\N	\N
539	18	9	2018	\N	\N
540	18	9	2019	\N	\N
541	18	9	2020	\N	\N
542	18	9	2021	\N	\N
543	18	9	2022	\N	\N
544	18	9	2023	\N	\N
545	18	9	2024	\N	\N
546	18	9	2025	\N	\N
547	18	10	2005	15	16
548	18	10	2006	17	13
549	18	10	2007	23	16
550	18	10	2008	20	19
551	18	10	2009	14	11
552	18	10	2010	15	10
553	18	10	2011	\N	\N
554	18	10	2012	6	5
555	18	10	2013	8	5
556	18	10	2014	\N	\N
557	18	10	2015	\N	\N
558	18	10	2016	17	7
559	18	10	2017	21	9
560	18	10	2018	30	20
561	18	10	2019	39	19
562	18	10	2020	47	22
563	18	10	2021	49	26
564	18	10	2022	58	39
568	18	11	2005	4	10
569	18	11	2006	8	5
570	18	11	2007	10	6
571	18	11	2008	9	8
572	18	11	2009	5	5
573	18	11	2010	5	6
574	18	11	2011	\N	\N
575	18	11	2012	\N	\N
576	18	11	2013	\N	\N
577	18	11	2014	\N	\N
578	18	11	2015	\N	\N
579	18	11	2016	\N	\N
580	18	11	2017	\N	\N
581	18	11	2018	\N	\N
582	18	11	2019	12	7
583	18	11	2020	18	8
584	18	11	2021	15	8
585	18	11	2022	20	11
586	18	11	2023	26	10
587	18	11	2024	18	9
589	18	12	2005	\N	\N
590	18	12	2006	\N	\N
591	18	12	2007	\N	\N
592	18	12	2008	\N	\N
593	18	12	2009	\N	\N
594	18	12	2010	\N	\N
595	18	12	2011	\N	\N
596	18	12	2012	\N	\N
597	18	12	2013	\N	\N
598	18	12	2014	\N	\N
599	18	12	2015	\N	\N
600	18	12	2016	\N	\N
601	18	12	2017	\N	\N
602	18	12	2018	\N	\N
603	18	12	2019	\N	\N
604	18	12	2020	\N	\N
605	18	12	2021	\N	\N
606	18	12	2022	\N	\N
607	18	12	2023	\N	\N
608	18	12	2024	\N	\N
609	18	12	2025	\N	\N
610	18	13	2005	\N	\N
611	18	13	2006	\N	\N
612	18	13	2007	\N	\N
613	18	13	2008	4	11
614	18	13	2009	3	5
615	18	13	2010	\N	\N
616	18	13	2011	\N	\N
617	18	13	2012	\N	\N
618	18	13	2013	\N	\N
619	18	13	2014	\N	\N
620	18	13	2015	\N	\N
621	18	13	2016	\N	\N
622	18	13	2017	\N	\N
623	18	13	2018	\N	\N
624	18	13	2019	\N	\N
625	18	13	2020	\N	\N
626	18	13	2021	\N	\N
627	18	13	2022	\N	\N
628	18	13	2023	\N	\N
631	18	14	2005	\N	\N
632	18	14	2006	\N	\N
633	18	14	2007	4	7
634	18	14	2008	\N	\N
635	18	14	2009	\N	\N
673	18	16	2005	\N	\N
674	18	16	2006	\N	\N
675	18	16	2007	\N	\N
676	18	16	2008	\N	\N
677	18	16	2009	\N	\N
694	18	17	2005	90	23
695	18	17	2006	85	29
696	18	17	2007	78	28
697	18	17	2008	68	25
698	18	17	2009	67	25
699	18	17	2010	41	17
700	18	17	2011	260	37
701	18	17	2012	109	32
702	18	17	2013	173	23
703	18	17	2014	32	18
704	18	17	2015	96	28
705	18	17	2016	57	57
706	18	17	2017	30	26
707	18	17	2018	109	28
708	18	17	2019	86	22
709	18	17	2020	103	24
715	35	1	2005	159239	5189
716	35	1	2006	156788	4873
717	35	1	2007	141272	4382
718	35	1	2008	153942	4500
719	35	1	2009	163383	4162
720	35	1	2010	169965	4032
721	35	1	2011	140099	3745
722	35	1	2012	142128	3495
723	35	1	2013	155904	3654
724	35	1	2014	150486	3642
725	35	1	2015	148266	3555
726	35	1	2016	137036	3203
727	35	1	2017	102416	2891
728	35	1	2018	142106	2999
729	35	1	2019	128350	2789
730	35	1	2020	141942	2859
731	35	1	2021	122725	2597
732	35	1	2022	128413	2647
733	35	1	2023	134302	2480
735	35	1	2025	\N	\N
736	35	2	2005	103385	5484
737	35	2	2006	95005	4855
738	35	2	2007	143440	5250
739	35	2	2008	100846	4759
740	35	2	2009	97731	4330
741	35	2	2010	110565	4501
742	35	2	2011	139010	4180
743	35	2	2012	113510	4066
744	35	2	2013	104877	3687
745	35	2	2014	126732	3739
746	35	2	2015	123791	3819
747	35	2	2016	115897	3660
748	35	2	2017	169620	4075
749	35	2	2018	116785	3177
750	35	2	2019	116370	3098
751	35	2	2020	102335	2998
752	35	2	2021	104711	2886
753	35	2	2022	104833	2814
754	35	2	2023	101919	2515
757	35	3	2005	2171	147
758	35	3	2006	2873	171
759	35	3	2007	2679	135
760	35	3	2008	3968	182
761	35	3	2009	4816	207
762	35	3	2010	4217	138
763	35	3	2011	5736	203
764	35	3	2012	8435	354
765	35	3	2013	7317	254
766	35	3	2014	7135	322
767	35	3	2015	5377	297
768	35	3	2016	7414	316
769	35	3	2017	5147	266
770	35	3	2018	10180	349
771	35	3	2019	9067	358
772	35	3	2020	8007	326
773	35	3	2021	8520	333
774	35	3	2022	8575	311
775	35	3	2023	9523	377
778	35	4	2005	4238	730
779	35	4	2006	3704	636
780	35	4	2007	4886	723
781	35	4	2008	3944	757
782	35	4	2009	2924	507
783	35	4	2010	3531	518
784	35	4	2011	4062	413
785	35	4	2012	2815	364
786	35	4	2013	2278	318
787	35	4	2014	1754	337
788	35	4	2015	2832	375
789	35	4	2016	3695	440
790	35	4	2017	5422	482
791	35	4	2018	3467	319
792	35	4	2019	7040	383
793	35	4	2020	4580	287
794	35	4	2021	3537	264
795	35	4	2022	4175	232
796	35	4	2023	3183	234
799	35	5	2005	\N	\N
800	35	5	2006	\N	\N
801	35	5	2007	\N	\N
802	35	5	2008	952	315
803	35	5	2009	1391	490
804	35	5	2010	1611	497
805	35	5	2011	1567	434
806	35	5	2012	1207	390
807	35	5	2013	1337	372
808	35	5	2014	807	396
809	35	5	2015	854	370
810	35	5	2016	707	365
811	35	5	2017	959	555
812	35	5	2018	987	415
813	35	5	2019	871	468
814	35	5	2020	942	431
815	35	5	2021	1323	512
816	35	5	2022	993	423
817	35	5	2023	1275	354
818	35	5	2024	1396	309
820	35	6	2005	\N	\N
821	35	6	2006	\N	\N
822	35	6	2007	\N	\N
823	35	6	2008	\N	\N
824	35	6	2009	\N	\N
825	35	6	2010	\N	\N
826	35	6	2011	\N	\N
827	35	6	2012	\N	\N
828	35	6	2013	\N	\N
841	35	7	2005	31008	2336
842	35	7	2006	32627	2014
843	35	7	2007	35695	1795
844	35	7	2008	37139	1544
845	35	7	2009	38571	1440
846	35	7	2010	39290	1453
847	35	7	2011	42363	1583
848	35	7	2012	38084	1322
862	35	8	2005	25941	1796
863	35	8	2006	40562	2333
864	35	8	2007	29924	1809
865	35	8	2008	33916	1862
866	35	8	2009	38925	1858
867	35	8	2010	27921	1253
868	35	8	2011	24558	1334
869	35	8	2012	45458	1830
870	35	8	2013	44668	1809
871	35	8	2014	47715	1911
872	35	8	2015	39370	1684
873	35	8	2016	45585	1729
874	35	8	2017	37085	1583
875	35	8	2018	38402	1498
876	35	8	2019	38639	1405
877	35	8	2020	43254	1503
878	35	8	2021	51941	1628
879	35	8	2022	54052	1643
880	35	8	2023	45732	1390
883	35	9	2005	2704	185
884	35	9	2006	2434	160
885	35	9	2007	3022	151
886	35	9	2008	3415	180
887	35	9	2009	2159	110
888	35	9	2010	2434	108
889	35	9	2011	2138	97
890	35	9	2012	1892	88
891	35	9	2013	1722	83
892	35	9	2014	2001	86
893	35	9	2015	2459	112
894	35	9	2016	2427	116
895	35	9	2017	1899	86
896	35	9	2018	2417	103
897	35	9	2019	2281	75
898	35	9	2020	2609	100
899	35	9	2021	2010	56
900	35	9	2022	58	12
901	35	9	2023	7	6
903	35	9	2025	\N	\N
904	35	10	2005	2884	420
905	35	10	2006	3218	458
906	35	10	2007	2870	368
907	35	10	2008	2885	337
908	35	10	2009	2846	369
909	35	10	2010	2517	297
910	35	10	2011	2884	294
911	35	10	2012	2531	287
912	35	10	2013	2427	285
913	35	10	2014	2018	361
914	35	10	2015	2107	296
915	35	10	2016	2045	331
916	35	10	2017	1866	275
917	35	10	2018	1735	286
918	35	10	2019	1661	278
919	35	10	2020	1734	247
920	35	10	2021	1624	281
921	35	10	2022	1566	285
922	35	10	2023	1377	255
925	35	11	2005	473	140
926	35	11	2006	604	178
927	35	11	2007	570	143
928	35	11	2008	579	125
929	35	11	2009	562	145
930	35	11	2010	486	95
931	35	11	2011	613	123
932	35	11	2012	493	111
933	35	11	2013	458	92
934	35	11	2014	438	138
935	35	11	2015	397	117
936	35	11	2016	434	142
937	35	11	2017	479	97
938	35	11	2018	441	114
939	35	11	2019	448	123
940	35	11	2020	473	127
941	35	11	2021	450	127
942	35	11	2022	459	128
943	35	11	2023	483	119
946	35	12	2005	140	73
947	35	12	2006	170	94
948	35	12	2007	135	62
949	35	12	2008	117	47
950	35	12	2009	125	49
951	35	12	2010	108	32
952	35	12	2011	108	36
953	35	12	2012	103	34
954	35	12	2013	99	38
955	35	12	2014	104	38
956	35	12	2015	103	38
957	35	12	2016	113	36
958	35	12	2017	111	27
959	35	12	2018	126	43
960	35	12	2019	114	35
961	35	12	2020	144	35
962	35	12	2021	118	42
963	35	12	2022	118	33
964	35	12	2023	108	26
967	35	13	2005	356	143
968	35	13	2006	354	132
969	35	13	2007	352	113
970	35	13	2008	340	91
971	35	13	2009	369	90
972	35	13	2010	380	95
973	35	13	2011	389	92
974	35	13	2012	355	71
975	35	13	2013	423	105
976	35	13	2014	453	77
977	35	13	2015	392	72
978	35	13	2016	473	85
979	35	13	2017	462	99
980	35	13	2018	367	59
981	35	13	2019	381	55
982	35	13	2020	336	47
983	35	13	2021	316	50
984	35	13	2022	278	50
985	35	13	2023	218	36
987	35	13	2025	\N	\N
988	35	14	2005	1214	127
989	35	14	2006	1267	125
1009	35	15	2005	440	66
1010	35	15	2006	517	59
1011	35	15	2007	605	59
1012	35	15	2008	461	63
1013	35	15	2009	472	53
1014	35	15	2010	475	48
1015	35	15	2011	577	53
1016	35	15	2012	445	42
1017	35	15	2013	342	34
1018	35	15	2014	165	18
1019	35	15	2015	233	27
1020	35	15	2016	175	30
1021	35	15	2017	133	18
1022	35	15	2018	181	25
1023	35	15	2019	133	21
1024	35	15	2020	144	19
1025	35	15	2021	161	29
1030	35	16	2005	198	41
1031	35	16	2006	215	40
1032	35	16	2007	108	24
1033	35	16	2008	143	25
1034	35	16	2009	88	22
1035	35	16	2010	86	21
1036	35	16	2011	83	16
1037	35	16	2012	85	25
1038	35	16	2013	71	21
1039	35	16	2014	62	20
1040	35	16	2015	67	17
1041	35	16	2016	82	17
1042	35	16	2017	99	13
1043	35	16	2018	75	11
1044	35	16	2019	76	14
1045	35	16	2020	79	10
1046	35	16	2021	75	9
1047	35	16	2022	59	13
1048	35	16	2023	\N	\N
1049	35	16	2024	34	6
1051	35	17	2005	2787	487
1052	35	17	2006	2659	519
1053	35	17	2007	3607	501
1054	35	17	2008	2764	558
1055	35	17	2009	2697	533
1056	35	17	2010	2602	458
1057	35	17	2011	3809	651
1058	35	17	2012	3148	536
1059	35	17	2013	3277	545
1060	35	17	2014	2464	452
1061	35	17	2015	2696	483
1062	35	17	2016	2763	488
1063	35	17	2017	2226	434
1064	35	17	2018	2175	347
1065	35	17	2019	2969	367
1066	35	17	2020	2692	400
1067	35	17	2021	2791	327
1068	35	17	2022	2696	398
1069	35	17	2023	3400	321
1072	52	1	2005	188311	6093
1073	52	1	2006	190791	5670
1074	52	1	2007	181212	5236
1075	52	1	2008	206552	5227
1076	52	1	2009	211564	5175
1077	52	1	2010	204067	4978
1078	52	1	2011	170266	4710
1079	52	1	2012	149703	3771
1080	52	1	2013	176719	4338
1081	52	1	2014	167525	3994
1082	52	1	2015	157387	3950
1083	52	1	2016	167568	3872
1084	52	1	2017	115027	3132
1085	52	1	2018	158303	3723
1086	52	1	2019	136325	3185
1087	52	1	2020	149846	3377
1088	52	1	2021	132321	3073
1089	52	1	2022	134267	2901
1090	52	1	2023	138188	2878
1093	52	2	2005	151695	8056
1094	52	2	2006	128291	6869
1095	52	2	2007	172555	7277
1096	52	2	2008	127644	6263
1097	52	2	2009	116585	6106
1098	52	2	2010	125413	6167
1099	52	2	2011	179789	6497
1100	52	2	2012	153330	5837
1101	52	2	2013	130616	5556
1102	52	2	2014	148352	5527
1103	52	2	2015	162951	5713
1104	52	2	2016	151538	5317
1105	52	2	2017	189204	5272
1106	52	2	2018	131437	5029
1107	52	2	2019	154390	4880
1108	52	2	2020	152356	4639
1109	52	2	2021	156097	4457
1110	52	2	2022	141269	4141
1111	52	2	2023	152461	4095
1114	52	3	2005	7625	655
1115	52	3	2006	7692	672
1116	52	3	2007	7195	498
1117	52	3	2008	9019	645
1118	52	3	2009	12163	795
1119	52	3	2010	13457	852
1120	52	3	2011	10691	751
1121	52	3	2012	20665	1135
1122	52	3	2013	27386	1427
1123	52	3	2014	33723	1999
1124	52	3	2015	28171	1507
1125	52	3	2016	30842	1515
1126	52	3	2017	22963	1228
1127	52	3	2018	37419	1769
1128	52	3	2019	30725	1543
1129	52	3	2020	28311	1413
1130	52	3	2021	28605	1389
1131	52	3	2022	29244	1419
1132	52	3	2023	29538	1388
1134	52	3	2025	\N	\N
1135	52	4	2005	16655	1853
1136	52	4	2006	14213	1471
1137	52	4	2007	21051	1849
1138	52	4	2008	14225	1410
1139	52	4	2009	11613	1246
1140	52	4	2010	11920	1194
1141	52	4	2011	14022	1231
1142	52	4	2012	16291	1215
1143	52	4	2013	11963	1003
1144	52	4	2014	13161	1374
1145	52	4	2015	16553	1512
1146	52	4	2016	19027	1404
1147	52	4	2017	28023	1732
1156	52	5	2005	\N	\N
1157	52	5	2006	\N	\N
1158	52	5	2007	\N	\N
1159	52	5	2008	4634	219
1160	52	5	2009	4624	301
1161	52	5	2010	4764	258
1162	52	5	2011	7300	236
1163	52	5	2012	6998	281
1177	52	6	2005	4719	240
1178	52	6	2006	5018	264
1179	52	6	2007	4427	237
1180	52	6	2008	4593	225
1181	52	6	2009	4012	211
1182	52	6	2010	4559	216
1183	52	6	2011	5680	257
1184	52	6	2012	4864	220
1185	52	6	2013	5501	262
1186	52	6	2014	6628	215
1187	52	6	2015	7351	216
1188	52	6	2016	7663	211
1189	52	6	2017	7214	158
1190	52	6	2018	10426	261
1191	52	6	2019	11857	244
1192	52	6	2020	10548	236
1193	52	6	2021	10627	192
1194	52	6	2022	12466	225
1195	52	6	2023	13123	199
1198	52	7	2005	10427	1233
1199	52	7	2006	6628	662
1200	52	7	2007	454	48
1201	52	7	2008	438	31
1202	52	7	2009	447	26
1203	52	7	2010	604	32
1204	52	7	2011	468	22
1205	52	7	2012	453	18
1206	52	7	2013	476	15
1207	52	7	2014	452	17
1208	52	7	2015	548	10
1209	52	7	2016	855	14
1210	52	7	2017	950	28
1211	52	7	2018	701	7
1212	52	7	2019	913	16
1213	52	7	2020	1028	16
1214	52	7	2021	840	12
1215	52	7	2022	819	10
1216	52	7	2023	1139	17
1219	52	8	2005	35683	2650
1220	52	8	2006	55615	3221
1221	52	8	2007	48927	2906
1222	52	8	2008	46158	2438
1223	52	8	2009	48235	2325
1224	52	8	2010	50950	2349
1225	52	8	2011	31378	1557
1226	52	8	2012	52458	2265
1227	52	8	2013	46388	1870
1228	52	8	2014	53223	2325
1229	52	8	2015	46192	2024
1230	52	8	2016	51109	1898
1231	52	8	2017	37809	1575
1232	52	8	2018	40277	1573
1233	52	8	2019	39323	1460
1234	52	8	2020	39488	1441
1235	52	8	2021	47929	1632
1236	52	8	2022	52653	1711
1237	52	8	2023	50772	1525
1240	52	9	2005	63	29
1241	52	9	2006	176	45
1242	52	9	2007	428	56
1243	52	9	2008	218	51
1244	52	9	2009	364	48
1245	52	9	2010	404	35
1246	52	9	2011	606	57
1247	52	9	2012	228	33
1248	52	9	2013	692	24
1249	52	9	2014	656	22
1250	52	9	2015	687	24
1251	52	9	2016	796	32
1252	52	9	2017	1003	27
1253	52	9	2018	1182	34
1254	52	9	2019	846	38
1255	52	9	2020	594	34
1256	52	9	2021	562	56
1257	52	9	2022	667	44
1258	52	9	2023	760	33
1260	52	9	2025	\N	\N
1261	52	10	2005	3327	496
1262	52	10	2006	3468	464
1263	52	10	2007	3712	511
1264	52	10	2008	3215	427
1265	52	10	2009	3385	438
1266	52	10	2010	3557	400
1267	52	10	2011	3297	452
1268	52	10	2012	3239	468
1269	52	10	2013	3709	478
1270	52	10	2014	3238	329
1271	52	10	2015	2661	367
1272	52	10	2016	2417	403
1273	52	10	2017	2641	368
1274	52	10	2018	2330	333
1275	52	10	2019	2243	369
1276	52	10	2020	2029	352
1277	52	10	2021	1985	377
1278	52	10	2022	2079	385
1279	52	10	2023	2047	391
1282	52	11	2005	827	158
1283	52	11	2006	858	165
1284	52	11	2007	852	195
1285	52	11	2008	829	163
1286	52	11	2009	819	169
1287	52	11	2010	785	139
1288	52	11	2011	796	172
1289	52	11	2012	792	165
1290	52	11	2013	778	146
1291	52	11	2014	781	150
1292	52	11	2015	761	169
1293	52	11	2016	754	176
1294	52	11	2017	970	145
1295	52	11	2018	784	140
1296	52	11	2019	745	152
1297	52	11	2020	737	156
1298	52	11	2021	751	156
1299	52	11	2022	684	168
1300	52	11	2023	694	163
1303	52	12	2005	194	103
1304	52	12	2006	230	127
1305	52	12	2007	233	121
1324	52	13	2005	376	197
1325	52	13	2006	348	180
1326	52	13	2007	419	178
1327	52	13	2008	293	146
1328	52	13	2009	368	131
1329	52	13	2010	394	109
1330	52	13	2011	431	147
1331	52	13	2012	362	123
1332	52	13	2013	607	229
1333	52	13	2014	345	71
1334	52	13	2015	368	110
1335	52	13	2016	396	114
1336	52	13	2017	358	118
1337	52	13	2018	387	92
1338	52	13	2019	343	97
1339	52	13	2020	315	88
1345	52	14	2005	805	142
1346	52	14	2006	788	139
1347	52	14	2007	868	134
1348	52	14	2008	650	108
1349	52	14	2009	627	103
1350	52	14	2010	599	84
1351	52	14	2011	493	75
1352	52	14	2012	465	106
1353	52	14	2013	466	70
1354	52	14	2014	418	60
1355	52	14	2015	337	56
1356	52	14	2016	285	55
1357	52	14	2017	239	51
1358	52	14	2018	300	57
1359	52	14	2019	300	53
1360	52	14	2020	281	42
1361	52	14	2021	180	61
1362	52	14	2022	227	43
1363	52	14	2023	227	48
1365	52	14	2025	\N	\N
1366	52	15	2005	783	82
1367	52	15	2006	798	76
1368	52	15	2007	867	71
1369	52	15	2008	806	72
1370	52	15	2009	883	77
1371	52	15	2010	1016	80
1372	52	15	2011	846	93
1373	52	15	2012	897	61
1374	52	15	2013	921	95
1375	52	15	2014	881	30
1376	52	15	2015	416	38
1377	52	15	2016	304	28
1378	52	15	2017	251	32
1379	52	15	2018	190	19
1380	52	15	2019	209	25
1381	52	15	2020	94	20
1382	52	15	2021	93	20
1383	52	15	2022	94	22
1384	52	15	2023	70	19
1387	52	16	2005	216	53
1388	52	16	2006	261	58
1389	52	16	2007	263	52
1390	52	16	2008	211	35
1391	52	16	2009	203	31
1392	52	16	2010	236	31
1393	52	16	2011	208	30
1394	52	16	2012	153	21
1395	52	16	2013	164	21
1396	52	16	2014	97	17
1397	52	16	2015	158	19
1398	52	16	2016	154	21
1399	52	16	2017	253	36
1400	52	16	2018	127	16
1401	52	16	2019	81	15
1402	52	16	2020	31	11
1403	52	16	2021	30	12
1404	52	16	2022	20	9
1405	52	16	2023	22	12
1408	52	17	2005	4156	919
1409	52	17	2006	3743	786
1410	52	17	2007	5120	828
1411	52	17	2008	3787	780
1412	52	17	2009	5419	965
1413	52	17	2010	4512	957
1414	52	17	2011	4907	887
1415	52	17	2012	4733	834
1416	52	17	2013	6737	1058
1417	52	17	2014	6199	960
1418	52	17	2015	6127	930
1419	52	17	2016	5299	882
1420	52	17	2017	7331	943
1421	52	17	2018	6398	785
1422	52	17	2019	7696	739
1423	52	17	2020	7466	730
1424	52	17	2021	7643	614
1425	52	17	2022	8172	714
1426	52	17	2023	6754	583
1429	69	1	2005	77902	2367
1430	69	1	2006	77767	2264
1431	69	1	2007	74777	2019
1432	69	1	2008	85370	2068
1433	69	1	2009	87286	2000
1434	69	1	2010	86550	2082
1435	69	1	2011	76096	2092
1436	69	1	2012	69214	1718
1437	69	1	2013	83844	1811
1438	69	1	2014	77643	1723
1439	69	1	2015	69774	1504
1440	69	1	2016	76530	1812
1441	69	1	2017	58767	1432
1442	69	1	2018	69690	1475
1443	69	1	2019	61271	1293
1444	69	1	2020	65607	1351
1445	69	1	2021	58803	1211
1446	69	1	2022	59382	1159
1447	69	1	2023	65380	1205
1449	69	1	2025	\N	\N
1450	69	2	2005	39722	2546
1451	69	2	2006	33072	2117
1452	69	2	2007	50874	2261
1453	69	2	2008	31384	1829
1454	69	2	2009	30227	1845
1455	69	2	2010	31909	1947
1456	69	2	2011	53893	2069
1457	69	2	2012	34762	1794
1458	69	2	2013	34367	1720
1459	69	2	2014	34963	1703
1460	69	2	2015	40902	1615
1461	69	2	2016	41412	1859
1462	69	2	2017	52706	1628
1463	69	2	2018	35065	1520
1471	69	3	2005	1366	121
1472	69	3	2006	1817	153
1473	69	3	2007	1053	78
1474	69	3	2008	2514	158
1475	69	3	2009	2753	167
1476	69	3	2010	2961	201
1491	69	3	2025	\N	\N
1492	69	4	2005	2725	403
1493	69	4	2006	2266	292
1494	69	4	2007	2083	306
1495	69	4	2008	1713	231
1496	69	4	2009	1724	264
1497	69	4	2010	1717	240
1498	69	4	2011	2324	334
1499	69	4	2012	1905	243
1500	69	4	2013	1857	192
1501	69	4	2014	1940	173
1502	69	4	2015	1961	235
1503	69	4	2016	2243	204
1504	69	4	2017	3308	321
1505	69	4	2018	2644	237
1506	69	4	2019	4431	283
1507	69	4	2020	5300	341
1508	69	4	2021	3769	220
1509	69	4	2022	3894	256
1510	69	4	2023	2814	199
1513	69	5	2005	\N	\N
1514	69	5	2006	\N	\N
1515	69	5	2007	\N	\N
1516	69	5	2008	410	63
1517	69	5	2009	702	177
1518	69	5	2010	880	129
1519	69	5	2011	1034	135
1520	69	5	2012	1191	136
1521	69	5	2013	761	115
1522	69	5	2014	870	142
1523	69	5	2015	721	123
1524	69	5	2016	425	160
1525	69	5	2017	530	165
1526	69	5	2018	523	160
1527	69	5	2019	651	170
1528	69	5	2020	648	144
1529	69	5	2021	928	126
1530	69	5	2022	848	146
1531	69	5	2023	1742	135
1533	69	5	2025	\N	\N
1534	69	6	2005	70	13
1535	69	6	2006	94	11
1536	69	6	2007	118	11
1537	69	6	2008	63	6
1538	69	6	2009	68	8
1539	69	6	2010	69	7
1540	69	6	2011	46	6
1541	69	6	2012	\N	\N
1542	69	6	2013	150	8
1543	69	6	2014	\N	\N
1544	69	6	2015	72	6
1545	69	6	2016	\N	\N
1546	69	6	2017	\N	\N
1547	69	6	2018	\N	\N
1548	69	6	2019	346	10
1549	69	6	2020	306	11
1550	69	6	2021	279	7
1551	69	6	2022	226	7
1552	69	6	2023	252	8
1555	69	7	2005	9514	1083
1556	69	7	2006	6396	637
1557	69	7	2007	454	48
1558	69	7	2008	408	28
1559	69	7	2009	438	25
1560	69	7	2010	559	27
1561	69	7	2011	281	7
1562	69	7	2012	447	17
1563	69	7	2013	476	15
1564	69	7	2014	452	17
1565	69	7	2015	548	10
1566	69	7	2016	855	14
1567	69	7	2017	950	28
1568	69	7	2018	701	7
1569	69	7	2019	913	16
1570	69	7	2020	999	14
1571	69	7	2021	816	11
1572	69	7	2022	807	9
1573	69	7	2023	858	14
1576	69	8	2005	12320	1031
1577	69	8	2006	22300	1294
1578	69	8	2007	19492	1191
1579	69	8	2008	20575	1086
1580	69	8	2009	22866	1061
1581	69	8	2010	25985	1183
1582	69	8	2011	13665	698
1583	69	8	2012	27434	1170
1584	69	8	2013	22526	930
1585	69	8	2014	25932	1131
1586	69	8	2015	20173	817
1587	69	8	2016	24562	915
1588	69	8	2017	18201	728
1589	69	8	2018	19046	712
1590	69	8	2019	18409	662
1591	69	8	2020	18662	616
1592	69	8	2021	22803	725
1593	69	8	2022	23229	717
1594	69	8	2023	23918	668
1597	69	9	2005	53	18
1598	69	9	2006	164	29
1599	69	9	2007	377	35
1600	69	9	2008	148	36
1601	69	9	2009	334	32
1602	69	9	2010	382	20
1603	69	9	2011	535	32
1604	69	9	2012	217	26
1605	69	9	2013	681	17
1606	69	9	2014	653	17
1607	69	9	2015	682	17
1608	69	9	2016	785	24
1609	69	9	2017	998	23
1610	69	9	2018	1168	22
1611	69	9	2019	825	20
1612	69	9	2020	574	13
1613	69	9	2021	536	37
1614	69	9	2022	647	30
1615	69	9	2023	740	19
1618	69	10	2005	2762	342
1619	69	10	2006	2880	333
1620	69	10	2007	3040	361
1621	69	10	2008	2646	304
1622	69	10	2009	2789	316
1639	69	11	2005	750	135
1640	69	11	2006	767	138
1641	69	11	2007	779	158
1642	69	11	2008	750	133
1643	69	11	2009	746	140
1644	69	11	2010	710	105
1645	69	11	2011	728	117
1646	69	11	2012	751	135
1647	69	11	2013	710	119
1648	69	11	2014	724	110
1649	69	11	2015	703	135
1650	69	11	2016	698	147
1651	69	11	2017	683	115
1652	69	11	2018	676	109
1653	69	11	2019	635	115
1660	69	12	2005	171	88
1661	69	12	2006	210	111
1662	69	12	2007	208	96
1663	69	12	2008	179	71
1664	69	12	2009	163	66
1665	69	12	2010	153	54
1666	69	12	2011	163	88
1667	69	12	2012	144	60
1668	69	12	2013	156	56
1669	69	12	2014	152	51
1670	69	12	2015	157	59
1671	69	12	2016	160	55
1672	69	12	2017	142	55
1673	69	12	2018	130	44
1674	69	12	2019	125	44
1675	69	12	2020	120	41
1676	69	12	2021	122	38
1677	69	12	2022	145	41
1678	69	12	2023	104	34
1681	69	13	2005	208	98
1682	69	13	2006	198	105
1683	69	13	2007	165	88
1684	69	13	2008	164	77
1685	69	13	2009	208	73
1686	69	13	2010	228	57
1687	69	13	2011	226	66
1688	69	13	2012	200	63
1689	69	13	2013	314	130
1690	69	13	2014	231	39
1691	69	13	2015	219	56
1692	69	13	2016	236	46
1693	69	13	2017	224	72
1694	69	13	2018	208	44
1695	69	13	2019	186	45
1696	69	13	2020	192	36
1697	69	13	2021	181	45
1698	69	13	2022	185	40
1699	69	13	2023	125	33
1702	69	14	2005	793	124
1703	69	14	2006	780	126
1704	69	14	2007	865	126
1705	69	14	2008	641	84
1706	69	14	2009	619	92
1707	69	14	2010	597	79
1708	69	14	2011	491	71
1709	69	14	2012	455	93
1710	69	14	2013	465	67
1711	69	14	2014	416	56
1712	69	14	2015	332	47
1713	69	14	2016	274	47
1714	69	14	2017	228	37
1715	69	14	2018	218	44
1716	69	14	2019	226	42
1717	69	14	2020	204	34
1718	69	14	2021	177	52
1719	69	14	2022	146	35
1720	69	14	2023	141	40
1723	69	15	2005	565	54
1724	69	15	2006	567	51
1725	69	15	2007	651	48
1726	69	15	2008	574	46
1727	69	15	2009	672	51
1728	69	15	2010	815	55
1729	69	15	2011	644	51
1730	69	15	2012	713	45
1731	69	15	2013	697	59
1732	69	15	2014	230	11
1733	69	15	2015	286	18
1734	69	15	2016	241	17
1735	69	15	2017	202	24
1736	69	15	2018	159	11
1737	69	15	2019	127	11
1738	69	15	2020	11	7
1739	69	15	2021	7	8
1740	69	15	2022	8	7
1741	69	15	2023	6	7
1742	69	15	2024	14	8
1744	69	16	2005	181	39
1745	69	16	2006	206	48
1746	69	16	2007	209	43
1747	69	16	2008	164	30
1748	69	16	2009	156	26
1749	69	16	2010	207	27
1750	69	16	2011	178	26
1751	69	16	2012	131	18
1752	69	16	2013	153	18
1753	69	16	2014	91	14
1754	69	16	2015	135	14
1755	69	16	2016	131	16
1756	69	16	2017	130	14
1757	69	16	2018	120	13
1758	69	16	2019	63	10
1759	69	16	2020	15	5
1760	69	16	2021	\N	\N
1761	69	16	2022	\N	\N
1762	69	16	2023	15	7
1765	69	17	2005	1642	338
1766	69	17	2006	2065	313
1767	69	17	2007	2820	314
1768	69	17	2008	1921	246
1769	69	17	2009	2618	351
1770	69	17	2010	2695	414
1771	69	17	2011	1262	190
1772	69	17	2012	2745	353
1773	69	17	2013	3088	349
1774	69	17	2014	2602	380
1775	69	17	2015	1914	301
1776	69	17	2016	1633	255
1777	69	17	2017	3145	340
1778	69	17	2018	2447	256
1779	69	17	2019	2415	247
1780	69	17	2020	3131	276
1786	86	1	2005	110409	3726
1787	86	1	2006	113024	3406
1788	86	1	2007	106435	3217
1789	86	1	2008	121182	3159
1806	86	1	2025	\N	\N
1807	86	2	2005	111974	5510
1808	86	2	2006	95220	4752
1809	86	2	2007	121681	5015
1810	86	2	2008	96260	4434
1811	86	2	2009	86358	4261
1812	86	2	2010	93504	4220
1813	86	2	2011	125896	4427
1814	86	2	2012	118569	4043
1815	86	2	2013	96249	3836
1816	86	2	2014	113389	3824
1817	86	2	2015	122049	4098
1818	86	2	2016	110127	3458
1819	86	2	2017	136498	3644
1820	86	2	2018	96372	3509
1821	86	2	2019	109130	3420
1822	86	2	2020	109391	3289
1823	86	2	2021	107817	3139
1824	86	2	2022	99567	2869
1825	86	2	2023	108676	2827
1828	86	3	2005	6259	534
1829	86	3	2006	5874	519
1830	86	3	2007	6142	420
1831	86	3	2008	6504	487
1832	86	3	2009	9409	628
1833	86	3	2010	10496	651
1834	86	3	2011	8794	666
1835	86	3	2012	14708	788
1836	86	3	2013	21121	1126
1837	86	3	2014	27096	1722
1838	86	3	2015	23080	1238
1839	86	3	2016	25210	1184
1840	86	3	2017	18724	1026
1841	86	3	2018	29052	1419
1842	86	3	2019	23181	1186
1843	86	3	2020	20810	1052
1844	86	3	2021	22669	1073
1845	86	3	2022	24009	1133
1846	86	3	2023	21617	1053
1849	86	4	2005	13930	1450
1850	86	4	2006	11947	1179
1851	86	4	2007	18968	1543
1852	86	4	2008	12512	1179
1853	86	4	2009	9889	982
1854	86	4	2010	10202	954
1855	86	4	2011	11698	897
1856	86	4	2012	14386	972
1857	86	4	2013	10106	811
1858	86	4	2014	11221	1201
1859	86	4	2015	14592	1277
1860	86	4	2016	16783	1201
1861	86	4	2017	24716	1411
1862	86	4	2018	15104	1117
1863	86	4	2019	20871	1206
1864	86	4	2020	18588	1192
1865	86	4	2021	19247	1183
1866	86	4	2022	16870	977
1867	86	4	2023	16454	870
1870	86	5	2005	\N	\N
1871	86	5	2006	\N	\N
1872	86	5	2007	\N	\N
1873	86	5	2008	4224	156
1874	86	5	2009	3922	124
1875	86	5	2010	3884	129
1876	86	5	2011	6266	100
1877	86	5	2012	5808	144
1878	86	5	2013	4145	95
1879	86	5	2014	2718	62
1880	86	5	2015	2196	57
1881	86	5	2016	1872	47
1882	86	5	2017	1921	66
1883	86	5	2018	1663	57
1884	86	5	2019	2187	67
1885	86	5	2020	2219	67
1886	86	5	2021	2833	68
1887	86	5	2022	2107	69
1888	86	5	2023	2532	94
1889	86	5	2024	2633	69
1891	86	6	2005	4649	227
1892	86	6	2006	4924	253
1893	86	6	2007	4310	225
1894	86	6	2008	4530	219
1895	86	6	2009	3944	203
1896	86	6	2010	4490	208
1897	86	6	2011	5634	251
1898	86	6	2012	4818	216
1899	86	6	2013	5351	254
1900	86	6	2014	6597	214
1901	86	6	2015	7279	210
1902	86	6	2016	7586	208
1903	86	6	2017	7169	157
1904	86	6	2018	10341	258
1905	86	6	2019	11511	234
1906	86	6	2020	10242	225
1907	86	6	2021	10348	185
1908	86	6	2022	12240	218
1909	86	6	2023	12872	192
1912	86	7	2005	913	150
1913	86	7	2006	232	25
1914	86	7	2007	\N	\N
1915	86	7	2008	\N	\N
1916	86	7	2009	\N	\N
1917	86	7	2010	\N	\N
1918	86	7	2011	187	15
1919	86	7	2012	\N	\N
1920	86	7	2013	\N	\N
1921	86	7	2014	\N	\N
1922	86	7	2015	\N	\N
1923	86	7	2016	\N	\N
1924	86	7	2017	\N	\N
1925	86	7	2018	\N	\N
1926	86	7	2019	\N	\N
1927	86	7	2020	\N	\N
1928	86	7	2021	\N	\N
1929	86	7	2022	\N	\N
1930	86	7	2023	\N	\N
1931	86	7	2024	\N	\N
1932	86	7	2025	\N	\N
1933	86	8	2005	23363	1619
1934	86	8	2006	33315	1927
1935	86	8	2007	29434	1714
1936	86	8	2008	25583	1352
1937	86	8	2009	25369	1264
1938	86	8	2010	24965	1166
1939	86	8	2011	17713	859
1940	86	8	2012	25023	1095
1954	86	9	2005	9	11
1955	86	9	2006	12	16
1956	86	9	2007	51	21
1957	86	9	2008	70	15
1958	86	9	2009	31	16
1959	86	9	2010	22	16
1960	86	9	2011	71	25
1961	86	9	2012	11	7
1962	86	9	2013	11	8
1963	86	9	2014	3	5
1964	86	9	2015	5	6
1975	86	10	2005	565	154
1976	86	10	2006	588	131
1977	86	10	2007	672	150
1978	86	10	2008	569	123
1979	86	10	2009	596	122
1980	86	10	2010	578	111
1981	86	10	2011	606	181
1982	86	10	2012	531	163
1983	86	10	2013	824	164
1984	86	10	2014	944	120
1985	86	10	2015	495	126
1986	86	10	2016	459	130
1987	86	10	2017	751	126
1988	86	10	2018	536	114
1989	86	10	2019	625	140
1990	86	10	2020	609	140
1991	86	10	2021	555	144
1992	86	10	2022	665	154
1993	86	10	2023	780	162
1996	86	11	2005	77	24
1997	86	11	2006	91	27
1998	86	11	2007	74	37
1999	86	11	2008	79	30
2000	86	11	2009	73	29
2001	86	11	2010	75	33
2002	86	11	2011	68	55
2003	86	11	2012	41	30
2004	86	11	2013	68	27
2005	86	11	2014	57	40
2006	86	11	2015	57	33
2007	86	11	2016	56	29
2008	86	11	2017	288	30
2009	86	11	2018	108	32
2010	86	11	2019	111	37
2011	86	11	2020	123	36
2012	86	11	2021	115	44
2013	86	11	2022	118	42
2014	86	11	2023	122	44
2017	86	12	2005	23	15
2018	86	12	2006	20	16
2019	86	12	2007	25	26
2020	86	12	2008	21	8
2021	86	12	2009	18	6
2022	86	12	2010	18	5
2023	86	12	2011	18	8
2024	86	12	2012	4	5
2025	86	12	2013	8	6
2026	86	12	2014	8	5
2027	86	12	2015	14	7
2028	86	12	2016	13	6
2029	86	12	2017	11	5
2030	86	12	2018	11	6
2031	86	12	2019	13	8
2032	86	12	2020	11	10
2033	86	12	2021	11	7
2034	86	12	2022	12	8
2035	86	12	2023	11	9
2038	86	13	2005	168	100
2039	86	13	2006	150	75
2040	86	13	2007	254	90
2041	86	13	2008	129	70
2042	86	13	2009	161	58
2043	86	13	2010	166	51
2044	86	13	2011	205	81
2045	86	13	2012	161	60
2046	86	13	2013	293	99
2047	86	13	2014	115	32
2048	86	13	2015	149	55
2049	86	13	2016	160	68
2050	86	13	2017	134	46
2051	86	13	2018	179	48
2052	86	13	2019	157	52
2053	86	13	2020	123	52
2054	86	13	2021	147	43
2055	86	13	2022	149	44
2056	86	13	2023	124	52
2059	86	14	2005	11	18
2060	86	14	2006	8	13
2061	86	14	2007	3	7
2062	86	14	2008	10	24
2063	86	14	2009	8	11
2064	86	14	2010	\N	\N
2065	86	14	2011	\N	\N
2066	86	14	2012	9	13
2067	86	14	2013	\N	\N
2068	86	14	2014	\N	\N
2069	86	14	2015	5	9
2070	86	14	2016	11	8
2071	86	14	2017	11	14
2072	86	14	2018	82	12
2073	86	14	2019	73	11
2074	86	14	2020	78	7
2075	86	14	2021	3	9
2076	86	14	2022	81	8
2077	86	14	2023	86	9
2078	86	14	2024	79	7
2080	86	15	2005	218	28
2081	86	15	2006	230	26
2082	86	15	2007	216	22
2083	86	15	2008	232	26
2084	86	15	2009	211	26
2085	86	15	2010	201	25
2086	86	15	2011	202	42
2087	86	15	2012	184	16
2088	86	15	2013	224	36
2089	86	15	2014	651	18
2090	86	15	2015	130	20
2091	86	15	2016	64	11
2092	86	15	2017	49	8
2093	86	15	2018	31	8
2094	86	15	2019	82	14
2095	86	15	2020	83	13
2096	86	15	2021	86	12
2097	86	15	2022	86	15
2098	86	15	2023	64	12
2122	86	17	2005	2513	581
2123	86	17	2006	1677	473
2124	86	17	2007	2300	514
2125	86	17	2008	1867	534
2126	86	17	2009	2802	614
2127	86	17	2010	1817	543
2128	86	17	2011	3645	697
2129	86	17	2012	1987	481
2130	86	17	2013	3649	708
2131	86	17	2014	3596	580
2132	86	17	2015	4213	629
2133	86	17	2016	3666	626
2134	86	17	2017	4186	603
2135	86	17	2018	3951	529
2136	86	17	2019	5280	492
2137	86	17	2020	4336	454
2138	86	17	2021	5008	428
2142	86	17	2025	\N	\N
2143	103	1	2005	180709	6401
2144	103	1	2006	186244	6150
2145	103	1	2007	173122	5844
2146	103	1	2008	194622	5723
2147	103	1	2009	206256	5695
2148	103	1	2010	197369	5289
2149	103	1	2011	167839	4744
2150	103	1	2012	147920	3928
2151	103	1	2013	184661	4708
2152	103	1	2014	165421	4255
2153	103	1	2015	153657	4361
2154	103	1	2016	156432	4229
2155	103	1	2017	119834	3614
2156	103	1	2018	150274	3940
2157	103	1	2019	132661	3404
2158	103	1	2020	139373	3314
2159	103	1	2021	134131	3382
2160	103	1	2022	128455	3298
2161	103	1	2023	117454	2721
2164	103	2	2005	181220	9474
2165	103	2	2006	153048	8131
2166	103	2	2007	173966	8307
2167	103	2	2008	144494	7573
2168	103	2	2009	138286	7043
2169	103	2	2010	154234	7270
2170	103	2	2011	184497	7121
2171	103	2	2012	202787	7278
2172	103	2	2013	164942	6822
2173	103	2	2014	163004	6733
2174	103	2	2015	196556	6780
2175	103	2	2016	176639	6475
2176	103	2	2017	217114	6190
2177	103	2	2018	152270	5544
2178	103	2	2019	181140	5430
2179	103	2	2020	180398	4923
2180	103	2	2021	180948	5077
2181	103	2	2022	165878	4807
2182	103	2	2023	165447	4184
2185	103	3	2005	8320	777
2186	103	3	2006	8855	781
2187	103	3	2007	9363	748
2188	103	3	2008	14229	964
2189	103	3	2009	16807	1054
2190	103	3	2010	18882	1108
2191	103	3	2011	20070	1090
2192	103	3	2012	30616	1622
2193	103	3	2013	37879	1990
2194	103	3	2014	46735	2518
2195	103	3	2015	36367	2101
2196	103	3	2016	41851	2208
2197	103	3	2017	34254	1852
2198	103	3	2018	59276	2418
2199	103	3	2019	42574	1941
2200	103	3	2020	38497	1731
2201	103	3	2021	41981	1987
2202	103	3	2022	37411	1722
2203	103	3	2023	36907	1645
2206	103	4	2005	19250	2272
2207	103	4	2006	17913	1899
2208	103	4	2007	21330	2157
2209	103	4	2008	17449	1786
2210	103	4	2009	12758	1415
2211	103	4	2010	13104	1451
2212	103	4	2011	15031	1358
2213	103	4	2012	16884	1482
2214	103	4	2013	9011	905
2215	103	4	2014	11474	1083
2216	103	4	2015	15728	1554
2217	103	4	2016	15978	1479
2218	103	4	2017	22469	1652
2219	103	4	2018	15398	1281
2220	103	4	2019	20716	1394
2221	103	4	2020	20646	1417
2222	103	4	2021	20174	1392
2223	103	4	2022	16561	1159
2224	103	4	2023	15995	987
2226	103	4	2025	\N	\N
2227	103	5	2005	\N	\N
2228	103	5	2006	\N	\N
2229	103	5	2007	\N	\N
2230	103	5	2008	1258	94
2231	103	5	2009	2583	143
2232	103	5	2010	2816	150
2233	103	5	2011	2751	121
2234	103	5	2012	3184	131
2235	103	5	2013	2822	195
2236	103	5	2014	2582	71
2237	103	5	2015	1704	118
2238	103	5	2016	1509	96
2239	103	5	2017	2347	139
2240	103	5	2018	1635	137
2241	103	5	2019	2169	118
2242	103	5	2020	2118	123
2243	103	5	2021	2559	116
2244	103	5	2022	2064	104
2245	103	5	2023	2409	89
2248	103	6	2005	10224	478
2249	103	6	2006	11444	404
2250	103	6	2007	11298	405
2251	103	6	2008	9811	391
2252	103	6	2009	9205	346
2253	103	6	2010	10262	396
2254	103	6	2011	10614	437
2255	103	6	2012	11736	326
2256	103	6	2013	10970	323
2257	103	6	2014	11124	248
2258	103	6	2015	13227	326
2259	103	6	2016	14826	340
2260	103	6	2017	14957	356
2269	103	7	2005	208	19
2270	103	7	2006	30	5
2271	103	7	2007	21	11
2272	103	7	2008	47	7
2273	103	7	2009	\N	\N
2274	103	7	2010	\N	\N
2275	103	7	2011	\N	\N
2276	103	7	2012	\N	\N
2290	103	8	2005	33983	2598
2291	103	8	2006	47017	3031
2292	103	8	2007	54312	3026
2293	103	8	2008	45358	2575
2294	103	8	2009	43479	2296
2295	103	8	2010	40676	2005
2296	103	8	2011	38335	1759
2297	103	8	2012	41591	1962
2298	103	8	2013	40210	1877
2299	103	8	2014	48829	2150
2300	103	8	2015	42333	2005
2301	103	8	2016	43142	1742
2302	103	8	2017	39681	1659
2303	103	8	2018	47656	1917
2304	103	8	2019	39178	1490
2305	103	8	2020	44776	1639
2306	103	8	2021	51438	1839
2311	103	9	2005	41	31
2312	103	9	2006	45	25
2313	103	9	2007	30	20
2314	103	9	2008	54	29
2315	103	9	2009	72	28
2316	103	9	2010	47	26
2317	103	9	2011	48	26
2318	103	9	2012	40	22
2319	103	9	2013	38	16
2320	103	9	2014	46	17
2321	103	9	2015	41	23
2322	103	9	2016	86	65
2323	103	9	2017	56	21
2324	103	9	2018	105	19
2325	103	9	2019	64	17
2326	103	9	2020	42	13
2327	103	9	2021	68	24
2328	103	9	2022	57	28
2329	103	9	2023	19	14
2332	103	10	2005	1033	278
2333	103	10	2006	871	235
2334	103	10	2007	926	266
2335	103	10	2008	957	197
2336	103	10	2009	949	224
2337	103	10	2010	936	221
2338	103	10	2011	839	162
2339	103	10	2012	1242	303
2340	103	10	2013	991	225
2341	103	10	2014	657	194
2342	103	10	2015	618	264
2343	103	10	2016	550	176
2344	103	10	2017	564	184
2345	103	10	2018	507	197
2346	103	10	2019	725	220
2347	103	10	2020	592	225
2348	103	10	2021	695	227
2349	103	10	2022	924	252
2350	103	10	2023	952	297
2352	103	10	2025	\N	\N
2353	103	11	2005	177	78
2354	103	11	2006	161	64
2355	103	11	2007	187	87
2356	103	11	2008	177	64
2357	103	11	2009	176	71
2358	103	11	2010	156	59
2359	103	11	2011	155	64
2360	103	11	2012	167	102
2361	103	11	2013	135	79
2362	103	11	2014	174	89
2363	103	11	2015	142	100
2364	103	11	2016	133	61
2365	103	11	2017	124	94
2366	103	11	2018	135	91
2367	103	11	2019	152	94
2368	103	11	2020	148	88
2369	103	11	2021	146	101
2370	103	11	2022	155	107
2371	103	11	2023	189	132
2374	103	12	2005	37	37
2375	103	12	2006	29	38
2376	103	12	2007	35	41
2377	103	12	2008	30	19
2378	103	12	2009	27	19
2379	103	12	2010	23	13
2380	103	12	2011	33	24
2381	103	12	2012	26	18
2382	103	12	2013	23	12
2383	103	12	2014	28	18
2384	103	12	2015	26	17
2385	103	12	2016	25	16
2386	103	12	2017	25	13
2387	103	12	2018	27	15
2388	103	12	2019	32	18
2389	103	12	2020	25	15
2390	103	12	2021	26	15
2391	103	12	2022	27	15
2392	103	12	2023	24	18
2395	103	13	2005	338	172
2396	103	13	2006	256	129
2397	103	13	2007	238	140
2398	103	13	2008	202	83
2399	103	13	2009	253	95
2400	103	13	2010	257	87
2401	103	13	2011	227	78
2402	103	13	2012	237	81
2403	103	13	2013	291	79
2404	103	13	2014	245	65
2405	103	13	2015	219	73
2406	103	13	2016	220	59
2407	103	13	2017	214	47
2408	103	13	2018	186	56
2409	103	13	2019	187	58
2410	103	13	2020	174	59
2411	103	13	2021	216	60
2412	103	13	2022	215	48
2413	103	13	2023	156	51
2416	103	14	2005	17	22
2417	103	14	2006	20	23
2418	103	14	2007	20	31
2419	103	14	2008	32	24
2420	103	14	2009	6	14
2436	103	14	2025	\N	\N
2437	103	15	2005	390	55
2438	103	15	2006	345	42
2439	103	15	2007	364	46
2440	103	15	2008	382	47
2441	103	15	2009	379	38
2442	103	15	2010	365	35
2443	103	15	2011	340	32
2444	103	15	2012	663	76
2445	103	15	2013	351	42
2446	103	15	2014	51	10
2447	103	15	2015	59	35
2448	103	15	2016	71	20
2449	103	15	2017	98	20
2450	103	15	2018	51	15
2458	103	16	2005	25	19
2459	103	16	2006	22	11
2460	103	16	2007	8	13
2461	103	16	2008	20	8
2462	103	16	2009	10	5
2463	103	16	2010	\N	\N
2464	103	16	2011	\N	\N
2465	103	16	2012	\N	\N
2466	103	16	2013	\N	\N
2467	103	16	2014	\N	\N
2468	103	16	2015	13	7
2469	103	16	2016	8	5
2470	103	16	2017	12	7
2471	103	16	2018	7	7
2472	103	16	2019	9	10
2473	103	16	2020	7	7
2474	103	16	2021	14	14
2475	103	16	2022	22	14
2476	103	16	2023	24	16
2477	103	16	2024	13	13
2479	103	17	2005	5080	1159
2480	103	17	2006	5142	1097
2481	103	17	2007	5203	1023
2482	103	17	2008	6393	1214
2483	103	17	2009	7370	1226
2484	103	17	2010	6242	1002
2485	103	17	2011	7673	1287
2486	103	17	2012	7140	1273
2487	103	17	2013	8095	1206
2488	103	17	2014	8750	1399
2489	103	17	2015	7483	1255
2490	103	17	2016	7823	1167
2491	103	17	2017	8599	1131
2492	103	17	2018	6875	1031
2493	103	17	2019	7460	982
2494	103	17	2020	6799	933
2495	103	17	2021	9241	974
2496	103	17	2022	7060	813
2497	103	17	2023	6566	790
2500	120	1	2005	112770	3492
2501	120	1	2006	115131	3432
2502	120	1	2007	110266	3333
2503	120	1	2008	119416	3085
2504	120	1	2009	124574	3156
2505	120	1	2010	125206	3145
2506	120	1	2011	111977	2674
2507	120	1	2012	102439	2521
2508	120	1	2013	122054	2893
2509	120	1	2014	103564	2132
2510	120	1	2015	101394	2468
2511	120	1	2016	101722	2539
2512	120	1	2017	75654	2153
2513	120	1	2018	98091	2328
2514	120	1	2019	87927	2020
2515	120	1	2020	92066	1941
2516	120	1	2021	86403	1953
2517	120	1	2022	83705	1929
2518	120	1	2023	79260	1586
2521	120	2	2005	58230	4158
2522	120	2	2006	47983	3536
2523	120	2	2007	55988	3625
2524	120	2	2008	42701	3381
2525	120	2	2009	41749	3074
2526	120	2	2010	49343	3291
2527	120	2	2011	60737	3024
2528	120	2	2012	73695	3337
2529	120	2	2013	59833	3276
2530	120	2	2014	51116	2790
2531	120	2	2015	69949	3050
2532	120	2	2016	65203	2996
2533	120	2	2017	95156	3027
2534	120	2	2018	58970	2637
2535	120	2	2019	69718	2547
2536	120	2	2020	70864	2257
2537	120	2	2021	71033	2345
2538	120	2	2022	65550	2219
2539	120	2	2023	59587	1916
2542	120	3	2005	4037	315
2543	120	3	2006	4729	367
2544	120	3	2007	5436	342
2545	120	3	2008	7773	409
2546	120	3	2009	9384	489
2547	120	3	2010	8500	435
2548	120	3	2011	9395	383
2549	120	3	2012	15123	756
2550	120	3	2013	20226	887
2551	120	3	2014	16130	897
2552	120	3	2015	13242	758
2553	120	3	2016	15852	809
2554	120	3	2017	13183	676
2555	120	3	2018	23241	882
2556	120	3	2019	19039	800
2557	120	3	2020	17498	703
2558	120	3	2021	18357	803
2559	120	3	2022	16529	750
2560	120	3	2023	16865	743
2562	120	3	2025	\N	\N
2563	120	4	2005	8826	1054
2564	120	4	2006	7196	806
2565	120	4	2007	7912	818
2566	120	4	2008	6728	712
2567	120	4	2009	4850	591
2568	120	4	2010	5152	621
2569	120	4	2011	6610	575
2570	120	4	2012	7301	746
2571	120	4	2013	3823	368
2572	120	4	2014	3445	337
2573	120	4	2015	5164	491
2574	120	4	2016	6351	606
2575	120	4	2017	10282	630
2576	120	4	2018	7205	520
2577	120	4	2019	8612	557
2578	120	4	2020	8965	560
2584	120	5	2005	\N	\N
2585	120	5	2006	\N	\N
2586	120	5	2007	\N	\N
2587	120	5	2008	730	53
2588	120	5	2009	1108	80
2605	120	6	2005	329	22
2606	120	6	2006	584	24
2607	120	6	2007	791	31
2608	120	6	2008	504	20
2609	120	6	2009	412	17
2610	120	6	2010	551	22
2611	120	6	2011	480	36
2612	120	6	2012	474	18
2613	120	6	2013	532	21
2614	120	6	2014	759	25
2615	120	6	2015	537	21
2616	120	6	2016	853	24
2617	120	6	2017	637	27
2618	120	6	2018	1277	32
2619	120	6	2019	2195	49
2620	120	6	2020	1943	47
2621	120	6	2021	2144	50
2622	120	6	2022	2397	48
2623	120	6	2023	2158	47
2626	120	7	2005	175	13
2627	120	7	2006	\N	\N
2628	120	7	2007	\N	\N
2629	120	7	2008	\N	\N
2630	120	7	2009	\N	\N
2631	120	7	2010	\N	\N
2632	120	7	2011	\N	\N
2633	120	7	2012	\N	\N
2634	120	7	2013	\N	\N
2635	120	7	2014	\N	\N
2636	120	7	2015	\N	\N
2637	120	7	2016	\N	\N
2638	120	7	2017	\N	\N
2639	120	7	2018	\N	\N
2640	120	7	2019	\N	\N
2641	120	7	2020	\N	\N
2642	120	7	2021	\N	\N
2643	120	7	2022	\N	\N
2644	120	7	2023	\N	\N
2645	120	7	2024	\N	\N
2646	120	7	2025	\N	\N
2647	120	8	2005	21638	1548
2648	120	8	2006	29583	1774
2649	120	8	2007	35191	1785
2650	120	8	2008	28636	1550
2651	120	8	2009	28892	1434
2652	120	8	2010	27199	1271
2653	120	8	2011	25804	1161
2654	120	8	2012	27718	1252
2655	120	8	2013	27836	1295
2656	120	8	2014	33142	1356
2657	120	8	2015	29059	1318
2658	120	8	2016	28530	1184
2659	120	8	2017	24050	967
2660	120	8	2018	28958	1097
2661	120	8	2019	25662	943
2662	120	8	2020	29949	1031
2663	120	8	2021	33665	1160
2664	120	8	2022	35306	1176
2668	120	9	2005	24	20
2669	120	9	2006	23	16
2670	120	9	2007	10	15
2671	120	9	2008	26	20
2672	120	9	2009	32	15
2673	120	9	2010	15	14
2674	120	9	2011	17	15
2675	120	9	2012	17	12
2676	120	9	2013	18	11
2677	120	9	2014	16	9
2678	120	9	2015	23	15
2679	120	9	2016	17	14
2680	120	9	2017	19	13
2681	120	9	2018	15	12
2682	120	9	2019	15	11
2683	120	9	2020	6	7
2684	120	9	2021	21	13
2685	120	9	2022	20	18
2686	120	9	2023	10	7
2689	120	10	2005	832	193
2690	120	10	2006	699	154
2691	120	10	2007	800	184
2692	120	10	2008	772	135
2693	120	10	2009	782	152
2694	120	10	2010	764	153
2695	120	10	2011	660	117
2696	120	10	2012	1050	210
2697	120	10	2013	848	177
2698	120	10	2014	483	137
2699	120	10	2015	459	167
2700	120	10	2016	391	112
2701	120	10	2017	358	127
2702	120	10	2018	343	136
2703	120	10	2019	504	150
2704	120	10	2020	397	154
2705	120	10	2021	430	133
2706	120	10	2022	555	152
2707	120	10	2023	667	193
2710	120	11	2005	148	65
2711	120	11	2006	128	47
2712	120	11	2007	158	73
2713	120	11	2008	135	42
2714	120	11	2009	141	48
2715	120	11	2010	123	39
2716	120	11	2011	122	50
2717	120	11	2012	115	61
2718	120	11	2013	107	59
2719	120	11	2014	138	61
2720	120	11	2015	105	70
2721	120	11	2016	101	40
2722	120	11	2017	87	69
2723	120	11	2018	104	70
2724	120	11	2019	113	66
2725	120	11	2020	105	60
2726	120	11	2021	101	58
2727	120	11	2022	114	61
2728	120	11	2023	144	89
2731	120	12	2005	29	26
2732	120	12	2006	24	31
2733	120	12	2007	28	32
2734	120	12	2008	22	11
2735	120	12	2009	21	12
2736	120	12	2010	18	9
2737	120	12	2011	26	18
2738	120	12	2012	18	10
2739	120	12	2013	19	9
2752	120	13	2005	215	115
2753	120	13	2006	166	68
2754	120	13	2007	162	68
2755	120	13	2008	145	46
2756	120	13	2009	164	50
2757	120	13	2010	158	45
2758	120	13	2011	129	44
2759	120	13	2012	154	42
2760	120	13	2013	201	46
2761	120	13	2014	147	33
2762	120	13	2015	144	30
2773	120	14	2005	11	21
2774	120	14	2006	12	18
2775	120	14	2007	11	28
2776	120	14	2008	11	17
2777	120	14	2009	4	11
2778	120	14	2010	3	5
2779	120	14	2011	2	5
2780	120	14	2012	3	9
2781	120	14	2013	4	6
2782	120	14	2014	3	13
2783	120	14	2015	3	21
2784	120	14	2016	\N	\N
2785	120	14	2017	3	9
2786	120	14	2018	5	11
2787	120	14	2019	12	10
2788	120	14	2020	2	6
2789	120	14	2021	1	5
2790	120	14	2022	3	7
2791	120	14	2023	9	12
2793	120	14	2025	\N	\N
2794	120	15	2005	379	44
2795	120	15	2006	327	37
2796	120	15	2007	362	42
2797	120	15	2008	345	40
2798	120	15	2009	363	35
2799	120	15	2010	350	32
2800	120	15	2011	320	28
2801	120	15	2012	656	67
2802	120	15	2013	351	41
2803	120	15	2014	44	7
2804	120	15	2015	49	18
2805	120	15	2016	50	15
2806	120	15	2017	47	14
2807	120	15	2018	30	10
2808	120	15	2019	45	19
2809	120	15	2020	45	19
2810	120	15	2021	43	18
2811	120	15	2022	45	18
2812	120	15	2023	37	28
2815	120	16	2005	18	15
2816	120	16	2006	13	6
2817	120	16	2007	7	12
2818	120	16	2008	\N	\N
2819	120	16	2009	\N	\N
2820	120	16	2010	\N	\N
2821	120	16	2011	\N	\N
2822	120	16	2012	\N	\N
2823	120	16	2013	\N	\N
2824	120	16	2014	\N	\N
2825	120	16	2015	13	7
2826	120	16	2016	8	5
2827	120	16	2017	12	7
2828	120	16	2018	7	7
2829	120	16	2019	9	9
2830	120	16	2020	7	6
2831	120	16	2021	11	10
2832	120	16	2022	8	10
2833	120	16	2023	9	12
2834	120	16	2024	7	9
2836	120	17	2005	3262	719
2837	120	17	2006	3619	702
2838	120	17	2007	2702	588
2839	120	17	2008	4031	750
2840	120	17	2009	4607	724
2841	120	17	2010	3568	553
2842	120	17	2011	4252	670
2843	120	17	2012	4581	760
2844	120	17	2013	6426	796
2845	120	17	2014	5018	565
2846	120	17	2015	4294	649
2847	120	17	2016	4789	678
2848	120	17	2017	4745	599
2849	120	17	2018	4074	589
2850	120	17	2019	4424	555
2851	120	17	2020	4136	538
2852	120	17	2021	5682	516
2853	120	17	2022	3976	454
2857	137	1	2005	67938	2909
2858	137	1	2006	71113	2718
2859	137	1	2007	62856	2511
2860	137	1	2008	75206	2638
2861	137	1	2009	81682	2539
2862	137	1	2010	72162	2144
2863	137	1	2011	55862	2071
2864	137	1	2012	45481	1407
2865	137	1	2013	62607	1815
2866	137	1	2014	61857	2122
2867	137	1	2015	52263	1892
2868	137	1	2016	54710	1690
2869	137	1	2017	44180	1462
2870	137	1	2018	52183	1612
2871	137	1	2019	44734	1384
2872	137	1	2020	47307	1374
2873	137	1	2021	47727	1429
2874	137	1	2022	44751	1369
2875	137	1	2023	38193	1135
2878	137	2	2005	122990	5316
2879	137	2	2006	105065	4596
2880	137	2	2007	117978	4683
2881	137	2	2008	101793	4192
2882	137	2	2009	96536	3969
2883	137	2	2010	104892	3978
2884	137	2	2011	123761	4097
2885	137	2	2012	129092	3941
2886	137	2	2013	105110	3547
2887	137	2	2014	111889	3943
2888	137	2	2015	126607	3730
2889	137	2	2016	111436	3479
2890	137	2	2017	121958	3163
2891	137	2	2018	93300	2907
2892	137	2	2019	111422	2883
2893	137	2	2020	109534	2666
2894	137	2	2021	109916	2732
2895	137	2	2022	100328	2588
2896	137	2	2023	105861	2268
2897	137	2	2024	97040	2118
2920	137	4	2005	10424	1219
2921	137	4	2006	10717	1093
2922	137	4	2007	13419	1339
2923	137	4	2008	10721	1074
2924	137	4	2009	7908	824
2925	137	4	2010	7952	831
2926	137	4	2011	8421	783
2927	137	4	2012	9582	736
2928	137	4	2013	5189	537
2929	137	4	2014	8029	746
2930	137	4	2015	10564	1063
2931	137	4	2016	9627	873
2932	137	4	2017	12187	1023
2933	137	4	2018	8193	761
2934	137	4	2019	12105	837
2935	137	4	2020	11682	857
2936	137	4	2021	11339	793
2937	137	4	2022	8743	663
2938	137	4	2023	9384	615
2941	137	5	2005	\N	\N
2942	137	5	2006	\N	\N
2943	137	5	2007	\N	\N
2944	137	5	2008	527	40
2945	137	5	2009	1474	63
2946	137	5	2010	1636	81
2947	137	5	2011	2039	49
2948	137	5	2012	2219	43
2949	137	5	2013	1363	70
2950	137	5	2014	1868	28
2951	137	5	2015	774	39
2952	137	5	2016	921	45
2953	137	5	2017	1040	28
2954	137	5	2018	739	58
2955	137	5	2019	1220	47
2956	137	5	2020	1160	55
2957	137	5	2021	1720	56
2958	137	5	2022	1430	46
2959	137	5	2023	2287	52
2960	137	5	2024	1469	53
2962	137	6	2005	9895	456
2963	137	6	2006	10860	380
2964	137	6	2007	10506	373
2965	137	6	2008	9307	371
2966	137	6	2009	8793	329
2967	137	6	2010	9711	374
2968	137	6	2011	10134	402
2969	137	6	2012	11262	308
2970	137	6	2013	10437	303
2971	137	6	2014	10365	223
2972	137	6	2015	12690	305
2973	137	6	2016	13973	316
2974	137	6	2017	14320	329
2975	137	6	2018	16054	285
2976	137	6	2019	19122	329
2977	137	6	2020	17357	294
2978	137	6	2021	19330	289
2979	137	6	2022	20724	299
2980	137	6	2023	21099	267
2983	137	7	2005	33	6
2984	137	7	2006	\N	\N
2985	137	7	2007	21	11
2986	137	7	2008	\N	\N
2987	137	7	2009	\N	\N
2988	137	7	2010	\N	\N
2989	137	7	2011	\N	\N
2990	137	7	2012	\N	\N
2991	137	7	2013	\N	\N
2992	137	7	2014	\N	\N
2993	137	7	2015	\N	\N
2994	137	7	2016	\N	\N
2995	137	7	2017	\N	\N
2996	137	7	2018	\N	\N
2997	137	7	2019	\N	\N
2998	137	7	2020	\N	\N
2999	137	7	2021	\N	\N
3000	137	7	2022	\N	\N
3001	137	7	2023	\N	\N
3002	137	7	2024	\N	\N
3003	137	7	2025	\N	\N
3004	137	8	2005	12345	1050
3005	137	8	2006	17435	1257
3006	137	8	2007	19121	1241
3007	137	8	2008	16722	1025
3008	137	8	2009	14587	862
3009	137	8	2010	13477	733
3010	137	8	2011	12531	598
3011	137	8	2012	13874	710
3012	137	8	2013	12374	582
3013	137	8	2014	15687	794
3014	137	8	2015	13273	687
3015	137	8	2016	14612	559
3016	137	8	2017	15631	692
3017	137	8	2018	18699	820
3018	137	8	2019	13517	547
3019	137	8	2020	14828	608
3020	137	8	2021	17774	679
3025	137	9	2005	18	11
3026	137	9	2006	22	8
3027	137	9	2007	19	5
3028	137	9	2008	28	9
3029	137	9	2009	40	13
3030	137	9	2010	32	12
3031	137	9	2011	31	11
3032	137	9	2012	23	10
3033	137	9	2013	20	5
3034	137	9	2014	30	8
3035	137	9	2015	18	8
3036	137	9	2016	69	51
3037	137	9	2017	37	8
3038	137	9	2018	90	7
3039	137	9	2019	48	6
3040	137	9	2020	36	6
3041	137	9	2021	46	11
3042	137	9	2022	38	10
3043	137	9	2023	10	7
3045	137	9	2025	\N	\N
3046	137	10	2005	201	84
3047	137	10	2006	173	81
3048	137	10	2007	126	81
3049	137	10	2008	185	62
3050	137	10	2009	167	72
3051	137	10	2010	171	69
3052	137	10	2011	179	45
3053	137	10	2012	192	94
3054	137	10	2013	143	48
3055	137	10	2014	174	57
3056	137	10	2015	158	98
3057	137	10	2016	160	64
3058	137	10	2017	207	57
3059	137	10	2018	164	61
3067	137	11	2005	30	13
3068	137	11	2006	34	18
3069	137	11	2007	28	14
3070	137	11	2008	42	22
3071	137	11	2009	34	23
3072	137	11	2010	33	20
3088	137	12	2005	7	12
3089	137	12	2006	6	7
3090	137	12	2007	7	9
3091	137	12	2008	8	8
3092	137	12	2009	7	7
3093	137	12	2010	\N	\N
3094	137	12	2011	7	6
3095	137	12	2012	7	9
3096	137	12	2013	\N	\N
3097	137	12	2014	7	6
3098	137	12	2015	6	5
3099	137	12	2016	\N	\N
3100	137	12	2017	\N	\N
3101	137	12	2018	7	6
3102	137	12	2019	8	6
3103	137	12	2020	5	5
3104	137	12	2021	\N	\N
3105	137	12	2022	\N	\N
3106	137	12	2023	6	9
3107	137	12	2024	5	9
3109	137	13	2005	123	57
3110	137	13	2006	91	61
3111	137	13	2007	76	72
3112	137	13	2008	57	37
3113	137	13	2009	89	45
3114	137	13	2010	99	42
3115	137	13	2011	97	33
3116	137	13	2012	83	40
3117	137	13	2013	91	33
3118	137	13	2014	99	32
3119	137	13	2015	74	43
3120	137	13	2016	76	32
3121	137	13	2017	81	25
3122	137	13	2018	70	30
3123	137	13	2019	69	26
3124	137	13	2020	69	26
3125	137	13	2021	79	27
3126	137	13	2022	79	23
3127	137	13	2023	62	28
3130	137	14	2005	\N	\N
3131	137	14	2006	9	5
3132	137	14	2007	\N	\N
3133	137	14	2008	21	7
3134	137	14	2009	\N	\N
3135	137	14	2010	\N	\N
3136	137	14	2011	\N	\N
3137	137	14	2012	\N	\N
3138	137	14	2013	\N	\N
3139	137	14	2014	\N	\N
3140	137	14	2015	\N	\N
3141	137	14	2016	\N	\N
3142	137	14	2017	\N	\N
3143	137	14	2018	\N	\N
3144	137	14	2019	\N	\N
3145	137	14	2020	\N	\N
3146	137	14	2021	\N	\N
3147	137	14	2022	\N	\N
3148	137	14	2023	\N	\N
3149	137	14	2024	\N	\N
3150	137	14	2025	\N	\N
3151	137	15	2005	11	11
3152	137	15	2006	\N	\N
3153	137	15	2007	\N	\N
3154	137	15	2008	36	7
3155	137	15	2009	\N	\N
3156	137	15	2010	\N	\N
3157	137	15	2011	\N	\N
3158	137	15	2012	7	10
3159	137	15	2013	\N	\N
3160	137	15	2014	\N	\N
3161	137	15	2015	10	17
3162	137	15	2016	\N	\N
3163	137	15	2017	51	7
3164	137	15	2018	\N	\N
3165	137	15	2019	43	11
3166	137	15	2020	44	9
3167	137	15	2021	78	13
3168	137	15	2022	71	10
3169	137	15	2023	54	11
3172	137	16	2005	\N	\N
3173	137	16	2006	9	5
3174	137	16	2007	\N	\N
3175	137	16	2008	\N	\N
3176	137	16	2009	\N	\N
3177	137	16	2010	\N	\N
3178	137	16	2011	\N	\N
3179	137	16	2012	\N	\N
3180	137	16	2013	\N	\N
3181	137	16	2014	\N	\N
3182	137	16	2015	\N	\N
3183	137	16	2016	\N	\N
3184	137	16	2017	\N	\N
3185	137	16	2018	\N	\N
3186	137	16	2019	\N	\N
3187	137	16	2020	\N	\N
3188	137	16	2021	\N	\N
3189	137	16	2022	\N	\N
3190	137	16	2023	\N	\N
3191	137	16	2024	\N	\N
3192	137	16	2025	\N	\N
3193	137	17	2005	1818	440
3194	137	17	2006	1523	395
3195	137	17	2007	2501	435
3196	137	17	2008	2362	464
3197	137	17	2009	2764	502
3198	137	17	2010	2675	449
3199	137	17	2011	3421	617
3200	137	17	2012	2558	514
3201	137	17	2013	1669	410
3202	137	17	2014	3732	834
3203	137	17	2015	3190	606
3204	137	17	2016	3034	489
3205	137	17	2017	3854	532
3206	137	17	2018	2801	441
3207	137	17	2019	3036	427
3208	137	17	2020	2663	396
3214	154	1	2005	131344	4480
3215	154	1	2006	129088	3871
3216	154	1	2007	126952	3870
3235	154	2	2005	78166	5343
3236	154	2	2006	69412	4586
3237	154	2	2007	76239	4754
3238	154	2	2008	58405	4114
3239	154	2	2009	62203	4088
3240	154	2	2010	64909	4207
3241	154	2	2011	98000	3938
3242	154	2	2012	93247	4218
3255	154	2	2025	\N	\N
3256	154	3	2005	8091	901
3257	154	3	2006	7993	706
3258	154	3	2007	9010	594
3259	154	3	2008	11377	918
3260	154	3	2009	13454	882
3261	154	3	2010	16926	1079
3262	154	3	2011	17225	902
3263	154	3	2012	23572	1325
3264	154	3	2013	27195	1404
3265	154	3	2014	31405	1664
3266	154	3	2015	25865	1390
3267	154	3	2016	25349	1145
3268	154	3	2017	24504	1254
3269	154	3	2018	34156	1523
3270	154	3	2019	28508	1334
3271	154	3	2020	28766	1281
3272	154	3	2021	29055	1287
3273	154	3	2022	28504	1303
3274	154	3	2023	32936	1225
3277	154	4	2005	16502	1911
3278	154	4	2006	17038	1723
3279	154	4	2007	20107	1877
3280	154	4	2008	15471	1516
3281	154	4	2009	12239	1229
3282	154	4	2010	11523	1109
3283	154	4	2011	16249	1283
3284	154	4	2012	15518	1310
3285	154	4	2013	10565	938
3286	154	4	2014	10194	1108
3287	154	4	2015	15042	1253
3288	154	4	2016	16258	1340
3289	154	4	2017	22480	1348
3290	154	4	2018	12117	1016
3291	154	4	2019	18345	1128
3292	154	4	2020	14667	998
3293	154	4	2021	14395	974
3294	154	4	2022	12960	959
3295	154	4	2023	10253	641
3298	154	5	2005	\N	\N
3299	154	5	2006	\N	\N
3300	154	5	2007	\N	\N
3301	154	5	2008	170	42
3302	154	5	2009	321	44
3303	154	5	2010	229	35
3304	154	5	2011	671	108
3305	154	5	2012	120	17
3306	154	5	2013	145	21
3307	154	5	2014	143	59
3308	154	5	2015	137	33
3309	154	5	2016	92	20
3310	154	5	2017	241	13
3311	154	5	2018	33	17
3312	154	5	2019	232	32
3313	154	5	2020	290	29
3314	154	5	2021	296	41
3315	154	5	2022	383	17
3316	154	5	2023	1597	40
3317	154	5	2024	664	33
3319	154	6	2005	3768	160
3320	154	6	2006	4418	145
3321	154	6	2007	4293	161
3322	154	6	2008	3324	126
3323	154	6	2009	3420	125
3324	154	6	2010	4127	122
3325	154	6	2011	5028	152
3326	154	6	2012	4617	126
3327	154	6	2013	4604	139
3328	154	6	2014	4109	98
3329	154	6	2015	4965	123
3330	154	6	2016	4761	112
3331	154	6	2017	6615	160
3332	154	6	2018	6857	133
3333	154	6	2019	8898	174
3334	154	6	2020	10199	190
3335	154	6	2021	10864	195
3336	154	6	2022	10795	172
3339	154	6	2025	\N	\N
3340	154	7	2005	\N	\N
3341	154	7	2006	\N	\N
3342	154	7	2007	12	5
3343	154	7	2008	2	8
3344	154	7	2009	\N	\N
3345	154	7	2010	\N	\N
3346	154	7	2011	\N	\N
3347	154	7	2012	\N	\N
3348	154	7	2013	\N	\N
3349	154	7	2014	\N	\N
3350	154	7	2015	\N	\N
3351	154	7	2016	\N	\N
3352	154	7	2017	\N	\N
3353	154	7	2018	\N	\N
3354	154	7	2019	\N	\N
3355	154	7	2020	\N	\N
3356	154	7	2021	\N	\N
3357	154	7	2022	\N	\N
3358	154	7	2023	\N	\N
3359	154	7	2024	\N	\N
3360	154	7	2025	\N	\N
3361	154	8	2005	22158	1582
3362	154	8	2006	28111	1719
3363	154	8	2007	32867	1945
3364	154	8	2008	27079	1379
3365	154	8	2009	25586	1301
3366	154	8	2010	26942	1141
3367	154	8	2011	25975	1154
3368	154	8	2012	26654	1181
3369	154	8	2013	25827	1027
3370	154	8	2014	32543	1300
3371	154	8	2015	28201	1275
3372	154	8	2016	27608	1033
3373	154	8	2017	22142	912
3374	154	8	2018	31643	1131
3375	154	8	2019	21034	788
3376	154	8	2020	28739	1050
3377	154	8	2021	35200	1076
3382	154	9	2005	\N	\N
3383	154	9	2006	10	11
3384	154	9	2007	9	5
3385	154	9	2008	20	10
3386	154	9	2009	32	9
3403	154	10	2005	403	97
3404	154	10	2006	364	116
3405	154	10	2007	370	113
3406	154	10	2008	318	118
3407	154	10	2009	310	94
3408	154	10	2010	274	66
3409	154	10	2011	211	45
3410	154	10	2012	336	101
3411	154	10	2013	214	56
3412	154	10	2014	207	74
3413	154	10	2015	298	113
3414	154	10	2016	263	81
3415	154	10	2017	347	87
3416	154	10	2018	280	88
3424	154	11	2005	49	17
3425	154	11	2006	75	31
3426	154	11	2007	61	31
3427	154	11	2008	64	56
3428	154	11	2009	64	25
3429	154	11	2010	53	18
3430	154	11	2011	49	11
3431	154	11	2012	50	14
3432	154	11	2013	40	16
3433	154	11	2014	40	13
3434	154	11	2015	53	27
3435	154	11	2016	50	35
3436	154	11	2017	32	12
3437	154	11	2018	47	32
3438	154	11	2019	41	32
3439	154	11	2020	40	34
3440	154	11	2021	44	34
3441	154	11	2022	43	32
3442	154	11	2023	46	34
3444	154	11	2025	\N	\N
3445	154	12	2005	8	11
3446	154	12	2006	16	21
3447	154	12	2007	9	13
3448	154	12	2008	4	6
3449	154	12	2009	5	6
3450	154	12	2010	4	6
3451	154	12	2011	5	6
3452	154	12	2012	6	6
3453	154	12	2013	5	6
3454	154	12	2014	7	7
3455	154	12	2015	5	6
3456	154	12	2016	6	7
3457	154	12	2017	\N	\N
3458	154	12	2018	4	5
3459	154	12	2019	4	5
3460	154	12	2020	\N	\N
3461	154	12	2021	\N	\N
3462	154	12	2022	5	6
3463	154	12	2023	\N	\N
3464	154	12	2024	\N	\N
3466	154	13	2005	155	61
3467	154	13	2006	122	65
3468	154	13	2007	94	48
3469	154	13	2008	102	43
3470	154	13	2009	98	46
3471	154	13	2010	87	33
3472	154	13	2011	78	23
3473	154	13	2012	105	35
3474	154	13	2013	68	20
3475	154	13	2014	108	29
3476	154	13	2015	123	40
3477	154	13	2016	119	22
3478	154	13	2017	168	60
3479	154	13	2018	129	28
3480	154	13	2019	127	28
3481	154	13	2020	91	18
3482	154	13	2021	133	41
3483	154	13	2022	116	24
3487	154	14	2005	5	7
3488	154	14	2006	7	10
3489	154	14	2007	9	12
3490	154	14	2008	9	9
3491	154	14	2009	11	6
3492	154	14	2010	\N	\N
3493	154	14	2011	\N	\N
3494	154	14	2012	\N	\N
3495	154	14	2013	6	7
3496	154	14	2014	\N	\N
3497	154	14	2015	8	11
3498	154	14	2016	\N	\N
3499	154	14	2017	\N	\N
3500	154	14	2018	\N	\N
3501	154	14	2019	\N	\N
3502	154	14	2020	\N	\N
3503	154	14	2021	\N	\N
3504	154	14	2022	\N	\N
3505	154	14	2023	\N	\N
3506	154	14	2024	\N	\N
3507	154	14	2025	\N	\N
3508	154	15	2005	147	16
3509	154	15	2006	110	22
3510	154	15	2007	148	18
3511	154	15	2008	109	10
3512	154	15	2009	110	14
3513	154	15	2010	101	12
3514	154	15	2011	55	7
3515	154	15	2012	122	13
3516	154	15	2013	65	8
3517	154	15	2014	\N	\N
3518	154	15	2015	25	5
3519	154	15	2016	14	5
3520	154	15	2017	\N	\N
3521	154	15	2018	\N	\N
3522	154	15	2019	11	5
3523	154	15	2020	32	11
3524	154	15	2021	30	12
3525	154	15	2022	6	8
3529	154	16	2005	18	5
3530	154	16	2006	20	7
3531	154	16	2007	28	6
3532	154	16	2008	\N	\N
3533	154	16	2009	\N	\N
3534	154	16	2010	\N	\N
3535	154	16	2011	\N	\N
3536	154	16	2012	\N	\N
3537	154	16	2013	\N	\N
3538	154	16	2014	\N	\N
3539	154	16	2015	\N	\N
3540	154	16	2016	\N	\N
3541	154	16	2017	\N	\N
3542	154	16	2018	\N	\N
3543	154	16	2019	\N	\N
3544	154	16	2020	\N	\N
1	1	1	2005	17826	711
2	1	1	2006	14522	648
3	1	1	2007	13185	664
4	1	1	2008	14566	607
5	1	1	2009	15566	592
6	1	1	2010	15670	518
7	1	1	2011	18922	598
8	1	1	2012	13315	509
9	1	1	2013	17973	535
10	1	1	2014	16849	562
11	1	1	2015	14694	539
12	1	1	2016	17481	584
13	1	1	2017	14351	523
14	1	1	2018	13477	451
15	1	1	2019	12461	415
16	1	1	2020	13925	466
17	1	1	2021	13289	461
18	1	1	2022	11908	363
19	1	1	2023	10294	325
20	1	1	2024	10167	313
21	1	1	2025	\N	\N
41	1	2	2024	8180	368
42	1	2	2025	\N	\N
62	1	3	2024	3870	144
63	1	3	2025	\N	\N
83	1	4	2024	1574	110
84	1	4	2025	\N	\N
105	1	5	2025	\N	\N
147	1	7	2025	\N	\N
157	1	8	2014	7371	317
158	1	8	2015	5122	274
159	1	8	2016	7354	330
160	1	8	2017	6131	296
161	1	8	2018	5108	215
162	1	8	2019	4996	218
163	1	8	2020	6507	300
164	1	8	2021	6389	258
165	1	8	2022	6994	243
166	1	8	2023	3079	148
167	1	8	2024	4890	206
168	1	8	2025	\N	\N
173	1	9	2009	51	7
174	1	9	2010	\N	\N
175	1	9	2011	\N	\N
176	1	9	2012	\N	\N
177	1	9	2013	44	15
178	1	9	2014	16	7
179	1	9	2015	31	7
180	1	9	2016	31	7
181	1	9	2017	133	17
182	1	9	2018	73	8
183	1	9	2019	\N	\N
184	1	9	2020	\N	\N
185	1	9	2021	25	11
186	1	9	2022	13	6
187	1	9	2023	\N	\N
188	1	9	2024	\N	\N
189	1	9	2025	\N	\N
208	1	10	2023	279	114
209	1	10	2024	286	127
210	1	10	2025	\N	\N
230	1	11	2024	104	60
231	1	11	2025	\N	\N
252	1	12	2025	\N	\N
272	1	13	2024	27	11
273	1	13	2025	\N	\N
293	1	14	2024	6	11
294	1	14	2025	\N	\N
315	1	15	2025	\N	\N
326	1	16	2015	\N	\N
327	1	16	2016	\N	\N
328	1	16	2017	\N	\N
329	1	16	2018	\N	\N
330	1	16	2019	\N	\N
331	1	16	2020	\N	\N
332	1	16	2021	\N	\N
333	1	16	2022	\N	\N
334	1	16	2023	\N	\N
335	1	16	2024	\N	\N
336	1	16	2025	\N	\N
345	1	17	2013	487	181
346	1	17	2014	514	143
347	1	17	2015	560	155
348	1	17	2016	239	110
349	1	17	2017	373	247
350	1	17	2018	260	133
351	1	17	2019	334	118
352	1	17	2020	145	95
353	1	17	2021	357	145
354	1	17	2022	528	172
355	1	17	2023	348	114
356	1	17	2024	245	103
357	1	17	2025	\N	\N
377	18	1	2024	10896	196
398	18	2	2024	6821	189
399	18	2	2025	\N	\N
419	18	3	2024	518	28
420	18	3	2025	\N	\N
440	18	4	2024	701	43
441	18	4	2025	\N	\N
483	18	6	2025	\N	\N
484	18	7	2005	\N	\N
485	18	7	2006	\N	\N
486	18	7	2007	\N	\N
487	18	7	2008	\N	\N
488	18	7	2009	\N	\N
489	18	7	2010	\N	\N
490	18	7	2011	\N	\N
491	18	7	2012	\N	\N
492	18	7	2013	\N	\N
493	18	7	2014	\N	\N
494	18	7	2015	\N	\N
495	18	7	2016	\N	\N
496	18	7	2017	\N	\N
497	18	7	2018	\N	\N
498	18	7	2019	\N	\N
499	18	7	2020	\N	\N
500	18	7	2021	\N	\N
501	18	7	2022	\N	\N
502	18	7	2023	\N	\N
503	18	7	2024	\N	\N
504	18	7	2025	\N	\N
515	18	8	2015	3068	145
516	18	8	2016	2889	133
517	18	8	2017	2500	97
518	18	8	2018	2209	82
519	18	8	2019	2556	102
520	18	8	2020	2714	102
521	18	8	2021	3487	140
522	18	8	2022	3306	112
523	18	8	2023	3345	117
524	18	8	2024	2809	89
565	18	10	2023	60	30
566	18	10	2024	54	33
567	18	10	2025	\N	\N
588	18	11	2025	\N	\N
629	18	13	2024	\N	\N
630	18	13	2025	\N	\N
636	18	14	2010	\N	\N
637	18	14	2011	\N	\N
638	18	14	2012	\N	\N
639	18	14	2013	\N	\N
640	18	14	2014	\N	\N
641	18	14	2015	\N	\N
642	18	14	2016	\N	\N
643	18	14	2017	\N	\N
644	18	14	2018	\N	\N
645	18	14	2019	\N	\N
646	18	14	2020	\N	\N
647	18	14	2021	\N	\N
648	18	14	2022	\N	\N
649	18	14	2023	\N	\N
650	18	14	2024	\N	\N
651	18	14	2025	\N	\N
652	18	15	2005	\N	\N
653	18	15	2006	\N	\N
654	18	15	2007	\N	\N
655	18	15	2008	\N	\N
656	18	15	2009	\N	\N
657	18	15	2010	\N	\N
658	18	15	2011	\N	\N
659	18	15	2012	\N	\N
660	18	15	2013	\N	\N
661	18	15	2014	\N	\N
662	18	15	2015	\N	\N
663	18	15	2016	\N	\N
664	18	15	2017	\N	\N
665	18	15	2018	\N	\N
666	18	15	2019	\N	\N
667	18	15	2020	\N	\N
668	18	15	2021	\N	\N
669	18	15	2022	\N	\N
670	18	15	2023	\N	\N
671	18	15	2024	\N	\N
672	18	15	2025	\N	\N
678	18	16	2010	\N	\N
679	18	16	2011	\N	\N
680	18	16	2012	\N	\N
681	18	16	2013	\N	\N
682	18	16	2014	\N	\N
683	18	16	2015	\N	\N
684	18	16	2016	\N	\N
685	18	16	2017	\N	\N
686	18	16	2018	\N	\N
687	18	16	2019	\N	\N
688	18	16	2020	\N	\N
689	18	16	2021	\N	\N
690	18	16	2022	\N	\N
691	18	16	2023	\N	\N
692	18	16	2024	\N	\N
693	18	16	2025	\N	\N
710	18	17	2021	306	22
711	18	17	2022	79	29
712	18	17	2023	91	25
713	18	17	2024	51	20
714	18	17	2025	\N	\N
734	35	1	2024	132744	2208
755	35	2	2024	101869	2326
756	35	2	2025	\N	\N
776	35	3	2024	8770	321
777	35	3	2025	\N	\N
797	35	4	2024	6516	298
798	35	4	2025	\N	\N
819	35	5	2025	\N	\N
829	35	6	2014	49	5
830	35	6	2015	\N	\N
831	35	6	2016	\N	\N
832	35	6	2017	\N	\N
833	35	6	2018	\N	\N
834	35	6	2019	162	8
835	35	6	2020	191	17
836	35	6	2021	\N	\N
837	35	6	2022	\N	\N
838	35	6	2023	\N	\N
839	35	6	2024	105	7
840	35	6	2025	\N	\N
849	35	7	2013	35272	1265
850	35	7	2014	24491	1033
851	35	7	2015	33968	1108
852	35	7	2016	32259	901
853	35	7	2017	38419	980
854	35	7	2018	28971	746
855	35	7	2019	32152	769
856	35	7	2020	32142	823
857	35	7	2021	30245	726
858	35	7	2022	30193	698
859	35	7	2023	32587	621
860	35	7	2024	30482	600
861	35	7	2025	\N	\N
881	35	8	2024	43124	1219
882	35	8	2025	\N	\N
902	35	9	2024	8	10
923	35	10	2024	1377	299
924	35	10	2025	\N	\N
944	35	11	2024	451	131
945	35	11	2025	\N	\N
965	35	12	2024	104	26
966	35	12	2025	\N	\N
986	35	13	2024	186	38
990	35	14	2007	971	92
991	35	14	2008	1091	90
992	35	14	2009	1051	100
993	35	14	2010	811	77
994	35	14	2011	852	85
995	35	14	2012	869	84
996	35	14	2013	801	71
997	35	14	2014	601	59
998	35	14	2015	691	59
999	35	14	2016	569	58
1000	35	14	2017	388	40
1001	35	14	2018	346	50
1002	35	14	2019	306	47
1003	35	14	2020	367	41
1004	35	14	2021	277	48
1005	35	14	2022	225	32
1006	35	14	2023	150	31
1007	35	14	2024	209	37
1008	35	14	2025	\N	\N
1026	35	15	2022	127	13
1027	35	15	2023	80	9
1028	35	15	2024	57	11
1029	35	15	2025	\N	\N
1050	35	16	2025	\N	\N
1070	35	17	2024	2165	311
1071	35	17	2025	\N	\N
1091	52	1	2024	129169	2576
1092	52	1	2025	\N	\N
1112	52	2	2024	137506	3578
1113	52	2	2025	\N	\N
1133	52	3	2024	25047	1187
1148	52	4	2018	17747	1354
1149	52	4	2019	25301	1489
1150	52	4	2020	23887	1534
1151	52	4	2021	23015	1403
1152	52	4	2022	20764	1232
1153	52	4	2023	19268	1068
1154	52	4	2024	32281	1521
1155	52	4	2025	\N	\N
1164	52	5	2013	4906	210
1165	52	5	2014	3587	205
1166	52	5	2015	2917	180
1167	52	5	2016	2297	206
1168	52	5	2017	2452	232
1169	52	5	2018	2187	216
1170	52	5	2019	2839	237
1171	52	5	2020	2867	210
1172	52	5	2021	3761	194
1173	52	5	2022	2955	215
1174	52	5	2023	4274	229
1175	52	5	2024	3947	156
1176	52	5	2025	\N	\N
1196	52	6	2024	16197	227
1197	52	6	2025	\N	\N
1217	52	7	2024	637	12
1218	52	7	2025	\N	\N
1238	52	8	2024	38375	1185
1239	52	8	2025	\N	\N
1259	52	9	2024	942	40
1280	52	10	2024	1840	407
1281	52	10	2025	\N	\N
1301	52	11	2024	644	163
1302	52	11	2025	\N	\N
1306	52	12	2008	199	79
1307	52	12	2009	180	72
1308	52	12	2010	170	60
1309	52	12	2011	181	96
1310	52	12	2012	148	65
1311	52	12	2013	164	62
1312	52	12	2014	161	56
1313	52	12	2015	172	65
1314	52	12	2016	173	61
1315	52	12	2017	152	60
1316	52	12	2018	141	51
1317	52	12	2019	138	52
1318	52	12	2020	130	51
1319	52	12	2021	133	44
1320	52	12	2022	156	49
1321	52	12	2023	116	43
1322	52	12	2024	128	43
1323	52	12	2025	\N	\N
1340	52	13	2021	328	88
1341	52	13	2022	335	84
1342	52	13	2023	249	85
1343	52	13	2024	236	82
1344	52	13	2025	\N	\N
1364	52	14	2024	198	42
1385	52	15	2024	87	21
1386	52	15	2025	\N	\N
1406	52	16	2024	13	10
1407	52	16	2025	\N	\N
1427	52	17	2024	5817	610
1428	52	17	2025	\N	\N
1448	69	1	2024	61467	1073
1464	69	2	2019	45260	1460
1465	69	2	2020	42965	1350
1466	69	2	2021	48281	1318
1467	69	2	2022	41702	1273
1468	69	2	2023	43784	1268
1469	69	2	2024	41795	1133
1470	69	2	2025	\N	\N
1477	69	3	2011	1897	85
1478	69	3	2012	5957	346
1479	69	3	2013	6266	300
1480	69	3	2014	6627	277
1481	69	3	2015	5091	269
1482	69	3	2016	5632	330
1483	69	3	2017	4238	202
1484	69	3	2018	8367	350
1485	69	3	2019	7544	357
1486	69	3	2020	7501	361
1487	69	3	2021	5936	317
1488	69	3	2022	5235	286
1489	69	3	2023	7921	335
1490	69	3	2024	5932	287
1511	69	4	2024	4983	262
1512	69	4	2025	\N	\N
1532	69	5	2024	1314	87
1553	69	6	2024	379	7
1554	69	6	2025	\N	\N
1574	69	7	2024	637	12
1575	69	7	2025	\N	\N
1595	69	8	2024	19822	586
1596	69	8	2025	\N	\N
1616	69	9	2024	923	24
1617	69	9	2025	\N	\N
1623	69	10	2010	2979	289
1624	69	10	2011	2691	272
1625	69	10	2012	2708	305
1626	69	10	2013	2885	315
1627	69	10	2014	2294	209
1628	69	10	2015	2166	240
1629	69	10	2016	1958	273
1630	69	10	2017	1890	241
1631	69	10	2018	1793	219
1632	69	10	2019	1618	229
1633	69	10	2020	1420	211
1634	69	10	2021	1430	233
1635	69	10	2022	1414	231
1636	69	10	2023	1267	229
1637	69	10	2024	1210	239
1638	69	10	2025	\N	\N
1654	69	11	2020	614	120
1655	69	11	2021	636	112
1656	69	11	2022	566	127
1657	69	11	2023	573	118
1658	69	11	2024	522	114
1659	69	11	2025	\N	\N
1679	69	12	2024	118	36
1680	69	12	2025	\N	\N
1700	69	13	2024	111	34
1701	69	13	2025	\N	\N
1721	69	14	2024	119	35
1722	69	14	2025	\N	\N
1743	69	15	2025	\N	\N
1763	69	16	2024	7	6
1764	69	16	2025	\N	\N
1781	69	17	2021	2635	186
1782	69	17	2022	2802	245
1783	69	17	2023	2606	180
1784	69	17	2024	2257	196
1785	69	17	2025	\N	\N
1790	86	1	2009	124278	3175
1791	86	1	2010	117517	2895
1792	86	1	2011	94170	2618
1793	86	1	2012	80489	2053
1794	86	1	2013	92875	2527
1795	86	1	2014	89882	2270
1796	86	1	2015	87613	2446
1797	86	1	2016	91038	2059
1798	86	1	2017	56260	1700
1799	86	1	2018	88613	2248
1800	86	1	2019	75054	1892
1801	86	1	2020	84239	2025
1802	86	1	2021	73519	1861
1803	86	1	2022	74885	1742
1804	86	1	2023	72808	1673
1805	86	1	2024	67702	1503
1826	86	2	2024	95712	2445
1827	86	2	2025	\N	\N
1847	86	3	2024	19115	900
1848	86	3	2025	\N	\N
1868	86	4	2024	27298	1259
1869	86	4	2025	\N	\N
1890	86	5	2025	\N	\N
1910	86	6	2024	15818	220
1911	86	6	2025	\N	\N
1941	86	8	2013	23862	940
1942	86	8	2014	27290	1195
1943	86	8	2015	26019	1207
1944	86	8	2016	26548	983
1945	86	8	2017	19608	847
1946	86	8	2018	21230	860
1947	86	8	2019	20913	798
1948	86	8	2020	20826	824
1949	86	8	2021	25126	907
1950	86	8	2022	29424	994
1951	86	8	2023	26854	857
1952	86	8	2024	18553	599
1953	86	8	2025	\N	\N
1965	86	9	2016	11	8
1966	86	9	2017	\N	\N
1967	86	9	2018	15	12
1968	86	9	2019	21	18
1969	86	9	2020	20	21
1970	86	9	2021	26	19
1971	86	9	2022	21	15
1972	86	9	2023	20	13
1973	86	9	2024	19	16
1974	86	9	2025	\N	\N
1994	86	10	2024	630	168
1995	86	10	2025	\N	\N
2015	86	11	2024	122	49
2016	86	11	2025	\N	\N
2036	86	12	2024	10	7
2037	86	12	2025	\N	\N
2057	86	13	2024	124	48
2058	86	13	2025	\N	\N
2079	86	14	2025	\N	\N
2099	86	15	2024	73	13
2100	86	15	2025	\N	\N
2101	86	16	2005	35	14
2102	86	16	2006	55	10
2103	86	16	2007	53	9
2104	86	16	2008	48	5
2105	86	16	2009	47	5
2106	86	16	2010	\N	\N
2107	86	16	2011	\N	\N
2108	86	16	2012	\N	\N
2109	86	16	2013	\N	\N
2110	86	16	2014	\N	\N
2111	86	16	2015	\N	\N
2112	86	16	2016	\N	\N
2113	86	16	2017	123	22
2114	86	16	2018	\N	\N
2115	86	16	2019	18	5
2116	86	16	2020	15	6
2117	86	16	2021	16	7
2118	86	16	2022	\N	\N
2119	86	16	2023	\N	\N
2120	86	16	2024	\N	\N
2121	86	16	2025	\N	\N
2139	86	17	2022	5369	469
2140	86	17	2023	4148	403
2141	86	17	2024	3560	414
2162	103	1	2024	117175	2649
2163	103	1	2025	\N	\N
2183	103	2	2024	155079	3993
2184	103	2	2025	\N	\N
2204	103	3	2024	36600	1546
2205	103	3	2025	\N	\N
2225	103	4	2024	23435	1416
2246	103	5	2024	2483	96
2247	103	5	2025	\N	\N
2261	103	6	2018	17331	317
2262	103	6	2019	21317	378
2263	103	6	2020	19300	341
2264	103	6	2021	21474	339
2265	103	6	2022	23122	348
2266	103	6	2023	23257	314
2267	103	6	2024	27557	360
2268	103	6	2025	\N	\N
2277	103	7	2013	\N	\N
2278	103	7	2014	\N	\N
2279	103	7	2015	\N	\N
2280	103	7	2016	\N	\N
2281	103	7	2017	\N	\N
2282	103	7	2018	\N	\N
2283	103	7	2019	\N	\N
2284	103	7	2020	\N	\N
2285	103	7	2021	\N	\N
2286	103	7	2022	\N	\N
2287	103	7	2023	\N	\N
2288	103	7	2024	\N	\N
2289	103	7	2025	\N	\N
2307	103	8	2022	56022	1951
2308	103	8	2023	48545	1577
2309	103	8	2024	43243	1370
2310	103	8	2025	\N	\N
2330	103	9	2024	32	25
2331	103	9	2025	\N	\N
2351	103	10	2024	1428	307
2372	103	11	2024	139	109
2373	103	11	2025	\N	\N
2393	103	12	2024	23	17
2394	103	12	2025	\N	\N
2414	103	13	2024	181	64
2415	103	13	2025	\N	\N
2421	103	14	2010	4	8
2422	103	14	2011	9	9
2423	103	14	2012	11	13
2424	103	14	2013	8	9
2425	103	14	2014	12	16
2426	103	14	2015	7	24
2427	103	14	2016	7	9
2428	103	14	2017	8	13
2429	103	14	2018	9	15
2430	103	14	2019	16	13
2431	103	14	2020	4	10
2432	103	14	2021	2	8
2433	103	14	2022	5	10
2434	103	14	2023	11	15
2435	103	14	2024	10	13
2451	103	15	2019	88	30
2452	103	15	2020	89	28
2453	103	15	2021	121	31
2454	103	15	2022	116	29
2455	103	15	2023	91	38
2456	103	15	2024	103	29
2457	103	15	2025	\N	\N
2478	103	16	2025	\N	\N
2498	103	17	2024	7408	847
2499	103	17	2025	\N	\N
2519	120	1	2024	77096	1547
2520	120	1	2025	\N	\N
2540	120	2	2024	58039	1875
2541	120	2	2025	\N	\N
2561	120	3	2024	17996	713
2579	120	4	2021	8835	599
2580	120	4	2022	7818	496
2581	120	4	2023	6611	372
2582	120	4	2024	10009	591
2583	120	4	2025	\N	\N
2589	120	5	2010	1180	69
2590	120	5	2011	712	72
2591	120	5	2012	964	88
2592	120	5	2013	1459	126
2593	120	5	2014	714	42
2594	120	5	2015	930	78
2595	120	5	2016	588	50
2596	120	5	2017	1307	112
2597	120	5	2018	897	79
2598	120	5	2019	949	71
2599	120	5	2020	957	68
2600	120	5	2021	838	60
2601	120	5	2022	634	59
2602	120	5	2023	122	37
2603	120	5	2024	1014	43
2604	120	5	2025	\N	\N
2624	120	6	2024	2915	55
2625	120	6	2025	\N	\N
2665	120	8	2023	30632	944
2666	120	8	2024	29145	883
2667	120	8	2025	\N	\N
2687	120	9	2024	18	13
2688	120	9	2025	\N	\N
2708	120	10	2024	778	194
2709	120	10	2025	\N	\N
2729	120	11	2024	105	73
2730	120	11	2025	\N	\N
2740	120	12	2014	21	12
2741	120	12	2015	20	12
2742	120	12	2016	19	12
2743	120	12	2017	18	9
2744	120	12	2018	20	9
2745	120	12	2019	24	12
2746	120	12	2020	19	10
2747	120	12	2021	22	10
2748	120	12	2022	21	10
2749	120	12	2023	18	9
2750	120	12	2024	18	8
2751	120	12	2025	\N	\N
2763	120	13	2016	143	27
2764	120	13	2017	133	22
2765	120	13	2018	116	26
2766	120	13	2019	119	32
2767	120	13	2020	105	34
2768	120	13	2021	137	32
2769	120	13	2022	136	24
2770	120	13	2023	94	23
2771	120	13	2024	111	32
2772	120	13	2025	\N	\N
2792	120	14	2024	5	9
2813	120	15	2024	23	14
2814	120	15	2025	\N	\N
2835	120	16	2025	\N	\N
2854	120	17	2023	4285	466
2855	120	17	2024	4357	472
2856	120	17	2025	\N	\N
2876	137	1	2024	40079	1102
2877	137	1	2025	\N	\N
2898	137	2	2025	\N	\N
2899	137	3	2005	4282	463
2900	137	3	2006	4127	414
2901	137	3	2007	3927	406
2902	137	3	2008	6456	555
2903	137	3	2009	7422	565
2904	137	3	2010	10383	673
2905	137	3	2011	10674	707
2906	137	3	2012	15493	866
2907	137	3	2013	17653	1103
2908	137	3	2014	30604	1621
2909	137	3	2015	23125	1343
2910	137	3	2016	25999	1399
2911	137	3	2017	21071	1176
2912	137	3	2018	36036	1536
2913	137	3	2019	23536	1141
2914	137	3	2020	20999	1028
2915	137	3	2021	23624	1184
2916	137	3	2022	20882	972
2917	137	3	2023	20042	902
2918	137	3	2024	18604	833
2919	137	3	2025	\N	\N
2939	137	4	2024	13426	825
2940	137	4	2025	\N	\N
2961	137	5	2025	\N	\N
2981	137	6	2024	24642	305
2982	137	6	2025	\N	\N
3021	137	8	2022	20716	775
3022	137	8	2023	17912	634
3023	137	8	2024	14098	487
3024	137	8	2025	\N	\N
3044	137	9	2024	14	12
3060	137	10	2019	220	70
3061	137	10	2020	194	71
3062	137	10	2021	266	94
3063	137	10	2022	369	100
3064	137	10	2023	286	104
3065	137	10	2024	650	113
3066	137	10	2025	\N	\N
3073	137	11	2011	33	14
3074	137	11	2012	52	42
3075	137	11	2013	28	20
3076	137	11	2014	36	28
3077	137	11	2015	37	31
3078	137	11	2016	32	21
3079	137	11	2017	38	24
3080	137	11	2018	31	21
3081	137	11	2019	39	28
3082	137	11	2020	43	28
3083	137	11	2021	46	43
3084	137	11	2022	42	46
3085	137	11	2023	45	44
3086	137	11	2024	35	36
3087	137	11	2025	\N	\N
3108	137	12	2025	\N	\N
3128	137	13	2024	70	32
3129	137	13	2025	\N	\N
3170	137	15	2024	80	15
3171	137	15	2025	\N	\N
3209	137	17	2021	3559	458
3210	137	17	2022	3084	359
3211	137	17	2023	2280	324
3212	137	17	2024	3051	375
3213	137	17	2025	\N	\N
3217	154	1	2008	141154	3747
3218	154	1	2009	145578	3557
3219	154	1	2010	141545	3259
3220	154	1	2011	108555	2824
3221	154	1	2012	104111	2631
3222	154	1	2013	119442	2726
3223	154	1	2014	108548	2476
3224	154	1	2015	98330	2755
3225	154	1	2016	104074	2560
3226	154	1	2017	75992	2210
3227	154	1	2018	95999	2346
3228	154	1	2019	80223	2002
3229	154	1	2020	88339	2251
3230	154	1	2021	82206	2054
3231	154	1	2022	78545	2025
3232	154	1	2023	74507	1796
3233	154	1	2024	73541	1553
3234	154	1	2025	\N	\N
3243	154	2	2013	73426	3989
3244	154	2	2014	71972	3541
3245	154	2	2015	96866	4023
3246	154	2	2016	84994	3699
3247	154	2	2017	107576	3542
3248	154	2	2018	73508	3467
3249	154	2	2019	94292	3245
3250	154	2	2020	90218	3237
3251	154	2	2021	89214	3074
3252	154	2	2022	79372	2881
3253	154	2	2023	91078	2584
3254	154	2	2024	73320	2351
3275	154	3	2024	34617	1182
3276	154	3	2025	\N	\N
3296	154	4	2024	18563	1036
3297	154	4	2025	\N	\N
3318	154	5	2025	\N	\N
3337	154	6	2023	12857	187
3338	154	6	2024	12970	191
3378	154	8	2022	38636	1224
3379	154	8	2023	34251	1057
3380	154	8	2024	28324	828
3381	154	8	2025	\N	\N
3387	154	9	2010	18	7
3388	154	9	2011	17	5
3389	154	9	2012	23	10
3390	154	9	2013	10	6
3391	154	9	2014	29	12
3392	154	9	2015	22	10
3393	154	9	2016	89	10
3394	154	9	2017	\N	\N
3395	154	9	2018	36	6
3396	154	9	2019	27	9
3397	154	9	2020	20	6
3398	154	9	2021	34	8
3399	154	9	2022	36	12
3400	154	9	2023	25	10
3401	154	9	2024	31	8
3402	154	9	2025	\N	\N
3417	154	10	2019	286	95
3418	154	10	2020	369	107
3419	154	10	2021	348	122
3420	154	10	2022	301	121
3421	154	10	2023	321	101
3422	154	10	2024	296	115
3423	154	10	2025	\N	\N
3443	154	11	2024	48	37
3465	154	12	2025	\N	\N
3484	154	13	2023	103	22
3485	154	13	2024	107	24
3486	154	13	2025	\N	\N
3526	154	15	2023	19	15
3527	154	15	2024	8	9
3528	154	15	2025	\N	\N
3545	154	16	2021	\N	\N
3546	154	16	2022	\N	\N
3547	154	16	2023	26	5
3548	154	16	2024	\N	\N
3549	154	16	2025	\N	\N
3550	154	17	2005	2755	560
3551	154	17	2006	2609	538
3552	154	17	2007	2573	497
3553	154	17	2008	5213	581
3554	154	17	2009	3566	525
3555	154	17	2010	3989	477
3556	154	17	2011	3622	517
3557	154	17	2012	3357	526
3558	154	17	2013	4692	486
3559	154	17	2014	4142	483
3560	154	17	2015	3945	482
3561	154	17	2016	5421	472
3562	154	17	2017	5134	554
3563	154	17	2018	3398	426
3564	154	17	2019	3774	396
3565	154	17	2020	3192	352
3566	154	17	2021	3960	344
3567	154	17	2022	3428	359
3568	154	17	2023	3593	338
3569	154	17	2024	3049	330
3570	154	17	2025	\N	\N
\.


--
-- Data for Name: product_crops; Type: TABLE DATA; Schema: public; Owner: kristianskovgaard
--

COPY public.product_crops (product_id, crop_id) FROM stdin;
\.


--
-- Data for Name: production; Type: TABLE DATA; Schema: public; Owner: kristianskovgaard
--

COPY public.production (production_id, region_id, product_id) FROM stdin;
\.


--
-- Data for Name: products; Type: TABLE DATA; Schema: public; Owner: kristianskovgaard
--

COPY public.products (product_id, name) FROM stdin;
\.


--
-- Data for Name: regions; Type: TABLE DATA; Schema: public; Owner: kristianskovgaard
--

COPY public.regions (region_id, name) FROM stdin;
1	Landsdelene Byen København, Københavns omegn og Nordsjælland
18	Landsdel Bornholm
35	Region Sjælland
52	Region Syddanmark
69	Landsdel Fyn
86	Landsdel Sydjylland
103	Region Midtjylland
120	Landsdel Østjylland
137	Landsdel Vestjylland
154	Region Nordjylland
171	Region Hovedstaden
\.


--
-- Name: crops_crop_id_seq; Type: SEQUENCE SET; Schema: public; Owner: kristianskovgaard
--

SELECT pg_catalog.setval('public.crops_crop_id_seq', 357, true);


--
-- Name: produce_id_seq; Type: SEQUENCE SET; Schema: public; Owner: kristianskovgaard
--

SELECT pg_catalog.setval('public.produce_id_seq', 3570, true);


--
-- Name: production_production_id_seq; Type: SEQUENCE SET; Schema: public; Owner: kristianskovgaard
--

SELECT pg_catalog.setval('public.production_production_id_seq', 1, false);


--
-- Name: products_product_id_seq; Type: SEQUENCE SET; Schema: public; Owner: kristianskovgaard
--

SELECT pg_catalog.setval('public.products_product_id_seq', 1, false);


--
-- Name: regions_region_id_seq; Type: SEQUENCE SET; Schema: public; Owner: kristianskovgaard
--

SELECT pg_catalog.setval('public.regions_region_id_seq', 357, true);


--
-- Name: crops crops_name_key; Type: CONSTRAINT; Schema: public; Owner: kristianskovgaard
--

ALTER TABLE ONLY public.crops
    ADD CONSTRAINT crops_name_key UNIQUE (name);


--
-- Name: crops crops_pkey; Type: CONSTRAINT; Schema: public; Owner: kristianskovgaard
--

ALTER TABLE ONLY public.crops
    ADD CONSTRAINT crops_pkey PRIMARY KEY (crop_id);


--
-- Name: produce produce_pkey; Type: CONSTRAINT; Schema: public; Owner: kristianskovgaard
--

ALTER TABLE ONLY public.produce
    ADD CONSTRAINT produce_pkey PRIMARY KEY (id);


--
-- Name: product_crops product_crops_pkey; Type: CONSTRAINT; Schema: public; Owner: kristianskovgaard
--

ALTER TABLE ONLY public.product_crops
    ADD CONSTRAINT product_crops_pkey PRIMARY KEY (product_id, crop_id);


--
-- Name: production production_pkey; Type: CONSTRAINT; Schema: public; Owner: kristianskovgaard
--

ALTER TABLE ONLY public.production
    ADD CONSTRAINT production_pkey PRIMARY KEY (production_id);


--
-- Name: products products_name_key; Type: CONSTRAINT; Schema: public; Owner: kristianskovgaard
--

ALTER TABLE ONLY public.products
    ADD CONSTRAINT products_name_key UNIQUE (name);


--
-- Name: products products_pkey; Type: CONSTRAINT; Schema: public; Owner: kristianskovgaard
--

ALTER TABLE ONLY public.products
    ADD CONSTRAINT products_pkey PRIMARY KEY (product_id);


--
-- Name: regions regions_name_key; Type: CONSTRAINT; Schema: public; Owner: kristianskovgaard
--

ALTER TABLE ONLY public.regions
    ADD CONSTRAINT regions_name_key UNIQUE (name);


--
-- Name: regions regions_pkey; Type: CONSTRAINT; Schema: public; Owner: kristianskovgaard
--

ALTER TABLE ONLY public.regions
    ADD CONSTRAINT regions_pkey PRIMARY KEY (region_id);


--
-- Name: produce produce_crop_id_fkey; Type: FK CONSTRAINT; Schema: public; Owner: kristianskovgaard
--

ALTER TABLE ONLY public.produce
    ADD CONSTRAINT produce_crop_id_fkey FOREIGN KEY (crop_id) REFERENCES public.crops(crop_id);


--
-- Name: produce produce_region_id_fkey; Type: FK CONSTRAINT; Schema: public; Owner: kristianskovgaard
--

ALTER TABLE ONLY public.produce
    ADD CONSTRAINT produce_region_id_fkey FOREIGN KEY (region_id) REFERENCES public.regions(region_id);


--
-- Name: product_crops product_crops_crop_id_fkey; Type: FK CONSTRAINT; Schema: public; Owner: kristianskovgaard
--

ALTER TABLE ONLY public.product_crops
    ADD CONSTRAINT product_crops_crop_id_fkey FOREIGN KEY (crop_id) REFERENCES public.crops(crop_id);


--
-- Name: product_crops product_crops_product_id_fkey; Type: FK CONSTRAINT; Schema: public; Owner: kristianskovgaard
--

ALTER TABLE ONLY public.product_crops
    ADD CONSTRAINT product_crops_product_id_fkey FOREIGN KEY (product_id) REFERENCES public.products(product_id);


--
-- Name: production production_product_id_fkey; Type: FK CONSTRAINT; Schema: public; Owner: kristianskovgaard
--

ALTER TABLE ONLY public.production
    ADD CONSTRAINT production_product_id_fkey FOREIGN KEY (product_id) REFERENCES public.products(product_id);


--
-- Name: production production_region_id_fkey; Type: FK CONSTRAINT; Schema: public; Owner: kristianskovgaard
--

ALTER TABLE ONLY public.production
    ADD CONSTRAINT production_region_id_fkey FOREIGN KEY (region_id) REFERENCES public.regions(region_id);


--
-- Name: SCHEMA public; Type: ACL; Schema: -; Owner: kristianskovgaard
--

REVOKE USAGE ON SCHEMA public FROM PUBLIC;


--
-- PostgreSQL database dump complete
--

\unrestrict YId57RBuZQqs7ypMSDsfvibhNhgAWkWvVBXQbGz7XfqyYE0he2ldzOJO21xiBaW

