--
-- PostgreSQL database dump
--

\restrict 6kukninBrNBzgEH77xDueXgkg54KLzNqKjJ8bQ3JK752Y5sT4jGZaSGaOUeWPAm

-- Dumped from database version 18.4 (Postgres.app)
-- Dumped by pg_dump version 18.4 (Postgres.app)

SET statement_timeout = 0;
SET lock_timeout = 0;
SET idle_in_transaction_session_timeout = 0;
SET transaction_timeout = 0;
SET client_encoding = 'UTF8';
SET standard_conforming_strings = on;
SELECT pg_catalog.set_config('search_path', '', false);
SET check_function_bodies = false;
SET xmloption = content;
SET client_min_messages = warning;
SET row_security = off;

--
-- Name: public; Type: SCHEMA; Schema: -; Owner: andersskibsted
--

-- *not* creating schema, since initdb creates it


ALTER SCHEMA public OWNER TO andersskibsted;

--
-- Name: SCHEMA public; Type: COMMENT; Schema: -; Owner: andersskibsted
--

COMMENT ON SCHEMA public IS '';


SET default_tablespace = '';

SET default_table_access_method = heap;

--
-- Name: crops; Type: TABLE; Schema: public; Owner: andersskibsted
--

CREATE TABLE public.crops (
    id integer NOT NULL,
    name text NOT NULL
);


ALTER TABLE public.crops OWNER TO andersskibsted;

--
-- Name: crops_id_seq; Type: SEQUENCE; Schema: public; Owner: andersskibsted
--

CREATE SEQUENCE public.crops_id_seq
    AS integer
    START WITH 1
    INCREMENT BY 1
    NO MINVALUE
    NO MAXVALUE
    CACHE 1;


ALTER SEQUENCE public.crops_id_seq OWNER TO andersskibsted;

--
-- Name: crops_id_seq; Type: SEQUENCE OWNED BY; Schema: public; Owner: andersskibsted
--

ALTER SEQUENCE public.crops_id_seq OWNED BY public.crops.id;


--
-- Name: production; Type: TABLE; Schema: public; Owner: andersskibsted
--

CREATE TABLE public.production (
    id integer NOT NULL,
    region_id integer NOT NULL,
    crop_id integer NOT NULL,
    year integer NOT NULL,
    amount numeric
);


ALTER TABLE public.production OWNER TO andersskibsted;

--
-- Name: production_id_seq; Type: SEQUENCE; Schema: public; Owner: andersskibsted
--

CREATE SEQUENCE public.production_id_seq
    AS integer
    START WITH 1
    INCREMENT BY 1
    NO MINVALUE
    NO MAXVALUE
    CACHE 1;


ALTER SEQUENCE public.production_id_seq OWNER TO andersskibsted;

--
-- Name: production_id_seq; Type: SEQUENCE OWNED BY; Schema: public; Owner: andersskibsted
--

ALTER SEQUENCE public.production_id_seq OWNED BY public.production.id;


--
-- Name: regions; Type: TABLE; Schema: public; Owner: andersskibsted
--

CREATE TABLE public.regions (
    id integer NOT NULL,
    name text NOT NULL
);


ALTER TABLE public.regions OWNER TO andersskibsted;

--
-- Name: regions_id_seq; Type: SEQUENCE; Schema: public; Owner: andersskibsted
--

CREATE SEQUENCE public.regions_id_seq
    AS integer
    START WITH 1
    INCREMENT BY 1
    NO MINVALUE
    NO MAXVALUE
    CACHE 1;


ALTER SEQUENCE public.regions_id_seq OWNER TO andersskibsted;

--
-- Name: regions_id_seq; Type: SEQUENCE OWNED BY; Schema: public; Owner: andersskibsted
--

ALTER SEQUENCE public.regions_id_seq OWNED BY public.regions.id;


--
-- Name: crops id; Type: DEFAULT; Schema: public; Owner: andersskibsted
--

ALTER TABLE ONLY public.crops ALTER COLUMN id SET DEFAULT nextval('public.crops_id_seq'::regclass);


--
-- Name: production id; Type: DEFAULT; Schema: public; Owner: andersskibsted
--

ALTER TABLE ONLY public.production ALTER COLUMN id SET DEFAULT nextval('public.production_id_seq'::regclass);


--
-- Name: regions id; Type: DEFAULT; Schema: public; Owner: andersskibsted
--

ALTER TABLE ONLY public.regions ALTER COLUMN id SET DEFAULT nextval('public.regions_id_seq'::regclass);


--
-- Data for Name: crops; Type: TABLE DATA; Schema: public; Owner: andersskibsted
--

COPY public.crops (id, name) FROM stdin;
1	Vinterhvede
2	Vårhvede
3	Rug
4	Triticale
5	Vinterbyg
6	Vårbyg
7	Havre, blandsæd og andet korn
8	Majs til modenhed
9	RAPS I ALT
10	Vinterraps
11	Vårraps
12	BÆLGSÆD I ALT
13	Markærter
14	Hestebønner
15	HALM I ALT, DER ER BJÆRGET
16	Halm af korn, der er bjærget
17	RODFRUGTER (ROD) I ALT
18	Læggekartofler under kontrol
19	Kartofler til melproduktion
20	Spisekartofler
21	Sukkerroer til fabrik
22	Fodersukkerroer og anden rodfrugt til foder
23	GRÆS, GRØNTFODER OG EFTERSLÆT I ALT
24	Lucerne
25	Majs til ensilering
26	Korn til ensilering
27	Græs og kløver i omdriften
28	Græs uden for omdriften
29	Efterslæt efter korn og helsæd
\.


--
-- Data for Name: production; Type: TABLE DATA; Schema: public; Owner: andersskibsted
--

COPY public.production (id, region_id, crop_id, year, amount) FROM stdin;
1	1	1	2014	220.9
2	1	1	2015	219.3
3	1	1	2016	195.0
4	1	1	2017	214.2
5	1	1	2018	109.2
6	1	1	2019	203.7
7	1	1	2020	187.5
8	1	1	2021	165.1
9	1	1	2022	186.5
10	1	1	2023	149.9
11	1	1	2024	182.7
12	1	2	2014	4.5
13	1	2	2015	5.5
14	1	2	2016	4.6
15	1	2	2017	4.5
16	1	2	2018	3.1
17	1	2	2019	4.9
18	1	2	2020	7.1
19	1	2	2021	4.3
20	1	2	2022	3.8
21	1	2	2023	2.2
22	1	2	2024	2.4
23	1	3	2014	28.7
24	1	3	2015	25.0
25	1	3	2016	23.7
26	1	3	2017	23.3
27	1	3	2018	13.3
28	1	3	2019	33.8
29	1	3	2020	30.3
30	1	3	2021	23.9
31	1	3	2022	25.9
32	1	3	2023	23.2
33	1	3	2024	31.8
34	1	4	2014	0.8
35	1	4	2015	0.7
36	1	4	2016	0.8
37	1	4	2017	1.0
38	1	4	2018	0.4
39	1	4	2019	1.2
40	1	4	2020	1.0
41	1	4	2021	0.6
42	1	4	2022	0.7
43	1	4	2023	0.5
44	1	4	2024	0.3
45	1	5	2014	30.8
46	1	5	2015	27.4
47	1	5	2016	21.9
48	1	5	2017	31.1
49	1	5	2018	14.6
50	1	5	2019	24.7
51	1	5	2020	22.4
52	1	5	2021	19.2
53	1	5	2022	18.2
54	1	5	2023	14.3
55	1	5	2024	19.8
56	1	6	2014	80.6
57	1	6	2015	87.1
58	1	6	2016	94.0
59	1	6	2017	93.2
60	1	6	2018	77.8
61	1	6	2019	93.3
62	1	6	2020	113.3
63	1	6	2021	75.6
64	1	6	2022	99.7
65	1	6	2023	42.6
66	1	6	2024	71.9
67	1	7	2014	9.0
68	1	7	2015	8.6
69	1	7	2016	10.2
70	1	7	2017	12.4
71	1	7	2018	7.8
72	1	7	2019	8.5
73	1	7	2020	21.9
74	1	7	2021	10.2
75	1	7	2022	8.3
76	1	7	2023	6.4
77	1	7	2024	7.7
78	1	8	2014	1.4
79	1	8	2015	1.1
80	1	8	2016	0.6
81	1	8	2017	0.6
82	1	8	2018	0.6
83	1	8	2019	0.6
84	1	8	2020	0.5
85	1	8	2021	0.5
86	1	8	2022	0.9
87	1	8	2023	0.5
88	1	8	2024	0.6
89	1	9	2014	34.1
90	1	9	2015	39.6
91	1	9	2016	30.2
92	1	9	2017	39.0
93	1	9	2018	21.8
94	1	9	2019	32.7
95	1	9	2020	30.5
96	1	9	2021	30.9
97	1	9	2022	42.6
98	1	9	2023	31.9
99	1	9	2024	29.9
100	1	10	2014	34.0
101	1	10	2015	\N
102	1	10	2016	\N
103	1	10	2017	\N
104	1	10	2018	\N
105	1	10	2019	\N
106	1	10	2020	\N
107	1	10	2021	\N
108	1	10	2022	\N
109	1	10	2023	\N
110	1	10	2024	\N
111	1	11	2014	0.1
112	1	11	2015	\N
113	1	11	2016	\N
114	1	11	2017	\N
115	1	11	2018	\N
116	1	11	2019	\N
117	1	11	2020	\N
118	1	11	2021	\N
119	1	11	2022	\N
120	1	11	2023	\N
121	1	11	2024	\N
122	1	12	2014	1.5
123	1	12	2015	3.1
124	1	12	2016	3.7
125	1	12	2017	6.1
126	1	12	2018	5.5
127	1	12	2019	4.6
128	1	12	2020	5.1
129	1	12	2021	3.0
130	1	12	2022	4.5
131	1	12	2023	3.7
132	1	12	2024	2.9
133	1	13	2014	0.6
134	1	13	2015	0.6
135	1	13	2016	0.4
136	1	13	2017	0.8
137	1	13	2018	0.5
138	1	13	2019	0.5
139	1	13	2020	1.0
140	1	13	2021	1.0
141	1	13	2022	2.4
142	1	13	2023	2.3
143	1	13	2024	1.4
144	1	14	2014	\N
145	1	14	2015	\N
146	1	14	2016	\N
147	1	14	2017	\N
148	1	14	2018	\N
149	1	14	2019	\N
150	1	14	2020	4.0
151	1	14	2021	2.1
152	1	14	2022	2.1
153	1	14	2023	1.4
154	1	14	2024	1.6
155	1	15	2014	88.7
156	1	15	2015	78.1
157	1	15	2016	76.1
158	1	15	2017	92.8
159	1	15	2018	86.4
160	1	15	2019	80.7
161	1	15	2020	75.4
162	1	15	2021	60.4
163	1	15	2022	100.3
164	1	15	2023	64.1
165	1	15	2024	93.6
166	1	16	2014	86.4
167	1	16	2015	76.7
168	1	16	2016	73.0
169	1	16	2017	90.7
170	1	16	2018	82.7
171	1	16	2019	78.6
172	1	16	2020	74.4
173	1	16	2021	58.8
174	1	16	2022	96.4
175	1	16	2023	63.3
176	1	16	2024	90.8
177	1	17	2014	34.1
178	1	17	2015	17.6
179	1	17	2016	16.7
180	1	17	2017	27.3
181	1	17	2018	20.0
182	1	17	2019	36.8
183	1	17	2020	28.3
184	1	17	2021	28.1
185	1	17	2022	27.1
186	1	17	2023	27.3
187	1	17	2024	30.3
188	1	18	2014	0.6
189	1	18	2015	0.2
190	1	18	2016	0.2
191	1	18	2017	0.2
192	1	18	2018	0.3
193	1	18	2019	1.0
194	1	18	2020	1.2
195	1	18	2021	1.5
196	1	18	2022	1.6
197	1	18	2023	2.4
198	1	18	2024	1.5
199	1	19	2014	3.0
200	1	19	2015	0.0
201	1	19	2016	0.0
202	1	19	2017	0.0
203	1	19	2018	0.0
204	1	19	2019	0.0
205	1	19	2020	1.5
206	1	19	2021	0.3
207	1	19	2022	0.0
208	1	19	2023	0.8
209	1	19	2024	0.4
210	1	20	2014	15.3
211	1	20	2015	12.8
212	1	20	2016	12.3
213	1	20	2017	18.9
214	1	20	2018	11.0
215	1	20	2019	31.0
216	1	20	2020	20.3
217	1	20	2021	20.6
218	1	20	2022	21.6
219	1	20	2023	12.6
220	1	20	2024	15.3
221	1	21	2014	5.8
222	1	21	2015	0.7
223	1	21	2016	2.2
224	1	21	2017	0.0
225	1	21	2018	0.0
226	1	21	2019	0.0
227	1	21	2020	0.0
228	1	21	2021	0.0
229	1	21	2022	0.0
230	1	21	2023	0.0
231	1	21	2024	0.0
232	1	22	2014	9.3
233	1	22	2015	3.9
234	1	22	2016	2.5
235	1	22	2017	8.1
236	1	22	2018	8.6
237	1	22	2019	4.8
238	1	22	2020	5.3
239	1	22	2021	5.7
240	1	22	2022	3.9
241	1	22	2023	11.6
242	1	22	2024	13.2
243	1	23	2014	815.1
244	1	23	2015	753.5
245	1	23	2016	775.5
246	1	23	2017	832.3
247	1	23	2018	637.1
248	1	23	2019	771.0
249	1	23	2020	644.8
250	1	23	2021	807.7
251	1	23	2022	701.6
252	1	23	2023	744.7
253	1	23	2024	744.6
254	1	24	2014	7.1
255	1	24	2015	5.3
256	1	24	2016	6.1
257	1	24	2017	6.1
258	1	24	2018	1.6
259	1	24	2019	2.4
260	1	24	2020	5.1
261	1	24	2021	3.6
262	1	24	2022	3.2
263	1	24	2023	3.2
264	1	24	2024	4.6
265	1	25	2014	114.1
266	1	25	2015	101.6
267	1	25	2016	119.2
268	1	25	2017	109.8
269	1	25	2018	89.6
270	1	25	2019	126.0
271	1	25	2020	100.0
272	1	25	2021	92.2
273	1	25	2022	94.6
274	1	25	2023	96.8
275	1	25	2024	84.8
276	1	26	2014	15.0
277	1	26	2015	13.4
278	1	26	2016	13.1
279	1	26	2017	12.8
280	1	26	2018	8.0
281	1	26	2019	11.7
282	1	26	2020	13.0
283	1	26	2021	7.5
284	1	26	2022	4.9
285	1	26	2023	3.5
286	1	26	2024	4.0
287	1	27	2014	489.5
288	1	27	2015	371.1
289	1	27	2016	372.2
290	1	27	2017	474.2
291	1	27	2018	282.8
292	1	27	2019	408.3
293	1	27	2020	379.2
294	1	27	2021	427.8
295	1	27	2022	467.0
296	1	27	2023	482.1
297	1	27	2024	497.8
298	1	28	2014	182.5
299	1	28	2015	254.6
300	1	28	2016	257.8
301	1	28	2017	220.8
302	1	28	2018	250.0
303	1	28	2019	215.3
304	1	28	2020	140.4
305	1	28	2021	270.9
306	1	28	2022	125.5
307	1	28	2023	155.2
308	1	28	2024	148.4
309	1	29	2014	7.0
310	1	29	2015	7.4
311	1	29	2016	7.4
312	1	29	2017	8.6
313	1	29	2018	5.2
314	1	29	2019	7.3
315	1	29	2020	7.2
316	1	29	2021	5.8
317	1	29	2022	6.5
318	1	29	2023	3.9
319	1	29	2024	5.0
320	30	1	2014	116.8
321	30	1	2015	114.2
322	30	1	2016	102.3
323	30	1	2017	109.3
324	30	1	2018	53.9
325	30	1	2019	94.0
326	30	1	2020	92.9
327	30	1	2021	86.5
328	30	1	2022	88.7
329	30	1	2023	63.9
330	30	1	2024	89.7
331	30	2	2014	2.2
332	30	2	2015	2.6
333	30	2	2016	2.8
334	30	2	2017	2.1
335	30	2	2018	1.5
336	30	2	2019	2.4
337	30	2	2020	3.8
338	30	2	2021	2.7
339	30	2	2022	1.8
340	30	2	2023	0.9
341	30	2	2024	1.1
342	30	3	2014	25.7
343	30	3	2015	20.0
344	30	3	2016	19.2
345	30	3	2017	19.0
346	30	3	2018	11.9
347	30	3	2019	30.4
348	30	3	2020	28.2
349	30	3	2021	22.0
350	30	3	2022	23.4
351	30	3	2023	21.0
352	30	3	2024	27.8
353	30	4	2014	0.5
354	30	4	2015	0.6
355	30	4	2016	0.7
356	30	4	2017	0.5
357	30	4	2018	0.4
358	30	4	2019	0.9
359	30	4	2020	0.8
360	30	4	2021	0.6
361	30	4	2022	0.6
362	30	4	2023	0.3
363	30	4	2024	0.3
364	30	5	2014	15.3
365	30	5	2015	12.5
366	30	5	2016	10.2
367	30	5	2017	16.8
368	30	5	2018	6.6
369	30	5	2019	10.8
370	30	5	2020	11.1
371	30	5	2021	10.8
372	30	5	2022	8.9
373	30	5	2023	5.4
374	30	5	2024	9.4
375	30	6	2014	48.1
376	30	6	2015	52.5
377	30	6	2016	59.4
378	30	6	2017	57.9
379	30	6	2018	50.4
380	30	6	2019	54.0
381	30	6	2020	64.3
382	30	6	2021	48.4
383	30	6	2022	60.6
384	30	6	2023	24.4
385	30	6	2024	41.6
386	30	7	2014	7.4
387	30	7	2015	6.5
388	30	7	2016	8.3
389	30	7	2017	10.3
390	30	7	2018	6.3
391	30	7	2019	5.7
392	30	7	2020	16.8
393	30	7	2021	7.5
394	30	7	2022	6.5
395	30	7	2023	6.0
396	30	7	2024	5.9
397	30	8	2014	0.5
398	30	8	2015	0.5
399	30	8	2016	0.4
400	30	8	2017	0.5
401	30	8	2018	0.5
402	30	8	2019	0.6
403	30	8	2020	0.5
404	30	8	2021	0.4
405	30	8	2022	0.4
406	30	8	2023	0.5
407	30	8	2024	0.5
408	30	9	2014	23.9
409	30	9	2015	26.8
410	30	9	2016	18.5
411	30	9	2017	24.9
412	30	9	2018	14.8
413	30	9	2019	22.6
414	30	9	2020	19.2
415	30	9	2021	20.6
416	30	9	2022	26.4
417	30	9	2023	20.6
418	30	9	2024	17.9
419	30	10	2014	23.9
420	30	10	2015	\N
421	30	10	2016	\N
422	30	10	2017	\N
423	30	10	2018	\N
424	30	10	2019	\N
425	30	10	2020	\N
426	30	10	2021	\N
427	30	10	2022	\N
428	30	10	2023	\N
429	30	10	2024	\N
430	30	11	2014	0.0
431	30	11	2015	\N
432	30	11	2016	\N
433	30	11	2017	\N
434	30	11	2018	\N
435	30	11	2019	\N
436	30	11	2020	\N
437	30	11	2021	\N
438	30	11	2022	\N
439	30	11	2023	\N
440	30	11	2024	\N
441	30	12	2014	0.5
442	30	12	2015	0.8
443	30	12	2016	0.9
444	30	12	2017	1.9
445	30	12	2018	2.0
446	30	12	2019	1.5
447	30	12	2020	1.7
448	30	12	2021	1.2
449	30	12	2022	2.6
450	30	12	2023	0.8
451	30	12	2024	1.3
452	30	13	2014	0.4
453	30	13	2015	0.5
454	30	13	2016	0.3
455	30	13	2017	0.6
456	30	13	2018	0.4
457	30	13	2019	0.2
458	30	13	2020	0.7
459	30	13	2021	0.7
460	30	13	2022	1.6
461	30	13	2023	0.4
462	30	13	2024	0.4
463	30	14	2014	\N
464	30	14	2015	\N
465	30	14	2016	\N
466	30	14	2017	\N
467	30	14	2018	\N
468	30	14	2019	\N
469	30	14	2020	1.1
470	30	14	2021	0.5
471	30	14	2022	0.9
472	30	14	2023	0.4
473	30	14	2024	0.9
474	30	15	2014	47.8
475	30	15	2015	43.5
476	30	15	2016	34.4
477	30	15	2017	46.0
478	30	15	2018	46.8
479	30	15	2019	37.3
480	30	15	2020	37.7
481	30	15	2021	28.6
482	30	15	2022	43.4
483	30	15	2023	28.3
484	30	15	2024	51.2
485	30	16	2014	46.3
486	30	16	2015	42.4
487	30	16	2016	32.6
488	30	16	2017	44.2
489	30	16	2018	44.0
490	30	16	2019	35.8
491	30	16	2020	37.5
492	30	16	2021	27.9
493	30	16	2022	41.8
494	30	16	2023	28.1
495	30	16	2024	49.6
496	30	17	2014	29.3
497	30	17	2015	15.5
498	30	17	2016	15.4
499	30	17	2017	25.8
500	30	17	2018	18.8
501	30	17	2019	35.2
502	30	17	2020	27.2
503	30	17	2021	27.1
504	30	17	2022	26.1
505	30	17	2023	26.3
506	30	17	2024	28.2
507	30	18	2014	0.6
508	30	18	2015	0.2
509	30	18	2016	0.2
510	30	18	2017	0.2
511	30	18	2018	0.3
512	30	18	2019	1.0
513	30	18	2020	1.2
514	30	18	2021	1.5
515	30	18	2022	1.6
516	30	18	2023	2.4
517	30	18	2024	1.5
518	30	19	2014	3.0
519	30	19	2015	77.9
520	30	19	2016	80.5
521	30	19	2017	0.0
522	30	19	2018	0.0
523	30	19	2019	0.0
524	30	19	2020	1.5
525	30	19	2021	0.3
526	30	19	2022	0.0
527	30	19	2023	0.8
528	30	19	2024	0.4
529	30	20	2014	14.7
530	30	20	2015	11.8
531	30	20	2016	11.6
532	30	20	2017	17.9
533	30	20	2018	10.5
534	30	20	2019	29.7
535	30	20	2020	19.5
536	30	20	2021	19.9
537	30	20	2022	20.8
538	30	20	2023	12.1
539	30	20	2024	14.9
540	30	21	2014	5.8
541	30	21	2015	0.7
542	30	21	2016	2.2
543	30	21	2017	0.0
544	30	21	2018	0.0
545	30	21	2019	0.0
546	30	21	2020	0.0
547	30	21	2021	0.0
548	30	21	2022	0.0
549	30	21	2023	0.0
550	30	21	2024	0.0
551	30	22	2014	5.1
552	30	22	2015	2.8
553	30	22	2016	2.1
554	30	22	2017	7.7
555	30	22	2018	8.0
556	30	22	2019	4.6
557	30	22	2020	5.1
558	30	22	2021	5.4
559	30	22	2022	3.7
560	30	22	2023	11.0
561	30	22	2024	11.5
562	30	23	2014	581.6
563	30	23	2015	519.0
564	30	23	2016	547.9
565	30	23	2017	583.0
566	30	23	2018	469.9
567	30	23	2019	530.6
568	30	23	2020	445.2
569	30	23	2021	590.1
570	30	23	2022	483.0
571	30	23	2023	507.0
572	30	23	2024	524.5
573	30	24	2014	4.1
574	30	24	2015	4.1
575	30	24	2016	5.0
576	30	24	2017	4.8
577	30	24	2018	1.3
578	30	24	2019	2.3
579	30	24	2020	5.1
580	30	24	2021	3.6
581	30	24	2022	2.8
582	30	24	2023	2.4
583	30	24	2024	3.5
584	30	25	2014	33.6
585	30	25	2015	21.1
586	30	25	2016	24.8
587	30	25	2017	24.4
588	30	25	2018	22.6
589	30	25	2019	26.8
590	30	25	2020	21.5
591	30	25	2021	21.8
592	30	25	2022	17.0
593	30	25	2023	15.2
594	30	25	2024	14.5
595	30	26	2014	6.7
596	30	26	2015	6.6
597	30	26	2016	5.6
598	30	26	2017	7.5
599	30	26	2018	5.2
600	30	26	2019	9.1
601	30	26	2020	8.4
602	30	26	2021	5.3
603	30	26	2022	3.6
604	30	26	2023	2.5
605	30	26	2024	3.0
606	30	27	2014	368.3
607	30	27	2015	256.0
608	30	27	2016	274.5
609	30	27	2017	350.9
610	30	27	2018	209.1
611	30	27	2019	301.2
612	30	27	2020	284.0
613	30	27	2021	321.4
614	30	27	2022	346.9
615	30	27	2023	349.0
616	30	27	2024	370.6
617	30	28	2014	165.0
618	30	28	2015	226.8
619	30	28	2016	234.0
620	30	28	2017	190.2
621	30	28	2018	228.6
622	30	28	2019	186.5
623	30	28	2020	121.9
624	30	28	2021	234.4
625	30	28	2022	108.8
626	30	28	2023	135.5
627	30	28	2024	129.8
628	30	29	2014	3.9
629	30	29	2015	4.4
630	30	29	2016	4.4
631	30	29	2017	5.2
632	30	29	2018	3.1
633	30	29	2019	4.7
634	30	29	2020	4.3
635	30	29	2021	3.5
636	30	29	2022	3.9
637	30	29	2023	2.3
638	30	29	2024	3.0
639	59	1	2014	104.1
640	59	1	2015	105.1
641	59	1	2016	92.7
642	59	1	2017	104.8
643	59	1	2018	55.4
644	59	1	2019	109.7
645	59	1	2020	94.6
646	59	1	2021	78.6
647	59	1	2022	97.8
648	59	1	2023	86.1
649	59	1	2024	93.0
650	59	2	2014	2.4
651	59	2	2015	2.9
652	59	2	2016	1.9
653	59	2	2017	2.4
654	59	2	2018	1.6
655	59	2	2019	2.4
656	59	2	2020	3.2
657	59	2	2021	1.6
658	59	2	2022	1.9
659	59	2	2023	1.3
660	59	2	2024	1.3
661	59	3	2014	3.0
662	59	3	2015	5.0
663	59	3	2016	4.5
664	59	3	2017	4.3
665	59	3	2018	1.4
666	59	3	2019	3.4
667	59	3	2020	2.1
668	59	3	2021	1.9
669	59	3	2022	2.4
670	59	3	2023	2.2
671	59	3	2024	4.0
672	59	4	2014	0.3
673	59	4	2015	0.2
674	59	4	2016	0.1
675	59	4	2017	0.4
676	59	4	2018	0.1
677	59	4	2019	0.3
678	59	4	2020	0.2
679	59	4	2021	0.1
680	59	4	2022	0.1
681	59	4	2023	0.2
682	59	4	2024	0.0
683	59	5	2014	15.5
684	59	5	2015	14.9
685	59	5	2016	11.7
686	59	5	2017	14.3
687	59	5	2018	8.0
688	59	5	2019	13.9
689	59	5	2020	11.3
690	59	5	2021	8.5
691	59	5	2022	9.3
692	59	5	2023	8.8
693	59	5	2024	10.4
694	59	6	2014	32.5
695	59	6	2015	34.5
696	59	6	2016	34.6
697	59	6	2017	35.3
698	59	6	2018	27.3
699	59	6	2019	39.3
700	59	6	2020	49.1
701	59	6	2021	27.2
702	59	6	2022	39.2
703	59	6	2023	18.2
704	59	6	2024	30.4
705	59	7	2014	1.6
706	59	7	2015	2.1
707	59	7	2016	1.9
708	59	7	2017	2.1
709	59	7	2018	1.5
710	59	7	2019	2.8
711	59	7	2020	5.1
712	59	7	2021	2.6
713	59	7	2022	1.8
714	59	7	2023	0.4
715	59	7	2024	1.8
716	59	8	2014	0.9
717	59	8	2015	0.6
718	59	8	2016	0.1
719	59	8	2017	0.1
720	59	8	2018	0.1
721	59	8	2019	0.1
722	59	8	2020	0.1
723	59	8	2021	0.0
724	59	8	2022	0.5
725	59	8	2023	0.0
726	59	8	2024	0.0
727	59	9	2014	10.2
728	59	9	2015	12.8
729	59	9	2016	11.7
730	59	9	2017	14.2
731	59	9	2018	7.0
732	59	9	2019	10.2
733	59	9	2020	11.3
734	59	9	2021	10.4
735	59	9	2022	16.2
736	59	9	2023	11.3
737	59	9	2024	12.0
738	59	10	2014	10.1
739	59	10	2015	\N
740	59	10	2016	\N
741	59	10	2017	\N
742	59	10	2018	\N
743	59	10	2019	\N
744	59	10	2020	\N
745	59	10	2021	\N
746	59	10	2022	\N
747	59	10	2023	\N
748	59	10	2024	\N
749	59	11	2014	0.1
750	59	11	2015	\N
751	59	11	2016	\N
752	59	11	2017	\N
753	59	11	2018	\N
754	59	11	2019	\N
755	59	11	2020	\N
756	59	11	2021	\N
757	59	11	2022	\N
758	59	11	2023	\N
759	59	11	2024	\N
760	59	12	2014	1.0
761	59	12	2015	2.4
762	59	12	2016	2.8
763	59	12	2017	4.1
764	59	12	2018	3.4
765	59	12	2019	3.1
766	59	12	2020	3.3
767	59	12	2021	1.8
768	59	12	2022	1.9
769	59	12	2023	2.9
770	59	12	2024	1.6
771	59	13	2014	0.3
772	59	13	2015	0.2
773	59	13	2016	0.1
774	59	13	2017	0.2
775	59	13	2018	0.1
776	59	13	2019	0.3
777	59	13	2020	0.4
778	59	13	2021	0.2
779	59	13	2022	0.8
780	59	13	2023	1.9
781	59	13	2024	1.0
782	59	14	2014	\N
783	59	14	2015	\N
784	59	14	2016	\N
785	59	14	2017	\N
786	59	14	2018	\N
787	59	14	2019	\N
788	59	14	2020	2.9
789	59	14	2021	1.6
790	59	14	2022	1.1
791	59	14	2023	1.0
792	59	14	2024	0.6
793	59	15	2014	40.9
794	59	15	2015	34.6
795	59	15	2016	41.7
796	59	15	2017	46.8
797	59	15	2018	39.6
798	59	15	2019	43.4
799	59	15	2020	37.7
800	59	15	2021	31.8
801	59	15	2022	56.8
802	59	15	2023	35.8
803	59	15	2024	42.5
804	59	16	2014	40.1
805	59	16	2015	34.3
806	59	16	2016	40.4
807	59	16	2017	46.6
808	59	16	2018	38.7
809	59	16	2019	42.8
810	59	16	2020	36.9
811	59	16	2021	30.9
812	59	16	2022	54.5
813	59	16	2023	35.2
814	59	16	2024	41.2
815	59	17	2014	4.8
816	59	17	2015	2.1
817	59	17	2016	1.3
818	59	17	2017	1.5
819	59	17	2018	1.1
820	59	17	2019	1.6
821	59	17	2020	1.1
822	59	17	2021	1.0
823	59	17	2022	1.0
824	59	17	2023	1.0
825	59	17	2024	2.1
826	59	18	2014	44.2
827	59	18	2015	32.7
828	59	18	2016	0.0
829	59	18	2017	0.0
830	59	18	2018	0.0
831	59	18	2019	0.0
832	59	18	2020	0.0
833	59	18	2021	0.0
834	59	18	2022	0.0
835	59	18	2023	0.0
836	59	18	2024	0.0
837	59	19	2014	296.5
838	59	19	2015	291.5
839	59	19	2016	212.5
840	59	19	2017	0.0
841	59	19	2018	0.0
842	59	19	2019	0.0
843	59	19	2020	0.0
844	59	19	2021	0.0
845	59	19	2022	0.0
846	59	19	2023	0.0
847	59	19	2024	0.0
848	59	20	2014	0.5
849	59	20	2015	1.0
850	59	20	2016	0.8
851	59	20	2017	1.1
852	59	20	2018	0.5
853	59	20	2019	1.3
854	59	20	2020	0.8
855	59	20	2021	0.7
856	59	20	2022	0.7
857	59	20	2023	0.5
858	59	20	2024	0.4
859	59	21	2014	656.8
860	59	21	2015	541.0
861	59	21	2016	587.1
862	59	21	2017	0.0
863	59	21	2018	0.0
864	59	21	2019	0.0
865	59	21	2020	0.0
866	59	21	2021	0.0
867	59	21	2022	0.0
868	59	21	2023	0.0
869	59	21	2024	0.0
870	59	22	2014	4.3
871	59	22	2015	1.1
872	59	22	2016	0.5
873	59	22	2017	0.4
874	59	22	2018	0.6
875	59	22	2019	0.3
876	59	22	2020	0.3
877	59	22	2021	0.3
878	59	22	2022	0.3
879	59	22	2023	0.5
880	59	22	2024	1.7
881	59	23	2014	233.5
882	59	23	2015	234.5
883	59	23	2016	227.6
884	59	23	2017	249.3
885	59	23	2018	167.2
886	59	23	2019	240.4
887	59	23	2020	199.6
888	59	23	2021	217.6
889	59	23	2022	218.6
890	59	23	2023	237.7
891	59	23	2024	220.2
892	59	24	2014	3.0
893	59	24	2015	1.2
894	59	24	2016	1.1
895	59	24	2017	1.4
896	59	24	2018	0.3
897	59	24	2019	0.2
898	59	24	2020	0.0
899	59	24	2021	0.0
900	59	24	2022	0.4
901	59	24	2023	0.8
902	59	24	2024	1.1
903	59	25	2014	80.5
904	59	25	2015	80.5
905	59	25	2016	94.4
906	59	25	2017	85.3
907	59	25	2018	67.0
908	59	25	2019	99.2
909	59	25	2020	78.5
910	59	25	2021	70.4
911	59	25	2022	77.6
912	59	25	2023	81.6
913	59	25	2024	70.3
914	59	26	2014	8.3
915	59	26	2015	6.9
916	59	26	2016	7.5
917	59	26	2017	5.3
918	59	26	2018	2.8
919	59	26	2019	2.5
920	59	26	2020	4.6
921	59	26	2021	2.1
922	59	26	2022	1.3
923	59	26	2023	1.0
924	59	26	2024	1.0
925	59	27	2014	121.2
926	59	27	2015	115.1
927	59	27	2016	97.6
928	59	27	2017	123.3
929	59	27	2018	73.7
930	59	27	2019	107.1
931	59	27	2020	95.2
932	59	27	2021	106.3
933	59	27	2022	120.1
934	59	27	2023	133.1
935	59	27	2024	127.1
936	59	28	2014	17.4
937	59	28	2015	27.8
938	59	28	2016	23.7
939	59	28	2017	30.6
940	59	28	2018	21.4
941	59	28	2019	28.8
942	59	28	2020	18.5
943	59	28	2021	36.5
944	59	28	2022	16.7
945	59	28	2023	19.6
946	59	28	2024	18.6
947	59	29	2014	3.1
948	59	29	2015	3.0
949	59	29	2016	3.0
950	59	29	2017	3.5
951	59	29	2018	2.0
952	59	29	2019	2.6
953	59	29	2020	2.9
954	59	29	2021	2.3
955	59	29	2022	2.6
956	59	29	2023	1.6
957	59	29	2024	2.0
958	88	1	2014	1336.3
959	88	1	2015	1324.8
960	88	1	2016	1184.7
961	88	1	2017	1182.1
962	88	1	2018	628.8
963	88	1	2019	1260.6
964	88	1	2020	1120.8
965	88	1	2021	1110.5
966	88	1	2022	1141.1
967	88	1	2023	1016.9
968	88	1	2024	1061.5
969	88	2	2014	11.4
970	88	2	2015	12.5
971	88	2	2016	15.8
972	88	2	2017	15.1
973	88	2	2018	25.1
974	88	2	2019	13.1
975	88	2	2020	25.6
976	88	2	2021	25.0
977	88	2	2022	15.3
978	88	2	2023	7.3
979	88	2	2024	10.3
980	88	3	2014	50.4
981	88	3	2015	55.7
982	88	3	2016	42.1
983	88	3	2017	48.0
984	88	3	2018	30.6
985	88	3	2019	72.1
986	88	3	2020	65.2
987	88	3	2021	53.3
988	88	3	2022	57.2
989	88	3	2023	54.2
990	88	3	2024	59.4
991	88	4	2014	7.6
992	88	4	2015	8.8
993	88	4	2016	6.3
994	88	4	2017	4.9
995	88	4	2018	1.4
996	88	4	2019	2.9
997	88	4	2020	2.3
998	88	4	2021	2.4
999	88	4	2022	1.3
1000	88	4	2023	0.9
1001	88	4	2024	1.2
1002	88	5	2014	97.4
1003	88	5	2015	83.2
1004	88	5	2016	75.4
1005	88	5	2017	87.5
1006	88	5	2018	40.9
1007	88	5	2019	72.1
1008	88	5	2020	65.4
1009	88	5	2021	56.1
1010	88	5	2022	48.6
1011	88	5	2023	35.7
1012	88	5	2024	46.9
1013	88	6	2014	719.8
1014	88	6	2015	849.0
1015	88	6	2016	725.7
1016	88	6	2017	763.9
1017	88	6	2018	701.1
1018	88	6	2019	805.7
1019	88	6	2020	807.0
1020	88	6	2021	663.3
1021	88	6	2022	809.0
1022	88	6	2023	469.6
1023	88	6	2024	659.2
1024	88	7	2014	15.2
1025	88	7	2015	14.5
1026	88	7	2016	16.0
1027	88	7	2017	19.4
1028	88	7	2018	17.3
1029	88	7	2019	26.9
1030	88	7	2020	47.6
1031	88	7	2021	32.3
1032	88	7	2022	26.6
1033	88	7	2023	11.8
1034	88	7	2024	23.6
1035	88	8	2014	5.6
1036	88	8	2015	6.9
1037	88	8	2016	4.9
1038	88	8	2017	3.9
1039	88	8	2018	3.0
1040	88	8	2019	5.1
1041	88	8	2020	3.6
1042	88	8	2021	3.9
1043	88	8	2022	9.1
1044	88	8	2023	5.5
1045	88	8	2024	12.5
1046	88	9	2014	190.0
1047	88	9	2015	206.2
1048	88	9	2016	131.2
1049	88	9	2017	185.6
1050	88	9	2018	125.3
1051	88	9	2019	174.7
1052	88	9	2020	165.5
1053	88	9	2021	178.7
1054	88	9	2022	244.5
1055	88	9	2023	213.8
1056	88	9	2024	185.3
1057	88	10	2014	189.0
1058	88	10	2015	\N
1059	88	10	2016	\N
1060	88	10	2017	\N
1061	88	10	2018	\N
1062	88	10	2019	\N
1063	88	10	2020	\N
1064	88	10	2021	\N
1065	88	10	2022	\N
1066	88	10	2023	\N
1067	88	10	2024	\N
1068	88	11	2014	1.0
1069	88	11	2015	\N
1070	88	11	2016	\N
1071	88	11	2017	\N
1072	88	11	2018	\N
1073	88	11	2019	\N
1074	88	11	2020	\N
1075	88	11	2021	\N
1076	88	11	2022	\N
1077	88	11	2023	\N
1078	88	11	2024	\N
1079	88	12	2014	9.2
1080	88	12	2015	11.1
1081	88	12	2016	9.6
1082	88	12	2017	14.5
1083	88	12	2018	16.0
1084	88	12	2019	17.1
1085	88	12	2020	25.5
1086	88	12	2021	20.0
1087	88	12	2022	27.1
1088	88	12	2023	16.4
1089	88	12	2024	14.8
1090	88	13	2014	6.2
1091	88	13	2015	7.1
1092	88	13	2016	5.3
1093	88	13	2017	9.0
1094	88	13	2018	8.5
1095	88	13	2019	9.6
1096	88	13	2020	17.2
1097	88	13	2021	12.6
1098	88	13	2022	17.5
1099	88	13	2023	11.1
1100	88	13	2024	8.9
1101	88	14	2014	\N
1102	88	14	2015	\N
1103	88	14	2016	\N
1104	88	14	2017	\N
1105	88	14	2018	\N
1106	88	14	2019	\N
1107	88	14	2020	8.3
1108	88	14	2021	7.5
1109	88	14	2022	9.6
1110	88	14	2023	5.3
1111	88	14	2024	5.9
1112	88	15	2014	653.4
1113	88	15	2015	555.2
1114	88	15	2016	544.2
1115	88	15	2017	616.2
1116	88	15	2018	678.1
1117	88	15	2019	707.8
1118	88	15	2020	538.7
1119	88	15	2021	495.6
1120	88	15	2022	580.4
1121	88	15	2023	498.6
1122	88	15	2024	681.3
1123	88	16	2014	629.3
1124	88	16	2015	536.3
1125	88	16	2016	534.1
1126	88	16	2017	603.4
1127	88	16	2018	634.4
1128	88	16	2019	695.6
1129	88	16	2020	520.9
1130	88	16	2021	486.4
1131	88	16	2022	560.8
1132	88	16	2023	482.5
1133	88	16	2024	661.4
1134	88	17	2014	2230.2
1135	88	17	2015	1763.4
1136	88	17	2016	1757.0
1137	88	17	2017	2491.4
1138	88	17	2018	2118.9
1139	88	17	2019	2372.3
1140	88	17	2020	2565.7
1141	88	17	2021	2586.4
1142	88	17	2022	2307.6
1143	88	17	2023	2283.3
1144	88	17	2024	2600.8
1145	88	18	2014	20.4
1146	88	18	2015	19.7
1147	88	18	2016	33.6
1148	88	18	2017	25.4
1149	88	18	2018	14.8
1150	88	18	2019	22.4
1151	88	18	2020	20.6
1152	88	18	2021	18.3
1153	88	18	2022	21.0
1154	88	18	2023	20.8
1155	88	18	2024	21.6
1156	88	19	2014	403.5
1157	88	19	2015	0.5
1158	88	19	2016	433.0
1159	88	19	2017	0.0
1160	88	19	2018	0.0
1161	88	19	2019	0.0
1162	88	19	2020	6.0
1163	88	19	2021	3.6
1164	88	19	2022	1.9
1165	88	19	2023	0.1
1166	88	19	2024	1.8
1167	88	20	2014	61.4
1168	88	20	2015	59.6
1169	88	20	2016	49.2
1170	88	20	2017	58.5
1171	88	20	2018	37.0
1172	88	20	2019	63.0
1173	88	20	2020	39.8
1174	88	20	2021	50.5
1175	88	20	2022	43.4
1176	88	20	2023	40.1
1177	88	20	2024	41.1
1178	88	21	2014	2137.1
1179	88	21	2015	1669.8
1180	88	21	2016	2312.2
1181	88	21	2017	2400.4
1182	88	21	2018	2060.0
1183	88	21	2019	2280.3
1184	88	21	2020	2494.6
1185	88	21	2021	2508.3
1186	88	21	2022	2235.8
1187	88	21	2023	2217.6
1188	88	21	2024	2530.6
1189	88	22	2014	11.2
1190	88	22	2015	13.7
1191	88	22	2016	10.5
1192	88	22	2017	7.0
1193	88	22	2018	7.1
1194	88	22	2019	6.6
1195	88	22	2020	4.7
1196	88	22	2021	5.7
1197	88	22	2022	5.5
1198	88	22	2023	4.6
1199	88	22	2024	5.7
1200	88	23	2014	1283.0
1201	88	23	2015	1217.9
1202	88	23	2016	1352.0
1203	88	23	2017	1626.7
1204	88	23	2018	1061.2
1205	88	23	2019	1509.5
1206	88	23	2020	1200.8
1207	88	23	2021	1275.6
1208	88	23	2022	1317.3
1209	88	23	2023	1181.7
1210	88	23	2024	1219.7
1211	88	24	2014	28.9
1212	88	24	2015	28.2
1213	88	24	2016	21.5
1214	88	24	2017	30.9
1215	88	24	2018	11.4
1216	88	24	2019	15.0
1217	88	24	2020	8.9
1218	88	24	2021	5.7
1219	88	24	2022	8.9
1220	88	24	2023	8.6
1221	88	24	2024	10.1
1222	88	25	2014	212.5
1223	88	25	2015	216.3
1224	88	25	2016	202.5
1225	88	25	2017	211.6
1226	88	25	2018	175.1
1227	88	25	2019	258.0
1228	88	25	2020	175.1
1229	88	25	2021	190.0
1230	88	25	2022	204.2
1231	88	25	2023	258.6
1232	88	25	2024	217.7
1233	88	26	2014	23.2
1234	88	26	2015	22.8
1235	88	26	2016	25.5
1236	88	26	2017	19.1
1237	88	26	2018	13.2
1238	88	26	2019	33.9
1239	88	26	2020	21.6
1240	88	26	2021	20.1
1241	88	26	2022	27.7
1242	88	26	2023	27.0
1243	88	26	2024	31.2
1244	88	27	2014	656.8
1245	88	27	2015	541.0
1246	88	27	2016	587.1
1247	88	27	2017	959.8
1248	88	27	2018	531.9
1249	88	27	2019	806.7
1250	88	27	2020	728.5
1251	88	27	2021	730.9
1252	88	27	2022	745.5
1253	88	27	2023	670.2
1254	88	27	2024	682.4
1255	88	28	2014	347.0
1256	88	28	2015	397.1
1257	88	28	2016	502.2
1258	88	28	2017	375.2
1259	88	28	2018	305.9
1260	88	28	2019	359.6
1261	88	28	2020	230.9
1262	88	28	2021	298.8
1263	88	28	2022	295.0
1264	88	28	2023	194.7
1265	88	28	2024	249.1
1266	88	29	2014	14.5
1267	88	29	2015	12.5
1268	88	29	2016	12.5
1269	88	29	2017	30.1
1270	88	29	2018	23.7
1271	88	29	2019	36.4
1272	88	29	2020	35.8
1273	88	29	2021	30.2
1274	88	29	2022	36.0
1275	88	29	2023	22.7
1276	88	29	2024	29.1
1277	117	1	2014	1363.1
1278	117	1	2015	1341.0
1279	117	1	2016	1109.5
1280	117	1	2017	1321.3
1281	117	1	2018	675.0
1282	117	1	2019	1251.4
1283	117	1	2020	1058.9
1284	117	1	2021	1062.7
1285	117	1	2022	1104.6
1286	117	1	2023	986.7
1287	117	1	2024	842.1
1288	117	2	2014	16.9
1289	117	2	2015	18.0
1290	117	2	2016	18.0
1291	117	2	2017	23.4
1292	117	2	2018	50.8
1293	117	2	2019	25.8
1294	117	2	2020	29.3
1295	117	2	2021	49.8
1296	117	2	2022	36.8
1297	117	2	2023	20.1
1298	117	2	2024	15.6
1299	117	3	2014	178.1
1300	117	3	2015	205.8
1301	117	3	2016	154.4
1302	117	3	2017	206.6
1303	117	3	2018	122.9
1304	117	3	2019	235.3
1305	117	3	2020	183.2
1306	117	3	2021	180.5
1307	117	3	2022	187.0
1308	117	3	2023	161.8
1309	117	3	2024	147.4
1310	117	4	2014	15.9
1311	117	4	2015	11.8
1312	117	4	2016	8.2
1313	117	4	2017	8.2
1314	117	4	2018	7.2
1315	117	4	2019	9.3
1316	117	4	2020	4.8
1317	117	4	2021	5.7
1318	117	4	2022	4.7
1319	117	4	2023	3.6
1320	117	4	2024	3.8
1321	117	5	2014	256.4
1322	117	5	2015	258.0
1323	117	5	2016	215.0
1324	117	5	2017	253.4
1325	117	5	2018	129.0
1326	117	5	2019	199.4
1327	117	5	2020	172.7
1328	117	5	2021	128.3
1329	117	5	2022	125.0
1330	117	5	2023	98.0
1331	117	5	2024	95.0
1332	117	6	2014	714.6
1333	117	6	2015	792.1
1334	117	6	2016	869.3
1335	117	6	2017	847.5
1336	117	6	2018	839.2
1337	117	6	2019	760.2
1338	117	6	2020	972.1
1339	117	6	2021	788.1
1340	117	6	2022	1063.8
1341	117	6	2023	622.0
1342	117	6	2024	683.3
1343	117	7	2014	77.9
1344	117	7	2015	78.8
1345	117	7	2016	94.4
1346	117	7	2017	119.6
1347	117	7	2018	112.8
1348	117	7	2019	94.9
1349	117	7	2020	163.7
1350	117	7	2021	132.7
1351	117	7	2022	154.7
1352	117	7	2023	93.3
1353	117	7	2024	94.6
1354	117	8	2014	42.6
1355	117	8	2015	27.9
1356	117	8	2016	24.0
1357	117	8	2017	18.5
1358	117	8	2018	18.3
1359	117	8	2019	20.4
1360	117	8	2020	18.9
1361	117	8	2021	22.5
1362	117	8	2022	28.8
1363	117	8	2023	18.3
1364	117	8	2024	26.0
1365	117	9	2014	205.9
1366	117	9	2015	214.9
1367	117	9	2016	141.6
1368	117	9	2017	204.4
1369	117	9	2018	131.7
1370	117	9	2019	171.5
1371	117	9	2020	152.0
1372	117	9	2021	153.2
1373	117	9	2022	223.1
1374	117	9	2023	208.9
1375	117	9	2024	162.7
1376	117	10	2014	205.4
1377	117	10	2015	\N
1378	117	10	2016	\N
1379	117	10	2017	\N
1380	117	10	2018	\N
1381	117	10	2019	\N
1382	117	10	2020	\N
1383	117	10	2021	\N
1384	117	10	2022	\N
1385	117	10	2023	\N
1386	117	10	2024	\N
1387	117	11	2014	0.4
1388	117	11	2015	\N
1389	117	11	2016	\N
1390	117	11	2017	\N
1391	117	11	2018	\N
1392	117	11	2019	\N
1393	117	11	2020	\N
1394	117	11	2021	\N
1395	117	11	2022	\N
1396	117	11	2023	\N
1397	117	11	2024	\N
1398	117	12	2014	7.8
1399	117	12	2015	14.1
1400	117	12	2016	16.4
1401	117	12	2017	29.7
1402	117	12	2018	26.7
1403	117	12	2019	24.1
1404	117	12	2020	33.4
1405	117	12	2021	40.0
1406	117	12	2022	58.4
1407	117	12	2023	43.2
1408	117	12	2024	36.6
1409	117	13	2014	2.5
1410	117	13	2015	3.4
1411	117	13	2016	3.5
1412	117	13	2017	5.6
1413	117	13	2018	3.5
1414	117	13	2019	4.3
1415	117	13	2020	6.1
1416	117	13	2021	10.5
1417	117	13	2022	20.4
1418	117	13	2023	16.0
1419	117	13	2024	10.2
1420	117	14	2014	\N
1421	117	14	2015	\N
1422	117	14	2016	\N
1423	117	14	2017	\N
1424	117	14	2018	\N
1425	117	14	2019	\N
1426	117	14	2020	27.3
1427	117	14	2021	29.5
1428	117	14	2022	38.0
1429	117	14	2023	27.2
1430	117	14	2024	26.4
1431	117	15	2014	893.7
1432	117	15	2015	1004.6
1433	117	15	2016	979.8
1434	117	15	2017	1103.4
1435	117	15	2018	1048.7
1436	117	15	2019	1091.3
1437	117	15	2020	1054.2
1438	117	15	2021	987.8
1439	117	15	2022	1199.8
1440	117	15	2023	881.9
1441	117	15	2024	959.9
1442	117	16	2014	860.3
1443	117	16	2015	955.3
1444	117	16	2016	958.5
1445	117	16	2017	1072.3
1446	117	16	2018	973.3
1447	117	16	2019	1063.5
1448	117	16	2020	1023.8
1449	117	16	2021	962.6
1450	117	16	2022	1140.5
1451	117	16	2023	842.0
1452	117	16	2024	911.2
1453	117	17	2014	596.4
1454	117	17	2015	571.4
1455	117	17	2016	665.5
1456	117	17	2017	764.0
1457	117	17	2018	640.9
1458	117	17	2019	883.3
1459	117	17	2020	947.4
1460	117	17	2021	811.4
1461	117	17	2022	904.0
1462	117	17	2023	1014.2
1463	117	17	2024	1043.7
1464	117	18	2014	44.9
1465	117	18	2015	43.4
1466	117	18	2016	45.8
1467	117	18	2017	62.8
1468	117	18	2018	36.5
1469	117	18	2019	63.7
1470	117	18	2020	62.3
1471	117	18	2021	63.0
1472	117	18	2022	58.5
1473	117	18	2023	58.2
1474	117	18	2024	58.9
1475	117	19	2014	249.6
1476	117	19	2015	304.6
1477	117	19	2016	367.9
1478	117	19	2017	384.8
1479	117	19	2018	372.6
1480	117	19	2019	485.3
1481	117	19	2020	569.0
1482	117	19	2021	482.5
1483	117	19	2022	591.6
1484	117	19	2023	679.9
1485	117	19	2024	724.5
1486	117	20	2014	200.0
1487	117	20	2015	124.4
1488	117	20	2016	133.1
1489	117	20	2017	206.4
1490	117	20	2018	115.5
1491	117	20	2019	156.1
1492	117	20	2020	143.4
1493	117	20	2021	104.8
1494	117	20	2022	99.2
1495	117	20	2023	72.7
1496	117	20	2024	58.1
1497	117	21	2014	21.6
1498	117	21	2015	25.1
1499	117	21	2016	35.4
1500	117	21	2017	54.2
1501	117	21	2018	47.6
1502	117	21	2019	59.7
1503	117	21	2020	63.9
1504	117	21	2021	64.8
1505	117	21	2022	56.0
1506	117	21	2023	62.9
1507	117	21	2024	56.4
1508	117	22	2014	80.3
1509	117	22	2015	73.9
1510	117	22	2016	88.5
1511	117	22	2017	55.8
1512	117	22	2018	68.7
1513	117	22	2019	118.5
1514	117	22	2020	108.7
1515	117	22	2021	96.3
1516	117	22	2022	98.7
1517	117	22	2023	140.4
1518	117	22	2024	145.8
1519	117	23	2014	9745.8
1520	117	23	2015	9210.1
1521	117	23	2016	10480.2
1522	117	23	2017	9166.5
1523	117	23	2018	8163.0
1524	117	23	2019	9122.6
1525	117	23	2020	9384.4
1526	117	23	2021	8694.7
1527	117	23	2022	8259.4
1528	117	23	2023	8355.9
1529	117	23	2024	8240.0
1530	117	24	2014	129.4
1531	117	24	2015	78.0
1532	117	24	2016	60.1
1533	117	24	2017	53.2
1534	117	24	2018	12.1
1535	117	24	2019	17.7
1536	117	24	2020	25.6
1537	117	24	2021	13.6
1538	117	24	2022	9.9
1539	117	24	2023	6.8
1540	117	24	2024	4.6
1541	117	25	2014	3647.9
1542	117	25	2015	3006.4
1543	117	25	2016	3719.5
1544	117	25	2017	3261.2
1545	117	25	2018	3328.5
1546	117	25	2019	3700.7
1547	117	25	2020	3649.9
1548	117	25	2021	3227.7
1549	117	25	2022	3214.0
1550	117	25	2023	3817.6
1551	117	25	2024	3452.9
1552	117	26	2014	405.8
1553	117	26	2015	329.9
1554	117	26	2016	355.1
1555	117	26	2017	249.3
1556	117	26	2018	224.3
1557	117	26	2019	315.4
1558	117	26	2020	312.8
1559	117	26	2021	244.4
1560	117	26	2022	271.4
1561	117	26	2023	221.8
1562	117	26	2024	276.9
1563	117	27	2014	4533.5
1564	117	27	2015	4430.3
1565	117	27	2016	4927.6
1566	117	27	2017	4763.4
1567	117	27	2018	3639.9
1568	117	27	2019	4185.3
1569	117	27	2020	4379.6
1570	117	27	2021	4161.2
1571	117	27	2022	4075.5
1572	117	27	2023	3835.8
1573	117	27	2024	3971.6
1574	117	28	2014	837.8
1575	117	28	2015	1188.6
1576	117	28	2016	1234.5
1577	117	28	2017	694.3
1578	117	28	2018	837.2
1579	117	28	2019	730.5
1580	117	28	2020	849.7
1581	117	28	2021	907.2
1582	117	28	2022	522.0
1583	117	28	2023	372.6
1584	117	28	2024	407.7
1585	117	29	2014	191.4
1586	117	29	2015	177.0
1587	117	29	2016	177.0
1588	117	29	2017	145.2
1589	117	29	2018	121.0
1590	117	29	2019	173.0
1591	117	29	2020	166.8
1592	117	29	2021	140.6
1593	117	29	2022	166.6
1594	117	29	2023	101.4
1595	117	29	2024	126.4
1596	146	1	2014	655.7
1597	146	1	2015	654.4
1598	146	1	2016	561.3
1599	146	1	2017	615.1
1600	146	1	2018	373.8
1601	146	1	2019	586.8
1602	146	1	2020	493.2
1603	146	1	2021	501.9
1604	146	1	2022	517.7
1605	146	1	2023	445.4
1606	146	1	2024	430.1
1607	146	2	2014	3.7
1608	146	2	2015	3.1
1609	146	2	2016	3.4
1610	146	2	2017	5.4
1611	146	2	2018	12.3
1612	146	2	2019	4.6
1613	146	2	2020	6.4
1614	146	2	2021	10.6
1615	146	2	2022	8.6
1616	146	2	2023	4.3
1617	146	2	2024	4.4
1618	146	3	2014	39.9
1619	146	3	2015	45.6
1620	146	3	2016	35.8
1621	146	3	2017	42.0
1622	146	3	2018	35.5
1623	146	3	2019	56.9
1624	146	3	2020	51.9
1625	146	3	2021	48.5
1626	146	3	2022	39.6
1627	146	3	2023	29.8
1628	146	3	2024	36.3
1629	146	4	2014	2.2
1630	146	4	2015	1.9
1631	146	4	2016	1.8
1632	146	4	2017	1.6
1633	146	4	2018	1.3
1634	146	4	2019	2.7
1635	146	4	2020	1.2
1636	146	4	2021	0.7
1637	146	4	2022	0.6
1638	146	4	2023	0.3
1639	146	4	2024	0.1
1640	146	5	2014	98.3
1641	146	5	2015	93.5
1642	146	5	2016	74.4
1643	146	5	2017	83.8
1644	146	5	2018	48.2
1645	146	5	2019	71.3
1646	146	5	2020	58.1
1647	146	5	2021	42.7
1648	146	5	2022	38.1
1649	146	5	2023	27.2
1650	146	5	2024	30.9
1651	146	6	2014	190.7
1652	146	6	2015	209.9
1653	146	6	2016	262.5
1654	146	6	2017	241.5
1655	146	6	2018	228.6
1656	146	6	2019	226.5
1657	146	6	2020	305.8
1658	146	6	2021	254.3
1659	146	6	2022	339.6
1660	146	6	2023	162.5
1661	146	6	2024	222.6
1662	146	7	2014	12.7
1663	146	7	2015	10.9
1664	146	7	2016	12.4
1665	146	7	2017	14.8
1666	146	7	2018	13.5
1667	146	7	2019	14.7
1668	146	7	2020	29.0
1669	146	7	2021	28.8
1670	146	7	2022	24.7
1671	146	7	2023	14.0
1672	146	7	2024	16.3
1673	146	8	2014	6.5
1674	146	8	2015	7.8
1675	146	8	2016	6.4
1676	146	8	2017	4.3
1677	146	8	2018	2.6
1678	146	8	2019	3.4
1679	146	8	2020	6.0
1680	146	8	2021	5.9
1681	146	8	2022	7.5
1682	146	8	2023	8.2
1683	146	8	2024	11.8
1684	146	9	2014	104.7
1685	146	9	2015	109.0
1686	146	9	2016	65.1
1687	146	9	2017	99.6
1688	146	9	2018	70.5
1689	146	9	2019	84.4
1690	146	9	2020	74.7
1691	146	9	2021	77.7
1692	146	9	2022	105.4
1693	146	9	2023	88.3
1694	146	9	2024	83.8
1695	146	10	2014	104.6
1696	146	10	2015	\N
1697	146	10	2016	\N
1698	146	10	2017	\N
1699	146	10	2018	\N
1700	146	10	2019	\N
1701	146	10	2020	\N
1702	146	10	2021	\N
1703	146	10	2022	\N
1704	146	10	2023	\N
1705	146	10	2024	\N
1706	146	11	2014	0.2
1707	146	11	2015	\N
1708	146	11	2016	\N
1709	146	11	2017	\N
1710	146	11	2018	\N
1711	146	11	2019	\N
1712	146	11	2020	\N
1713	146	11	2021	\N
1714	146	11	2022	\N
1715	146	11	2023	\N
1716	146	11	2024	\N
1717	146	12	2014	1.8
1718	146	12	2015	3.9
1719	146	12	2016	4.8
1720	146	12	2017	8.5
1721	146	12	2018	5.9
1722	146	12	2019	7.1
1723	146	12	2020	7.6
1724	146	12	2021	10.7
1725	146	12	2022	16.3
1726	146	12	2023	10.9
1727	146	12	2024	10.4
1728	146	13	2014	0.7
1729	146	13	2015	1.3
1730	146	13	2016	1.8
1731	146	13	2017	2.8
1732	146	13	2018	1.5
1733	146	13	2019	2.3
1734	146	13	2020	1.9
1735	146	13	2021	4.0
1736	146	13	2022	8.5
1737	146	13	2023	6.3
1738	146	13	2024	4.8
1739	146	14	2014	\N
1740	146	14	2015	\N
1741	146	14	2016	\N
1742	146	14	2017	\N
1743	146	14	2018	\N
1744	146	14	2019	\N
1745	146	14	2020	5.7
1746	146	14	2021	6.7
1747	146	14	2022	7.9
1748	146	14	2023	4.6
1749	146	14	2024	5.6
1750	146	15	2014	370.4
1751	146	15	2015	424.9
1752	146	15	2016	398.2
1753	146	15	2017	450.7
1754	146	15	2018	404.4
1755	146	15	2019	446.5
1756	146	15	2020	404.4
1757	146	15	2021	382.1
1758	146	15	2022	458.4
1759	146	15	2023	295.9
1760	146	15	2024	385.5
1761	146	16	2014	349.3
1762	146	16	2015	394.8
1763	146	16	2016	386.0
1764	146	16	2017	430.4
1765	146	16	2018	363.0
1766	146	16	2019	428.9
1767	146	16	2020	385.9
1768	146	16	2021	370.6
1769	146	16	2022	425.6
1770	146	16	2023	275.5
1771	146	16	2024	361.0
1772	146	17	2014	76.9
1773	146	17	2015	68.3
1774	146	17	2016	75.6
1775	146	17	2017	104.3
1776	146	17	2018	83.2
1777	146	17	2019	115.4
1778	146	17	2020	133.9
1779	146	17	2021	128.3
1780	146	17	2022	120.1
1781	146	17	2023	122.9
1782	146	17	2024	109.9
1783	146	18	2014	4.7
1784	146	18	2015	3.1
1785	146	18	2016	3.5
1786	146	18	2017	4.0
1787	146	18	2018	3.6
1788	146	18	2019	6.9
1789	146	18	2020	5.3
1790	146	18	2021	2.6
1791	146	18	2022	3.5
1792	146	18	2023	2.9
1793	146	18	2024	3.0
1794	146	19	2014	4.0
1795	146	19	2015	3.1
1796	146	19	2016	3.9
1797	146	19	2017	3.2
1798	146	19	2018	3.5
1799	146	19	2019	10.6
1800	146	19	2020	21.4
1801	146	19	2021	23.4
1802	146	19	2022	21.5
1803	146	19	2023	11.0
1804	146	19	2024	12.5
1805	146	20	2014	37.8
1806	146	20	2015	29.3
1807	146	20	2016	30.9
1808	146	20	2017	38.2
1809	146	20	2018	24.0
1810	146	20	2019	28.8
1811	146	20	2020	31.9
1812	146	20	2021	27.0
1813	146	20	2022	30.5
1814	146	20	2023	14.6
1815	146	20	2024	14.7
1816	146	21	2014	20.8
1817	146	21	2015	24.5
1818	146	21	2016	34.9
1819	146	21	2017	54.2
1820	146	21	2018	47.6
1821	146	21	2019	59.7
1822	146	21	2020	63.9
1823	146	21	2021	64.8
1824	146	21	2022	56.0
1825	146	21	2023	62.9
1826	146	21	2024	56.4
1827	146	22	2014	9.6
1828	146	22	2015	8.2
1829	146	22	2016	7.6
1830	146	22	2017	4.7
1831	146	22	2018	4.6
1832	146	22	2019	9.5
1833	146	22	2020	11.4
1834	146	22	2021	10.4
1835	146	22	2022	8.6
1836	146	22	2023	31.4
1837	146	22	2024	23.4
1838	146	23	2014	1214.4
1839	146	23	2015	1213.5
1840	146	23	2016	1267.3
1841	146	23	2017	1101.0
1842	146	23	2018	914.8
1843	146	23	2019	1125.0
1844	146	23	2020	1241.6
1845	146	23	2021	1201.5
1846	146	23	2022	975.2
1847	146	23	2023	862.7
1848	146	23	2024	835.8
1849	146	24	2014	27.4
1850	146	24	2015	27.8
1851	146	24	2016	17.5
1852	146	24	2017	14.2
1853	146	24	2018	1.6
1854	146	24	2019	2.3
1855	146	24	2020	4.5
1856	146	24	2021	1.4
1857	146	24	2022	2.8
1858	146	24	2023	1.3
1859	146	24	2024	0.9
1860	146	25	2014	433.0
1861	146	25	2015	398.0
1862	146	25	2016	394.3
1863	146	25	2017	385.6
1864	146	25	2018	346.4
1865	146	25	2019	487.0
1866	146	25	2020	439.0
1867	146	25	2021	376.5
1868	146	25	2022	366.3
1869	146	25	2023	419.0
1870	146	25	2024	361.3
1871	146	26	2014	24.5
1872	146	26	2015	22.2
1873	146	26	2016	22.0
1874	146	26	2017	15.5
1875	146	26	2018	12.8
1876	146	26	2019	21.6
1877	146	26	2020	20.6
1878	146	26	2021	14.7
1879	146	26	2022	12.5
1880	146	26	2023	9.8
1881	146	26	2024	13.7
1882	146	27	2014	492.7
1883	146	27	2015	448.2
1884	146	27	2016	567.6
1885	146	27	2017	517.9
1886	146	27	2018	366.5
1887	146	27	2019	461.2
1888	146	27	2020	475.4
1889	146	27	2021	528.2
1890	146	27	2022	469.2
1891	146	27	2023	318.5
1892	146	27	2024	330.6
1893	146	28	2014	224.1
1894	146	28	2015	307.6
1895	146	28	2016	256.1
1896	146	28	2017	150.5
1897	146	28	2018	174.1
1898	146	28	2019	133.9
1899	146	28	2020	283.4
1900	146	28	2021	264.7
1901	146	28	2022	106.5
1902	146	28	2023	103.0
1903	146	28	2024	114.7
1904	146	29	2014	12.8
1905	146	29	2015	9.7
1906	146	29	2016	9.7
1907	146	29	2017	17.3
1908	146	29	2018	13.3
1909	146	29	2019	19.1
1910	146	29	2020	18.6
1911	146	29	2021	16.0
1912	146	29	2022	18.0
1913	146	29	2023	11.2
1914	146	29	2024	14.6
1915	175	1	2014	707.5
1916	175	1	2015	686.6
1917	175	1	2016	548.2
1918	175	1	2017	706.2
1919	175	1	2018	301.2
1920	175	1	2019	664.6
1921	175	1	2020	565.8
1922	175	1	2021	560.9
1923	175	1	2022	586.9
1924	175	1	2023	541.2
1925	175	1	2024	412.0
1926	175	2	2014	13.2
1927	175	2	2015	14.9
1928	175	2	2016	14.7
1929	175	2	2017	18.1
1930	175	2	2018	38.5
1931	175	2	2019	21.2
1932	175	2	2020	22.9
1933	175	2	2021	39.2
1934	175	2	2022	28.2
1935	175	2	2023	15.8
1936	175	2	2024	11.2
1937	175	3	2014	138.2
1938	175	3	2015	160.2
1939	175	3	2016	118.5
1940	175	3	2017	164.6
1941	175	3	2018	87.4
1942	175	3	2019	178.5
1943	175	3	2020	131.3
1944	175	3	2021	132.0
1945	175	3	2022	147.5
1946	175	3	2023	132.0
1947	175	3	2024	111.1
1948	175	4	2014	13.7
1949	175	4	2015	10.0
1950	175	4	2016	6.4
1951	175	4	2017	6.6
1952	175	4	2018	6.0
1953	175	4	2019	6.6
1954	175	4	2020	3.6
1955	175	4	2021	5.0
1956	175	4	2022	4.2
1957	175	4	2023	3.3
1958	175	4	2024	3.6
1959	175	5	2014	158.0
1960	175	5	2015	164.5
1961	175	5	2016	140.6
1962	175	5	2017	169.6
1963	175	5	2018	80.8
1964	175	5	2019	128.1
1965	175	5	2020	114.6
1966	175	5	2021	85.6
1967	175	5	2022	86.9
1968	175	5	2023	70.9
1969	175	5	2024	64.1
1970	175	6	2014	523.8
1971	175	6	2015	582.3
1972	175	6	2016	606.7
1973	175	6	2017	605.9
1974	175	6	2018	610.6
1975	175	6	2019	533.8
1976	175	6	2020	666.2
1977	175	6	2021	533.8
1978	175	6	2022	724.1
1979	175	6	2023	459.6
1980	175	6	2024	460.7
1981	175	7	2014	65.2
1982	175	7	2015	67.9
1983	175	7	2016	82.0
1984	175	7	2017	104.8
1985	175	7	2018	99.3
1986	175	7	2019	80.2
1987	175	7	2020	134.7
1988	175	7	2021	103.9
1989	175	7	2022	130.0
1990	175	7	2023	79.3
1991	175	7	2024	78.3
1992	175	8	2014	36.2
1993	175	8	2015	20.1
1994	175	8	2016	17.7
1995	175	8	2017	14.1
1996	175	8	2018	15.6
1997	175	8	2019	17.0
1998	175	8	2020	12.9
1999	175	8	2021	16.6
2000	175	8	2022	21.4
2001	175	8	2023	10.1
2002	175	8	2024	14.2
2003	175	9	2014	101.1
2004	175	9	2015	105.9
2005	175	9	2016	76.4
2006	175	9	2017	104.8
2007	175	9	2018	61.3
2008	175	9	2019	87.1
2009	175	9	2020	77.3
2010	175	9	2021	75.6
2011	175	9	2022	117.7
2012	175	9	2023	120.6
2013	175	9	2024	79.0
2014	175	10	2014	100.9
2015	175	10	2015	\N
2016	175	10	2016	\N
2017	175	10	2017	\N
2018	175	10	2018	\N
2019	175	10	2019	\N
2020	175	10	2020	\N
2021	175	10	2021	\N
2022	175	10	2022	\N
2023	175	10	2023	\N
2024	175	10	2024	\N
2025	175	11	2014	0.3
2026	175	11	2015	\N
2027	175	11	2016	\N
2028	175	11	2017	\N
2029	175	11	2018	\N
2030	175	11	2019	\N
2031	175	11	2020	\N
2032	175	11	2021	\N
2033	175	11	2022	\N
2034	175	11	2023	\N
2035	175	11	2024	\N
2036	175	12	2014	6.0
2037	175	12	2015	10.3
2038	175	12	2016	11.5
2039	175	12	2017	21.2
2040	175	12	2018	20.8
2041	175	12	2019	17.0
2042	175	12	2020	25.8
2043	175	12	2021	29.2
2044	175	12	2022	42.1
2045	175	12	2023	32.3
2046	175	12	2024	26.3
2047	175	13	2014	1.8
2048	175	13	2015	2.2
2049	175	13	2016	1.7
2050	175	13	2017	2.8
2051	175	13	2018	2.1
2052	175	13	2019	2.0
2053	175	13	2020	4.2
2054	175	13	2021	6.5
2055	175	13	2022	11.9
2056	175	13	2023	9.7
2057	175	13	2024	5.4
2058	175	14	2014	\N
2059	175	14	2015	\N
2060	175	14	2016	\N
2061	175	14	2017	\N
2062	175	14	2018	\N
2063	175	14	2019	\N
2064	175	14	2020	21.6
2065	175	14	2021	22.8
2066	175	14	2022	30.2
2067	175	14	2023	22.6
2068	175	14	2024	20.8
2069	175	15	2014	523.3
2070	175	15	2015	579.7
2071	175	15	2016	581.6
2072	175	15	2017	652.8
2073	175	15	2018	644.3
2074	175	15	2019	644.8
2075	175	15	2020	649.8
2076	175	15	2021	605.7
2077	175	15	2022	741.4
2078	175	15	2023	586.0
2079	175	15	2024	574.3
2080	175	16	2014	511.1
2081	175	16	2015	560.5
2082	175	16	2016	572.5
2083	175	16	2017	641.9
2084	175	16	2018	610.3
2085	175	16	2019	634.6
2086	175	16	2020	637.9
2087	175	16	2021	592.0
2088	175	16	2022	714.9
2089	175	16	2023	566.5
2090	175	16	2024	550.3
2091	175	17	2014	519.5
2092	175	17	2015	503.1
2093	175	17	2016	590.0
2094	175	17	2017	659.8
2095	175	17	2018	557.7
2096	175	17	2019	767.9
2097	175	17	2020	813.5
2098	175	17	2021	683.2
2099	175	17	2022	783.9
2100	175	17	2023	891.3
2101	175	17	2024	933.8
2102	175	18	2014	40.2
2103	175	18	2015	40.2
2104	175	18	2016	42.3
2105	175	18	2017	58.8
2106	175	18	2018	32.9
2107	175	18	2019	56.8
2108	175	18	2020	57.0
2109	175	18	2021	60.3
2110	175	18	2022	55.0
2111	175	18	2023	55.4
2112	175	18	2024	56.0
2113	175	19	2014	245.6
2114	175	19	2015	301.5
2115	175	19	2016	364.0
2116	175	19	2017	381.6
2117	175	19	2018	369.2
2118	175	19	2019	474.7
2119	175	19	2020	547.6
2120	175	19	2021	459.1
2121	175	19	2022	570.2
2122	175	19	2023	668.9
2123	175	19	2024	712.0
2124	175	20	2014	162.2
2125	175	20	2015	95.1
2126	175	20	2016	102.3
2127	175	20	2017	168.2
2128	175	20	2018	91.5
2129	175	20	2019	127.3
2130	175	20	2020	111.6
2131	175	20	2021	77.7
2132	175	20	2022	68.6
2133	175	20	2023	58.0
2134	175	20	2024	43.4
2135	175	21	2014	0.8
2136	175	21	2015	0.6
2137	175	21	2016	0.5
2138	175	21	2017	0.0
2139	175	21	2018	0.0
2140	175	21	2019	0.0
2141	175	21	2020	0.0
2142	175	21	2021	0.0
2143	175	21	2022	0.0
2144	175	21	2023	0.0
2145	175	21	2024	0.0
2146	175	22	2014	70.7
2147	175	22	2015	65.8
2148	175	22	2016	80.9
2149	175	22	2017	51.1
2150	175	22	2018	64.1
2151	175	22	2019	109.0
2152	175	22	2020	97.3
2153	175	22	2021	86.0
2154	175	22	2022	90.1
2155	175	22	2023	109.0
2156	175	22	2024	122.4
2157	175	23	2014	8531.4
2158	175	23	2015	7996.7
2159	175	23	2016	9213.0
2160	175	23	2017	8065.5
2161	175	23	2018	7248.2
2162	175	23	2019	7997.6
2163	175	23	2020	8142.9
2164	175	23	2021	7493.2
2165	175	23	2022	7284.1
2166	175	23	2023	7493.2
2167	175	23	2024	7404.3
2168	175	24	2014	102.0
2169	175	24	2015	50.2
2170	175	24	2016	42.6
2171	175	24	2017	38.9
2172	175	24	2018	10.5
2173	175	24	2019	15.4
2174	175	24	2020	21.1
2175	175	24	2021	12.2
2176	175	24	2022	7.1
2177	175	24	2023	5.5
2178	175	24	2024	3.7
2179	175	25	2014	3214.9
2180	175	25	2015	2608.5
2181	175	25	2016	3325.2
2182	175	25	2017	2875.6
2183	175	25	2018	2982.1
2184	175	25	2019	3213.7
2185	175	25	2020	3210.9
2186	175	25	2021	2851.2
2187	175	25	2022	2847.7
2188	175	25	2023	3398.6
2189	175	25	2024	3091.6
2190	175	26	2014	381.3
2191	175	26	2015	307.7
2192	175	26	2016	333.1
2193	175	26	2017	233.7
2194	175	26	2018	211.5
2195	175	26	2019	293.8
2196	175	26	2020	292.2
2197	175	26	2021	229.7
2198	175	26	2022	258.9
2199	175	26	2023	211.9
2200	175	26	2024	263.1
2201	175	27	2014	4040.8
2202	175	27	2015	3982.1
2203	175	27	2016	4360.0
2204	175	27	2017	4245.6
2205	175	27	2018	3273.3
2206	175	27	2019	3724.2
2207	175	27	2020	3904.1
2208	175	27	2021	3633.0
2209	175	27	2022	3606.3
2210	175	27	2023	3517.3
2211	175	27	2024	3640.9
2212	175	28	2014	613.8
2213	175	28	2015	880.9
2214	175	28	2016	978.4
2215	175	28	2017	543.8
2216	175	28	2018	663.1
2217	175	28	2019	596.7
2218	175	28	2020	566.3
2219	175	28	2021	642.5
2220	175	28	2022	415.6
2221	175	28	2023	269.6
2222	175	28	2024	293.0
2223	175	29	2014	178.6
2224	175	29	2015	167.3
2225	175	29	2016	167.3
2226	175	29	2017	127.9
2227	175	29	2018	107.6
2228	175	29	2019	153.9
2229	175	29	2020	148.2
2230	175	29	2021	124.6
2231	175	29	2022	148.6
2232	175	29	2023	90.2
2233	175	29	2024	111.9
2234	204	1	2014	1318.3
2235	204	1	2015	1274.3
2236	204	1	2016	994.7
2237	204	1	2017	1258.8
2238	204	1	2018	673.1
2239	204	1	2019	1194.7
2240	204	1	2020	1040.3
2241	204	1	2021	1013.3
2242	204	1	2022	1057.6
2243	204	1	2023	890.8
2244	204	1	2024	787.5
2245	204	2	2014	24.5
2246	204	2	2015	21.7
2247	204	2	2016	25.9
2248	204	2	2017	18.8
2249	204	2	2018	28.7
2250	204	2	2019	16.3
2251	204	2	2020	19.0
2252	204	2	2021	26.8
2253	204	2	2022	22.5
2254	204	2	2023	12.6
2255	204	2	2024	7.6
2256	204	3	2014	242.3
2257	204	3	2015	291.4
2258	204	3	2016	206.7
2259	204	3	2017	265.9
2260	204	3	2018	183.2
2261	204	3	2019	333.0
2262	204	3	2020	253.7
2263	204	3	2021	244.9
2264	204	3	2022	247.8
2265	204	3	2023	207.3
2266	204	3	2024	223.9
2267	204	4	2014	40.6
2268	204	4	2015	32.1
2269	204	4	2016	20.0
2270	204	4	2017	25.6
2271	204	4	2018	16.4
2272	204	4	2019	22.1
2273	204	4	2020	18.0
2274	204	4	2021	20.5
2275	204	4	2022	14.1
2276	204	4	2023	12.2
2277	204	4	2024	9.4
2278	204	5	2014	294.1
2279	204	5	2015	303.6
2280	204	5	2016	250.2
2281	204	5	2017	320.9
2282	204	5	2018	169.1
2283	204	5	2019	278.5
2284	204	5	2020	250.3
2285	204	5	2021	205.4
2286	204	5	2022	181.8
2287	204	5	2023	150.5
2288	204	5	2024	151.6
2289	204	6	2014	870.6
2290	204	6	2015	901.9
2291	204	6	2016	1072.9
2292	204	6	2017	981.1
2293	204	6	2018	955.1
2294	204	6	2019	898.8
2295	204	6	2020	1126.5
2296	204	6	2021	987.3
2297	204	6	2022	1189.7
2298	204	6	2023	740.6
2299	204	6	2024	902.2
2300	204	7	2014	55.3
2301	204	7	2015	68.6
2302	204	7	2016	95.5
2303	204	7	2017	101.1
2304	204	7	2018	91.4
2305	204	7	2019	77.9
2306	204	7	2020	123.5
2307	204	7	2021	110.7
2308	204	7	2022	123.4
2309	204	7	2023	74.8
2310	204	7	2024	88.3
2311	204	8	2014	22.1
2312	204	8	2015	16.1
2313	204	8	2016	13.2
2314	204	8	2017	15.0
2315	204	8	2018	12.3
2316	204	8	2019	13.7
2317	204	8	2020	14.6
2318	204	8	2021	17.0
2319	204	8	2022	20.4
2320	204	8	2023	15.0
2321	204	8	2024	20.4
2322	204	9	2014	177.7
2323	204	9	2015	228.0
2324	204	9	2016	127.0
2325	204	9	2017	192.3
2326	204	9	2018	138.8
2327	204	9	2019	212.7
2328	204	9	2020	138.9
2329	204	9	2021	173.4
2330	204	9	2022	227.1
2331	204	9	2023	224.5
2332	204	9	2024	191.1
2333	204	10	2014	177.3
2334	204	10	2015	\N
2335	204	10	2016	\N
2336	204	10	2017	\N
2337	204	10	2018	\N
2338	204	10	2019	\N
2339	204	10	2020	\N
2340	204	10	2021	\N
2341	204	10	2022	\N
2342	204	10	2023	\N
2343	204	10	2024	\N
2344	204	11	2014	0.4
2345	204	11	2015	\N
2346	204	11	2016	\N
2347	204	11	2017	\N
2348	204	11	2018	\N
2349	204	11	2019	\N
2350	204	11	2020	\N
2351	204	11	2021	\N
2352	204	11	2022	\N
2353	204	11	2023	\N
2354	204	11	2024	\N
2355	204	12	2014	11.6
2356	204	12	2015	15.1
2357	204	12	2016	17.5
2358	204	12	2017	26.5
2359	204	12	2018	24.7
2360	204	12	2019	23.2
2361	204	12	2020	28.7
2362	204	12	2021	34.0
2363	204	12	2022	51.8
2364	204	12	2023	42.3
2365	204	12	2024	37.2
2366	204	13	2014	6.1
2367	204	13	2015	6.8
2368	204	13	2016	5.9
2369	204	13	2017	6.5
2370	204	13	2018	3.8
2371	204	13	2019	3.9
2372	204	13	2020	5.6
2373	204	13	2021	5.3
2374	204	13	2022	13.2
2375	204	13	2023	13.8
2376	204	13	2024	9.9
2377	204	14	2014	\N
2378	204	14	2015	\N
2379	204	14	2016	\N
2380	204	14	2017	\N
2381	204	14	2018	\N
2382	204	14	2019	\N
2383	204	14	2020	23.1
2384	204	14	2021	28.7
2385	204	14	2022	38.6
2386	204	14	2023	28.5
2387	204	14	2024	27.3
2388	204	15	2014	900.2
2389	204	15	2015	892.9
2390	204	15	2016	984.1
2391	204	15	2017	1096.1
2392	204	15	2018	1154.3
2393	204	15	2019	1096.7
2394	204	15	2020	1005.1
2395	204	15	2021	985.1
2396	204	15	2022	1103.6
2397	204	15	2023	902.1
2398	204	15	2024	1043.6
2399	204	16	2014	867.5
2400	204	16	2015	863.7
2401	204	16	2016	967.2
2402	204	16	2017	1067.3
2403	204	16	2018	1076.0
2404	204	16	2019	1065.5
2405	204	16	2020	984.2
2406	204	16	2021	963.0
2407	204	16	2022	1069.2
2408	204	16	2023	872.3
2409	204	16	2024	1003.9
2410	204	17	2014	1031.0
2411	204	17	2015	989.4
2412	204	17	2016	1057.6
2413	204	17	2017	1112.0
2414	204	17	2018	956.6
2415	204	17	2019	1242.1
2416	204	17	2020	1428.3
2417	204	17	2021	1189.1
2418	204	17	2022	1316.9
2419	204	17	2023	1425.8
2420	204	17	2024	1563.3
2421	204	18	2014	88.1
2422	204	18	2015	87.3
2423	204	18	2016	92.8
2424	204	18	2017	135.9
2425	204	18	2018	83.6
2426	204	18	2019	120.1
2427	204	18	2020	130.9
2428	204	18	2021	130.3
2429	204	18	2022	131.5
2430	204	18	2023	152.6
2431	204	18	2024	164.7
2432	204	19	2014	569.9
2433	204	19	2015	602.2
2434	204	19	2016	669.3
2435	204	19	2017	711.3
2436	204	19	2018	724.0
2437	204	19	2019	896.3
2438	204	19	2020	1083.9
2439	204	19	2021	911.2
2440	204	19	2022	1037.4
2441	204	19	2023	1107.1
2442	204	19	2024	1239.7
2443	204	20	2014	249.2
2444	204	20	2015	181.9
2445	204	20	2016	181.3
2446	204	20	2017	197.3
2447	204	20	2018	106.4
2448	204	20	2019	165.0
2449	204	20	2020	143.1
2450	204	20	2021	67.6
2451	204	20	2022	57.4
2452	204	20	2023	46.3
2453	204	20	2024	44.1
2454	204	21	2014	0.8
2455	204	21	2015	0.4
2456	204	21	2016	0.3
2457	204	21	2017	0.0
2458	204	21	2018	0.0
2459	204	21	2019	0.0
2460	204	21	2020	0.0
2461	204	21	2021	0.0
2462	204	21	2022	0.0
2463	204	21	2023	0.0
2464	204	21	2024	0.0
2465	204	22	2014	123.0
2466	204	22	2015	117.7
2467	204	22	2016	114.0
2468	204	22	2017	67.6
2469	204	22	2018	42.5
2470	204	22	2019	60.7
2471	204	22	2020	70.4
2472	204	22	2021	80.0
2473	204	22	2022	90.7
2474	204	22	2023	119.8
2475	204	22	2024	114.8
2476	204	23	2014	8900.1
2477	204	23	2015	7400.1
2478	204	23	2016	7737.6
2479	204	23	2017	7555.5
2480	204	23	2018	5956.9
2481	204	23	2019	6991.4
2482	204	23	2020	7057.3
2483	204	23	2021	6866.7
2484	204	23	2022	6576.6
2485	204	23	2023	6908.9
2486	204	23	2024	7007.1
2487	204	24	2014	46.2
2488	204	24	2015	19.5
2489	204	24	2016	13.7
2490	204	24	2017	17.1
2491	204	24	2018	3.5
2492	204	24	2019	6.9
2493	204	24	2020	5.8
2494	204	24	2021	5.0
2495	204	24	2022	3.8
2496	204	24	2023	2.9
2497	204	24	2024	6.0
2498	204	25	2014	2230.0
2499	204	25	2015	1323.5
2500	204	25	2016	1637.7
2501	204	25	2017	1827.6
2502	204	25	2018	1677.8
2503	204	25	2019	2104.1
2504	204	25	2020	2147.5
2505	204	25	2021	2001.4
2506	204	25	2022	1855.3
2507	204	25	2023	2208.2
2508	204	25	2024	2031.4
2509	204	26	2014	358.5
2510	204	26	2015	289.7
2511	204	26	2016	309.1
2512	204	26	2017	284.4
2513	204	26	2018	204.2
2514	204	26	2019	340.1
2515	204	26	2020	280.9
2516	204	26	2021	227.9
2517	204	26	2022	264.8
2518	204	26	2023	272.4
2519	204	26	2024	316.9
2520	204	27	2014	5023.9
2521	204	27	2015	4239.8
2522	204	27	2016	4418.7
2523	204	27	2017	4441.7
2524	204	27	2018	2920.1
2525	204	27	2019	3785.6
2526	204	27	2020	3811.4
2527	204	27	2021	3862.3
2528	204	27	2022	3768.3
2529	204	27	2023	3704.2
2530	204	27	2024	3856.6
2531	204	28	2014	1052.1
2532	204	28	2015	1354.2
2533	204	28	2016	1174.3
2534	204	28	2017	832.5
2535	204	28	2018	1047.9
2536	204	28	2019	604.5
2537	204	28	2020	673.8
2538	204	28	2021	653.0
2539	204	28	2022	542.5
2540	204	28	2023	628.5
2541	204	28	2024	686.3
2542	204	29	2014	189.4
2543	204	29	2015	173.4
2544	204	29	2016	173.4
2545	204	29	2017	152.2
2546	204	29	2018	103.4
2547	204	29	2019	150.2
2548	204	29	2020	138.0
2549	204	29	2021	117.1
2550	204	29	2022	141.9
2551	204	29	2023	92.7
2552	204	29	2024	110.1
2553	233	1	2014	897.0
2554	233	1	2015	851.9
2555	233	1	2016	678.4
2556	233	1	2017	826.2
2557	233	1	2018	430.0
2558	233	1	2019	798.3
2559	233	1	2020	702.6
2560	233	1	2021	684.5
2561	233	1	2022	703.8
2562	233	1	2023	592.4
2563	233	1	2024	550.8
2564	233	2	2014	12.8
2565	233	2	2015	11.0
2566	233	2	2016	15.2
2567	233	2	2017	9.5
2568	233	2	2018	18.1
2569	233	2	2019	7.9
2570	233	2	2020	9.4
2571	233	2	2021	11.1
2572	233	2	2022	8.7
2573	233	2	2023	4.4
2574	233	2	2024	3.3
2575	233	3	2014	106.8
2576	233	3	2015	116.2
2577	233	3	2016	82.3
2578	233	3	2017	104.8
2579	233	3	2018	71.8
2580	233	3	2019	148.6
2581	233	3	2020	116.1
2582	233	3	2021	119.3
2583	233	3	2022	112.0
2584	233	3	2023	92.6
2585	233	3	2024	117.5
2586	233	4	2014	24.0
2587	233	4	2015	21.1
2588	233	4	2016	15.0
2589	233	4	2017	19.0
2590	233	4	2018	13.5
2591	233	4	2019	17.1
2592	233	4	2020	13.5
2593	233	4	2021	17.2
2594	233	4	2022	10.1
2595	233	4	2023	9.5
2596	233	4	2024	7.6
2597	233	5	2014	209.3
2598	233	5	2015	201.8
2599	233	5	2016	165.1
2600	233	5	2017	204.7
2601	233	5	2018	107.9
2602	233	5	2019	190.2
2603	233	5	2020	181.1
2604	233	5	2021	145.8
2605	233	5	2022	123.4
2606	233	5	2023	104.0
2607	233	5	2024	106.9
2608	233	6	2014	300.1
2609	233	6	2015	316.3
2610	233	6	2016	395.1
2611	233	6	2017	364.3
2612	233	6	2018	398.6
2613	233	6	2019	346.2
2614	233	6	2020	438.6
2615	233	6	2021	395.2
2616	233	6	2022	483.2
2617	233	6	2023	271.8
2618	233	6	2024	361.0
2619	233	7	2014	25.9
2620	233	7	2015	26.7
2621	233	7	2016	30.8
2622	233	7	2017	39.6
2623	233	7	2018	40.0
2624	233	7	2019	33.3
2625	233	7	2020	52.1
2626	233	7	2021	45.3
2627	233	7	2022	51.2
2628	233	7	2023	28.9
2629	233	7	2024	37.0
2630	233	8	2014	7.8
2631	233	8	2015	6.6
2632	233	8	2016	5.9
2633	233	8	2017	6.2
2634	233	8	2018	6.2
2635	233	8	2019	6.2
2636	233	8	2020	4.0
2637	233	8	2021	6.9
2638	233	8	2022	6.3
2639	233	8	2023	4.2
2640	233	8	2024	6.1
2641	233	9	2014	122.7
2642	233	9	2015	157.0
2643	233	9	2016	87.8
2644	233	9	2017	121.9
2645	233	9	2018	86.8
2646	233	9	2019	130.7
2647	233	9	2020	92.5
2648	233	9	2021	117.7
2649	233	9	2022	146.7
2650	233	9	2023	140.6
2651	233	9	2024	123.0
2652	233	10	2014	122.5
2653	233	10	2015	\N
2654	233	10	2016	\N
2655	233	10	2017	\N
2656	233	10	2018	\N
2657	233	10	2019	\N
2658	233	10	2020	\N
2659	233	10	2021	\N
2660	233	10	2022	\N
2661	233	10	2023	\N
2662	233	10	2024	\N
2663	233	11	2014	0.2
2664	233	11	2015	\N
2665	233	11	2016	\N
2666	233	11	2017	\N
2667	233	11	2018	\N
2668	233	11	2019	\N
2669	233	11	2020	\N
2670	233	11	2021	\N
2671	233	11	2022	\N
2672	233	11	2023	\N
2673	233	11	2024	\N
2674	233	12	2014	6.1
2675	233	12	2015	6.6
2676	233	12	2016	6.1
2677	233	12	2017	14.1
2678	233	12	2018	13.8
2679	233	12	2019	11.9
2680	233	12	2020	14.7
2681	233	12	2021	16.7
2682	233	12	2022	25.4
2683	233	12	2023	19.1
2684	233	12	2024	20.1
2685	233	13	2014	2.4
2686	233	13	2015	1.8
2687	233	13	2016	1.3
2688	233	13	2017	2.6
2689	233	13	2018	1.6
2690	233	13	2019	1.6
2691	233	13	2020	2.8
2692	233	13	2021	3.2
2693	233	13	2022	5.8
2694	233	13	2023	6.0
2695	233	13	2024	5.6
2696	233	14	2014	\N
2697	233	14	2015	\N
2698	233	14	2016	\N
2699	233	14	2017	\N
2700	233	14	2018	\N
2701	233	14	2019	\N
2702	233	14	2020	11.9
2703	233	14	2021	13.4
2704	233	14	2022	19.7
2705	233	14	2023	13.1
2706	233	14	2024	14.5
2707	233	15	2014	466.8
2708	233	15	2015	446.6
2709	233	15	2016	515.0
2710	233	15	2017	572.6
2711	233	15	2018	606.1
2712	233	15	2019	574.5
2713	233	15	2020	524.8
2714	233	15	2021	506.3
2715	233	15	2022	572.4
2716	233	15	2023	465.5
2717	233	15	2024	544.4
2718	233	16	2014	445.4
2719	233	16	2015	424.8
2720	233	16	2016	502.3
2721	233	16	2017	551.8
2722	233	16	2018	549.7
2723	233	16	2019	552.5
2724	233	16	2020	509.1
2725	233	16	2021	488.6
2726	233	16	2022	548.0
2727	233	16	2023	447.1
2728	233	16	2024	518.9
2729	233	17	2014	103.9
2730	233	17	2015	100.9
2731	233	17	2016	110.4
2732	233	17	2017	112.1
2733	233	17	2018	92.1
2734	233	17	2019	115.0
2735	233	17	2020	176.8
2736	233	17	2021	144.9
2737	233	17	2022	168.5
2738	233	17	2023	199.0
2739	233	17	2024	218.7
2740	233	18	2014	6.7
2741	233	18	2015	5.8
2742	233	18	2016	5.1
2743	233	18	2017	11.6
2744	233	18	2018	8.9
2745	233	18	2019	8.4
2746	233	18	2020	3.6
2747	233	18	2021	5.3
2748	233	18	2022	5.5
2749	233	18	2023	7.7
2750	233	18	2024	8.3
2751	233	19	2014	22.6
2752	233	19	2015	28.7
2753	233	19	2016	37.9
2754	233	19	2017	49.0
2755	233	19	2018	47.5
2756	233	19	2019	64.1
2757	233	19	2020	130.6
2758	233	19	2021	98.6
2759	233	19	2022	125.6
2760	233	19	2023	152.0
2761	233	19	2024	171.9
2762	233	20	2014	41.6
2763	233	20	2015	30.7
2764	233	20	2016	38.6
2765	233	20	2017	30.7
2766	233	20	2018	23.7
2767	233	20	2019	20.6
2768	233	20	2020	20.4
2769	233	20	2021	21.1
2770	233	20	2022	17.7
2771	233	20	2023	18.3
2772	233	20	2024	20.4
2773	233	21	2014	0.1
2774	233	21	2015	0.0
2775	233	21	2016	0.0
2776	233	21	2017	0.0
2777	233	21	2018	0.0
2778	233	21	2019	0.0
2779	233	21	2020	0.0
2780	233	21	2021	0.0
2781	233	21	2022	0.0
2782	233	21	2023	0.0
2783	233	21	2024	0.0
2784	233	22	2014	32.8
2785	233	22	2015	35.6
2786	233	22	2016	28.8
2787	233	22	2017	20.8
2788	233	22	2018	12.0
2789	233	22	2019	21.9
2790	233	22	2020	22.2
2791	233	22	2021	19.9
2792	233	22	2022	19.7
2793	233	22	2023	21.0
2794	233	22	2024	18.2
2795	233	23	2014	2545.1
2796	233	23	2015	2203.1
2797	233	23	2016	2250.5
2798	233	23	2017	2146.8
2799	233	23	2018	1765.1
2800	233	23	2019	1939.6
2801	233	23	2020	1889.5
2802	233	23	2021	1907.4
2803	233	23	2022	1846.4
2804	233	23	2023	1952.5
2805	233	23	2024	1946.0
2806	233	24	2014	14.9
2807	233	24	2015	10.3
2808	233	24	2016	5.6
2809	233	24	2017	6.9
2810	233	24	2018	2.2
2811	233	24	2019	5.9
2812	233	24	2020	3.2
2813	233	24	2021	3.6
2814	233	24	2022	2.7
2815	233	24	2023	2.0
2816	233	24	2024	2.7
2817	233	25	2014	535.5
2818	233	25	2015	346.1
2819	233	25	2016	373.4
2820	233	25	2017	407.7
2821	233	25	2018	316.1
2822	233	25	2019	447.7
2823	233	25	2020	426.8
2824	233	25	2021	330.5
2825	233	25	2022	381.8
2826	233	25	2023	496.3
2827	233	25	2024	428.8
2828	233	26	2014	79.0
2829	233	26	2015	67.2
2830	233	26	2016	75.1
2831	233	26	2017	68.6
2832	233	26	2018	45.4
2833	233	26	2019	72.2
2834	233	26	2020	59.5
2835	233	26	2021	55.0
2836	233	26	2022	52.9
2837	233	26	2023	56.4
2838	233	26	2024	59.1
2839	233	27	2014	1369.3
2840	233	27	2015	1162.0
2841	233	27	2016	1234.2
2842	233	27	2017	1353.6
2843	233	27	2018	763.2
2844	233	27	2019	1110.8
2845	233	27	2020	1031.9
2846	233	27	2021	1160.1
2847	233	27	2022	1074.2
2848	233	27	2023	1045.5
2849	233	27	2024	1068.1
2850	233	28	2014	504.9
2851	233	28	2015	582.7
2852	233	28	2016	524.6
2853	233	28	2017	270.3
2854	233	28	2018	614.1
2855	233	28	2019	266.7
2856	233	28	2020	334.2
2857	233	28	2021	329.4
2858	233	28	2022	299.7
2859	233	28	2023	330.6
2860	233	28	2024	361.8
2861	233	29	2014	41.5
2862	233	29	2015	34.8
2863	233	29	2016	34.8
2864	233	29	2017	39.7
2865	233	29	2018	24.2
2866	233	29	2019	36.2
2867	233	29	2020	34.0
2868	233	29	2021	28.8
2869	233	29	2022	35.1
2870	233	29	2023	21.8
2871	233	29	2024	25.4
2872	262	1	2014	421.4
2873	262	1	2015	422.4
2874	262	1	2016	316.4
2875	262	1	2017	432.6
2876	262	1	2018	243.0
2877	262	1	2019	396.5
2878	262	1	2020	337.7
2879	262	1	2021	328.9
2880	262	1	2022	353.8
2881	262	1	2023	298.4
2882	262	1	2024	236.7
2883	262	2	2014	11.7
2884	262	2	2015	10.7
2885	262	2	2016	10.7
2886	262	2	2017	9.3
2887	262	2	2018	10.6
2888	262	2	2019	8.4
2889	262	2	2020	9.6
2890	262	2	2021	15.7
2891	262	2	2022	13.8
2892	262	2	2023	8.2
2893	262	2	2024	4.3
2894	262	3	2014	135.5
2895	262	3	2015	175.3
2896	262	3	2016	124.3
2897	262	3	2017	161.0
2898	262	3	2018	111.4
2899	262	3	2019	184.4
2900	262	3	2020	137.6
2901	262	3	2021	125.5
2902	262	3	2022	135.9
2903	262	3	2023	114.7
2904	262	3	2024	106.4
2905	262	4	2014	16.7
2906	262	4	2015	11.0
2907	262	4	2016	5.0
2908	262	4	2017	6.6
2909	262	4	2018	2.9
2910	262	4	2019	5.0
2911	262	4	2020	4.6
2912	262	4	2021	3.3
2913	262	4	2022	4.0
2914	262	4	2023	2.7
2915	262	4	2024	1.9
2916	262	5	2014	84.8
2917	262	5	2015	101.7
2918	262	5	2016	85.1
2919	262	5	2017	116.2
2920	262	5	2018	61.2
2921	262	5	2019	88.3
2922	262	5	2020	69.2
2923	262	5	2021	59.5
2924	262	5	2022	58.4
2925	262	5	2023	46.5
2926	262	5	2024	44.6
2927	262	6	2014	570.5
2928	262	6	2015	585.6
2929	262	6	2016	677.8
2930	262	6	2017	616.8
2931	262	6	2018	556.5
2932	262	6	2019	552.6
2933	262	6	2020	687.8
2934	262	6	2021	592.1
2935	262	6	2022	706.5
2936	262	6	2023	468.8
2937	262	6	2024	541.2
2938	262	7	2014	29.5
2939	262	7	2015	41.9
2940	262	7	2016	64.7
2941	262	7	2017	61.5
2942	262	7	2018	51.5
2943	262	7	2019	44.5
2944	262	7	2020	71.3
2945	262	7	2021	65.4
2946	262	7	2022	72.2
2947	262	7	2023	45.9
2948	262	7	2024	51.3
2949	262	8	2014	14.3
2950	262	8	2015	9.5
2951	262	8	2016	7.3
2952	262	8	2017	8.7
2953	262	8	2018	6.1
2954	262	8	2019	7.5
2955	262	8	2020	10.6
2956	262	8	2021	10.1
2957	262	8	2022	14.1
2958	262	8	2023	10.7
2959	262	8	2024	14.3
2960	262	9	2014	55.0
2961	262	9	2015	71.1
2962	262	9	2016	39.2
2963	262	9	2017	70.4
2964	262	9	2018	52.0
2965	262	9	2019	81.9
2966	262	9	2020	46.5
2967	262	9	2021	55.6
2968	262	9	2022	80.4
2969	262	9	2023	83.9
2970	262	9	2024	68.1
2971	262	10	2014	54.8
2972	262	10	2015	\N
2973	262	10	2016	\N
2974	262	10	2017	\N
2975	262	10	2018	\N
2976	262	10	2019	\N
2977	262	10	2020	\N
2978	262	10	2021	\N
2979	262	10	2022	\N
2980	262	10	2023	\N
2981	262	10	2024	\N
2982	262	11	2014	0.2
2983	262	11	2015	\N
2984	262	11	2016	\N
2985	262	11	2017	\N
2986	262	11	2018	\N
2987	262	11	2019	\N
2988	262	11	2020	\N
2989	262	11	2021	\N
2990	262	11	2022	\N
2991	262	11	2023	\N
2992	262	11	2024	\N
2993	262	12	2014	5.5
2994	262	12	2015	8.4
2995	262	12	2016	11.5
2996	262	12	2017	12.4
2997	262	12	2018	10.9
2998	262	12	2019	11.3
2999	262	12	2020	14.0
3000	262	12	2021	17.3
3001	262	12	2022	26.4
3002	262	12	2023	23.2
3003	262	12	2024	17.1
3004	262	13	2014	3.7
3005	262	13	2015	5.0
3006	262	13	2016	4.5
3007	262	13	2017	3.9
3008	262	13	2018	2.2
3009	262	13	2019	2.3
3010	262	13	2020	2.8
3011	262	13	2021	2.1
3012	262	13	2022	7.4
3013	262	13	2023	7.8
3014	262	13	2024	4.3
3015	262	14	2014	\N
3016	262	14	2015	\N
3017	262	14	2016	\N
3018	262	14	2017	\N
3019	262	14	2018	\N
3020	262	14	2019	\N
3021	262	14	2020	11.2
3022	262	14	2021	15.2
3023	262	14	2022	19.0
3024	262	14	2023	15.4
3025	262	14	2024	12.8
3026	262	15	2014	433.4
3027	262	15	2015	446.4
3028	262	15	2016	469.1
3029	262	15	2017	523.5
3030	262	15	2018	548.2
3031	262	15	2019	522.3
3032	262	15	2020	480.3
3033	262	15	2021	478.8
3034	262	15	2022	531.1
3035	262	15	2023	436.6
3036	262	15	2024	499.2
3037	262	16	2014	422.1
3038	262	16	2015	438.9
3039	262	16	2016	464.9
3040	262	16	2017	515.5
3041	262	16	2018	526.3
3042	262	16	2019	513.0
3043	262	16	2020	475.1
3044	262	16	2021	474.3
3045	262	16	2022	521.3
3046	262	16	2023	425.2
3047	262	16	2024	485.0
3048	262	17	2014	927.1
3049	262	17	2015	888.5
3050	262	17	2016	947.2
3051	262	17	2017	1000.0
3052	262	17	2018	864.5
3053	262	17	2019	1127.1
3054	262	17	2020	1251.5
3055	262	17	2021	1044.3
3056	262	17	2022	1148.4
3057	262	17	2023	1226.8
3058	262	17	2024	1344.6
3059	262	18	2014	81.4
3060	262	18	2015	81.5
3061	262	18	2016	87.7
3062	262	18	2017	124.2
3063	262	18	2018	74.7
3064	262	18	2019	111.7
3065	262	18	2020	127.3
3066	262	18	2021	124.9
3067	262	18	2022	126.0
3068	262	18	2023	144.9
3069	262	18	2024	156.4
3070	262	19	2014	547.3
3071	262	19	2015	573.5
3072	262	19	2016	631.4
3073	262	19	2017	662.3
3074	262	19	2018	676.6
3075	262	19	2019	832.2
3076	262	19	2020	953.3
3077	262	19	2021	812.7
3078	262	19	2022	911.7
3079	262	19	2023	955.1
3080	262	19	2024	1067.8
3081	262	20	2014	207.5
3082	262	20	2015	151.2
3083	262	20	2016	142.7
3084	262	20	2017	166.6
3085	262	20	2018	82.7
3086	262	20	2019	144.4
3087	262	20	2020	122.7
3088	262	20	2021	46.5
3089	262	20	2022	39.7
3090	262	20	2023	28.0
3091	262	20	2024	23.7
3092	262	21	2014	0.7
3093	262	21	2015	0.4
3094	262	21	2016	0.3
3095	262	21	2017	0.0
3096	262	21	2018	0.0
3097	262	21	2019	0.0
3098	262	21	2020	0.0
3099	262	21	2021	0.0
3100	262	21	2022	0.0
3101	262	21	2023	0.0
3102	262	21	2024	0.0
3103	262	22	2014	90.2
3104	262	22	2015	82.0
3105	262	22	2016	85.1
3106	262	22	2017	46.8
3107	262	22	2018	30.5
3108	262	22	2019	38.8
3109	262	22	2020	48.2
3110	262	22	2021	60.2
3111	262	22	2022	71.0
3112	262	22	2023	98.8
3113	262	22	2024	96.6
3114	262	23	2014	6355.0
3115	262	23	2015	5197.1
3116	262	23	2016	5487.1
3117	262	23	2017	5408.6
3118	262	23	2018	4191.8
3119	262	23	2019	5051.8
3120	262	23	2020	5167.8
3121	262	23	2021	4959.3
3122	262	23	2022	4730.2
3123	262	23	2023	4956.4
3124	262	23	2024	5061.1
3125	262	24	2014	31.4
3126	262	24	2015	9.2
3127	262	24	2016	8.1
3128	262	24	2017	10.2
3129	262	24	2018	1.4
3130	262	24	2019	1.0
3131	262	24	2020	2.6
3132	262	24	2021	1.3
3133	262	24	2022	1.1
3134	262	24	2023	0.9
3135	262	24	2024	3.3
3136	262	25	2014	1694.5
3137	262	25	2015	977.4
3138	262	25	2016	1264.3
3139	262	25	2017	1419.9
3140	262	25	2018	1361.7
3141	262	25	2019	1656.3
3142	262	25	2020	1720.6
3143	262	25	2021	1670.9
3144	262	25	2022	1473.5
3145	262	25	2023	1711.9
3146	262	25	2024	1602.5
3147	262	26	2014	279.5
3148	262	26	2015	222.5
3149	262	26	2016	233.9
3150	262	26	2017	215.8
3151	262	26	2018	158.8
3152	262	26	2019	267.9
3153	262	26	2020	221.4
3154	262	26	2021	173.0
3155	262	26	2022	211.9
3156	262	26	2023	216.1
3157	262	26	2024	257.7
3158	262	27	2014	3654.6
3159	262	27	2015	3077.8
3160	262	27	2016	3184.5
3161	262	27	2017	3088.1
3162	262	27	2018	2156.9
3163	262	27	2019	2674.8
3164	262	27	2020	2779.4
3165	262	27	2021	2702.2
3166	262	27	2022	2694.1
3167	262	27	2023	2658.7
3168	262	27	2024	2788.4
3169	262	28	2014	547.2
3170	262	28	2015	771.5
3171	262	28	2016	649.7
3172	262	28	2017	562.2
3173	262	28	2018	433.8
3174	262	28	2019	337.8
3175	262	28	2020	339.7
3176	262	28	2021	323.6
3177	262	28	2022	242.8
3178	262	28	2023	297.9
3179	262	28	2024	324.4
3180	262	29	2014	147.9
3181	262	29	2015	138.6
3182	262	29	2016	138.6
3183	262	29	2017	112.5
3184	262	29	2018	79.2
3185	262	29	2019	114.0
3186	262	29	2020	104.0
3187	262	29	2021	88.3
3188	262	29	2022	106.8
3189	262	29	2023	70.9
3190	262	29	2024	84.7
3191	291	1	2014	843.9
3192	291	1	2015	798.4
3193	291	1	2016	632.8
3194	291	1	2017	785.0
3195	291	1	2018	437.7
3196	291	1	2019	716.2
3197	291	1	2020	610.7
3198	291	1	2021	620.6
3199	291	1	2022	636.8
3200	291	1	2023	505.6
3201	291	1	2024	470.6
3202	291	2	2014	13.5
3203	291	2	2015	13.9
3204	291	2	2016	20.5
3205	291	2	2017	11.0
3206	291	2	2018	23.4
3207	291	2	2019	10.0
3208	291	2	2020	19.1
3209	291	2	2021	16.6
3210	291	2	2022	9.3
3211	291	2	2023	6.0
3212	291	2	2024	7.1
3213	291	3	2014	178.2
3214	291	3	2015	193.7
3215	291	3	2016	150.4
3216	291	3	2017	179.4
3217	291	3	2018	132.2
3218	291	3	2019	219.6
3219	291	3	2020	175.2
3220	291	3	2021	177.8
3221	291	3	2022	181.6
3222	291	3	2023	161.7
3223	291	3	2024	194.9
3224	291	4	2014	31.0
3225	291	4	2015	28.3
3226	291	4	2016	20.9
3227	291	4	2017	20.8
3228	291	4	2018	12.1
3229	291	4	2019	16.1
3230	291	4	2020	15.8
3231	291	4	2021	20.4
3232	291	4	2022	12.9
3233	291	4	2023	10.6
3234	291	4	2024	9.2
3235	291	5	2014	111.3
3236	291	5	2015	133.1
3237	291	5	2016	115.9
3238	291	5	2017	153.0
3239	291	5	2018	84.6
3240	291	5	2019	126.0
3241	291	5	2020	111.5
3242	291	5	2021	95.8
3243	291	5	2022	86.2
3244	291	5	2023	73.6
3245	291	5	2024	67.2
3246	291	6	2014	372.1
3247	291	6	2015	420.7
3248	291	6	2016	509.4
3249	291	6	2017	460.6
3250	291	6	2018	474.4
3251	291	6	2019	408.5
3252	291	6	2020	564.3
3253	291	6	2021	483.9
3254	291	6	2022	548.9
3255	291	6	2023	324.6
3256	291	6	2024	481.2
3257	291	7	2014	59.5
3258	291	7	2015	60.9
3259	291	7	2016	85.9
3260	291	7	2017	97.8
3261	291	7	2018	79.8
3262	291	7	2019	70.9
3263	291	7	2020	110.0
3264	291	7	2021	82.4
3265	291	7	2022	82.2
3266	291	7	2023	51.2
3267	291	7	2024	60.1
3268	291	8	2014	1.1
3269	291	8	2015	0.8
3270	291	8	2016	1.0
3271	291	8	2017	0.9
3272	291	8	2018	1.7
3273	291	8	2019	1.5
3274	291	8	2020	1.5
3275	291	8	2021	2.0
3276	291	8	2022	2.1
3277	291	8	2023	2.0
3278	291	8	2024	3.9
3279	291	9	2014	101.2
3280	291	9	2015	137.3
3281	291	9	2016	76.3
3282	291	9	2017	121.0
3283	291	9	2018	71.4
3284	291	9	2019	137.4
3285	291	9	2020	73.3
3286	291	9	2021	114.6
3287	291	9	2022	152.0
3288	291	9	2023	143.6
3289	291	9	2024	127.9
3290	291	10	2014	100.9
3291	291	10	2015	\N
3292	291	10	2016	\N
3293	291	10	2017	\N
3294	291	10	2018	\N
3295	291	10	2019	\N
3296	291	10	2020	\N
3297	291	10	2021	\N
3298	291	10	2022	\N
3299	291	10	2023	\N
3300	291	10	2024	\N
3301	291	11	2014	0.2
3302	291	11	2015	\N
3303	291	11	2016	\N
3304	291	11	2017	\N
3305	291	11	2018	\N
3306	291	11	2019	\N
3307	291	11	2020	\N
3308	291	11	2021	\N
3309	291	11	2022	\N
3310	291	11	2023	\N
3311	291	11	2024	\N
3312	291	12	2014	3.2
3313	291	12	2015	8.0
3314	291	12	2016	8.3
3315	291	12	2017	12.4
3316	291	12	2018	16.4
3317	291	12	2019	16.7
3318	291	12	2020	19.0
3319	291	12	2021	18.9
3320	291	12	2022	26.5
3321	291	12	2023	25.3
3322	291	12	2024	20.8
3323	291	13	2014	1.6
3324	291	13	2015	3.1
3325	291	13	2016	2.5
3326	291	13	2017	2.2
3327	291	13	2018	2.5
3328	291	13	2019	3.2
3329	291	13	2020	2.5
3330	291	13	2021	4.7
3331	291	13	2022	10.6
3332	291	13	2023	12.7
3333	291	13	2024	7.7
3334	291	14	2014	\N
3335	291	14	2015	\N
3336	291	14	2016	\N
3337	291	14	2017	\N
3338	291	14	2018	\N
3339	291	14	2019	\N
3340	291	14	2020	16.5
3341	291	14	2021	14.2
3342	291	14	2022	15.9
3343	291	14	2023	12.6
3344	291	14	2024	13.1
3345	291	15	2014	474.5
3346	291	15	2015	508.8
3347	291	15	2016	506.0
3348	291	15	2017	585.0
3349	291	15	2018	672.1
3350	291	15	2019	541.7
3351	291	15	2020	620.4
3352	291	15	2021	555.8
3353	291	15	2022	584.2
3354	291	15	2023	478.2
3355	291	15	2024	633.7
3356	291	16	2014	458.9
3357	291	16	2015	482.4
3358	291	16	2016	496.5
3359	291	16	2017	565.4
3360	291	16	2018	634.1
3361	291	16	2019	523.2
3362	291	16	2020	604.3
3363	291	16	2021	540.2
3364	291	16	2022	561.2
3365	291	16	2023	448.3
3366	291	16	2024	596.7
3367	291	17	2014	449.9
3368	291	17	2015	474.9
3369	291	17	2016	511.3
3370	291	17	2017	525.5
3371	291	17	2018	442.8
3372	291	17	2019	537.4
3373	291	17	2020	637.0
3374	291	17	2021	606.4
3375	291	17	2022	636.8
3376	291	17	2023	673.4
3377	291	17	2024	740.0
3378	291	18	2014	16.7
3379	291	18	2015	15.3
3380	291	18	2016	17.8
3381	291	18	2017	25.8
3382	291	18	2018	22.2
3383	291	18	2019	36.6
3384	291	18	2020	54.8
3385	291	18	2021	42.1
3386	291	18	2022	45.8
3387	291	18	2023	51.5
3388	291	18	2024	54.4
3389	291	19	2014	201.7
3390	291	19	2015	238.3
3391	291	19	2016	247.8
3392	291	19	2017	257.8
3393	291	19	2018	238.4
3394	291	19	2019	295.9
3395	291	19	2020	438.7
3396	291	19	2021	452.9
3397	291	19	2022	478.0
3398	291	19	2023	478.6
3399	291	19	2024	538.4
3400	291	20	2014	75.0
3401	291	20	2015	82.3
3402	291	20	2016	102.9
3403	291	20	2017	85.9
3404	291	20	2018	44.3
3405	291	20	2019	72.1
3406	291	20	2020	47.5
3407	291	20	2021	25.4
3408	291	20	2022	28.8
3409	291	20	2023	33.4
3410	291	20	2024	33.1
3411	291	21	2014	0.3
3412	291	21	2015	0.5
3413	291	21	2016	0.2
3414	291	21	2017	0.0
3415	291	21	2018	0.0
3416	291	21	2019	0.0
3417	291	21	2020	0.0
3418	291	21	2021	0.0
3419	291	21	2022	0.0
3420	291	21	2023	0.0
3421	291	21	2024	0.0
3422	291	22	2014	156.3
3423	291	22	2015	138.5
3424	291	22	2016	142.5
3425	291	22	2017	156.0
3426	291	22	2018	137.9
3427	291	22	2019	132.8
3428	291	22	2020	96.0
3429	291	22	2021	86.0
3430	291	22	2022	84.3
3431	291	22	2023	109.8
3432	291	22	2024	114.0
3433	291	23	2014	5876.5
3434	291	23	2015	5672.9
3435	291	23	2016	6184.2
3436	291	23	2017	6031.6
3437	291	23	2018	4919.7
3438	291	23	2019	5439.6
3439	291	23	2020	5597.0
3440	291	23	2021	5232.0
3441	291	23	2022	5039.8
3442	291	23	2023	5028.2
3443	291	23	2024	5075.5
3444	291	24	2014	20.8
3445	291	24	2015	7.8
3446	291	24	2016	8.0
3447	291	24	2017	4.9
3448	291	24	2018	1.8
3449	291	24	2019	4.0
3450	291	24	2020	3.9
3451	291	24	2021	2.6
3452	291	24	2022	3.1
3453	291	24	2023	2.1
3454	291	24	2024	1.2
3455	291	25	2014	1364.3
3456	291	25	2015	913.3
3457	291	25	2016	1025.3
3458	291	25	2017	1043.7
3459	291	25	2018	1044.3
3460	291	25	2019	1233.7
3461	291	25	2020	1323.6
3462	291	25	2021	1283.7
3463	291	25	2022	1253.9
3464	291	25	2023	1440.1
3465	291	25	2024	1350.8
3466	291	26	2014	359.8
3467	291	26	2015	344.9
3468	291	26	2016	398.6
3469	291	26	2017	331.2
3470	291	26	2018	312.5
3471	291	26	2019	330.0
3472	291	26	2020	322.0
3473	291	26	2021	252.1
3474	291	26	2022	300.3
3475	291	26	2023	211.7
3476	291	26	2024	229.1
3477	291	27	2014	3228.7
3478	291	27	2015	3002.6
3479	291	27	2016	3470.6
3480	291	27	2017	3653.3
3481	291	27	2018	2570.9
3482	291	27	2019	3258.4
3483	291	27	2020	3265.4
3484	291	27	2021	3117.7
3485	291	27	2022	2969.4
3486	291	27	2023	2981.1
3487	291	27	2024	3059.3
3488	291	28	2014	738.9
3489	291	28	2015	1238.7
3490	291	28	2016	1109.1
3491	291	28	2017	871.2
3492	291	28	2018	877.4
3493	291	28	2019	451.8
3494	291	28	2020	524.6
3495	291	28	2021	441.9
3496	291	28	2022	352.2
3497	291	28	2023	300.8
3498	291	28	2024	330.7
3499	291	29	2014	164.0
3500	291	29	2015	165.6
3501	291	29	2016	165.6
3502	291	29	2017	127.3
3503	291	29	2018	112.9
3504	291	29	2019	161.8
3505	291	29	2020	157.6
3506	291	29	2021	134.0
3507	291	29	2022	160.9
3508	291	29	2023	92.3
3509	291	29	2024	104.4
\.


--
-- Data for Name: regions; Type: TABLE DATA; Schema: public; Owner: andersskibsted
--

COPY public.regions (id, name) FROM stdin;
1	Region Hovedstaden
30	Landsdelene Byen København, Københavns omegn og Nordsjælland
59	Landsdel Bornholm
88	Region Sjælland
117	Region Syddanmark
146	Landsdel Fyn
175	Landsdel Sydjylland
204	Region Midtjylland
233	Landsdel Østjylland
262	Landsdel Vestjylland
291	Region Nordjylland
\.


--
-- Name: crops_id_seq; Type: SEQUENCE SET; Schema: public; Owner: andersskibsted
--

SELECT pg_catalog.setval('public.crops_id_seq', 319, true);


--
-- Name: production_id_seq; Type: SEQUENCE SET; Schema: public; Owner: andersskibsted
--

SELECT pg_catalog.setval('public.production_id_seq', 3509, true);


--
-- Name: regions_id_seq; Type: SEQUENCE SET; Schema: public; Owner: andersskibsted
--

SELECT pg_catalog.setval('public.regions_id_seq', 319, true);


--
-- Name: crops crops_name_key; Type: CONSTRAINT; Schema: public; Owner: andersskibsted
--

ALTER TABLE ONLY public.crops
    ADD CONSTRAINT crops_name_key UNIQUE (name);


--
-- Name: crops crops_pkey; Type: CONSTRAINT; Schema: public; Owner: andersskibsted
--

ALTER TABLE ONLY public.crops
    ADD CONSTRAINT crops_pkey PRIMARY KEY (id);


--
-- Name: production production_pkey; Type: CONSTRAINT; Schema: public; Owner: andersskibsted
--

ALTER TABLE ONLY public.production
    ADD CONSTRAINT production_pkey PRIMARY KEY (id);


--
-- Name: regions regions_name_key; Type: CONSTRAINT; Schema: public; Owner: andersskibsted
--

ALTER TABLE ONLY public.regions
    ADD CONSTRAINT regions_name_key UNIQUE (name);


--
-- Name: regions regions_pkey; Type: CONSTRAINT; Schema: public; Owner: andersskibsted
--

ALTER TABLE ONLY public.regions
    ADD CONSTRAINT regions_pkey PRIMARY KEY (id);


--
-- Name: production production_crop_id_fkey; Type: FK CONSTRAINT; Schema: public; Owner: andersskibsted
--

ALTER TABLE ONLY public.production
    ADD CONSTRAINT production_crop_id_fkey FOREIGN KEY (crop_id) REFERENCES public.crops(id);


--
-- Name: production production_region_id_fkey; Type: FK CONSTRAINT; Schema: public; Owner: andersskibsted
--

ALTER TABLE ONLY public.production
    ADD CONSTRAINT production_region_id_fkey FOREIGN KEY (region_id) REFERENCES public.regions(id);


--
-- Name: SCHEMA public; Type: ACL; Schema: -; Owner: andersskibsted
--

REVOKE USAGE ON SCHEMA public FROM PUBLIC;


--
-- PostgreSQL database dump complete
--

\unrestrict 6kukninBrNBzgEH77xDueXgkg54KLzNqKjJ8bQ3JK752Y5sT4jGZaSGaOUeWPAm

